# Blender 4.0.2
# www.blender.org
mtllib スポットライト.mtl
o スポットライト本体
v 1.103549 -2.822325 -8.531968
v 1.097186 -2.814713 -8.658030
v 1.078254 -2.792064 -8.780988
v 1.047220 -2.754935 -8.897814
v 1.004847 -2.704242 -9.005631
v 0.952178 -2.641231 -9.101786
v 0.890512 -2.567455 -9.183909
v 0.821365 -2.484730 -9.249980
v 0.746441 -2.395094 -9.298371
v 0.667584 -2.300753 -9.327890
v 0.586737 -2.204030 -9.337812
v 0.505890 -2.107307 -9.327890
v 0.427033 -2.012966 -9.298371
v 0.352109 -1.923329 -9.249980
v 0.282962 -1.840605 -9.183909
v 0.221296 -1.766829 -9.101786
v 0.168627 -1.703818 -9.005631
v 0.126254 -1.653124 -8.897814
v 0.095219 -1.615996 -8.780988
v 0.076288 -1.593346 -8.658031
v 0.069925 -1.585734 -8.531968
v 0.076288 -1.593346 -8.405907
v 0.095219 -1.615995 -8.282948
v 0.126254 -1.653124 -8.166122
v 0.168627 -1.703818 -8.058305
v 0.221296 -1.766828 -7.962151
v 0.282962 -1.840604 -7.880027
v 0.352109 -1.923329 -7.813956
v 0.427033 -2.012966 -7.765565
v 0.505890 -2.107307 -7.736045
v 0.586737 -2.204030 -7.726124
v 0.667584 -2.300752 -7.736045
v 0.746441 -2.395093 -7.765565
v 0.821365 -2.484730 -7.813956
v 0.890511 -2.567455 -7.880027
v 0.952178 -2.641231 -7.962151
v 1.004847 -2.704241 -8.058305
v 1.047220 -2.754935 -8.166122
v 1.078254 -2.792064 -8.282948
v 1.097186 -2.814713 -8.405907
v 1.088375 -2.804172 -8.531968
v 1.063909 -2.774901 -8.772833
v 1.082220 -2.796808 -8.653901
v 0.992905 -2.689955 -8.990120
v 0.882314 -2.557647 -9.162560
v 0.941961 -2.629007 -9.083125
v 0.742961 -2.390931 -9.273273
v 0.588487 -2.206124 -9.311422
v 0.666687 -2.299679 -9.301826
v 0.294661 -1.854600 -9.162560
v 0.434014 -2.021317 -9.273273
v 0.361543 -1.934616 -9.226467
v 0.113066 -1.637347 -8.772833
v 0.184070 -1.722293 -8.990120
v 0.143084 -1.673259 -8.885833
v 0.113066 -1.637347 -8.291103
v 0.088600 -1.608076 -8.531968
v 0.094754 -1.615439 -8.410035
v 0.294661 -1.854600 -7.901377
v 0.184070 -1.722293 -8.073816
v 0.235014 -1.783240 -7.980811
v 0.588487 -2.206124 -7.752514
v 0.434014 -2.021317 -7.790664
v 0.510288 -2.112568 -7.762111
v 0.742961 -2.390931 -7.790663
v 0.882314 -2.557647 -7.901377
v 0.815431 -2.477632 -7.837470
v 0.992905 -2.689955 -8.073816
v 1.063909 -2.774901 -8.291103
v 1.033890 -2.738988 -8.178103
v 1.033890 -2.738988 -8.885833
v 0.510288 -2.112569 -9.301826
v 0.094754 -1.615439 -8.653902
v 0.361543 -1.934616 -7.837470
v 0.941961 -2.629007 -7.980811
v 0.815432 -2.477632 -9.226467
v 0.143084 -1.673259 -8.178103
v 0.666687 -2.299679 -7.762111
v 1.082220 -2.796808 -8.410034
v 0.235014 -1.783240 -9.083125
v -1.180512 -4.688149 -8.410034
v -1.174358 -4.695512 -8.531967
v -1.269828 -4.581295 -8.073816
v -1.228842 -4.630328 -8.178102
v -1.596046 -4.191019 -7.762110
v -1.519772 -4.282271 -7.790663
v -1.901190 -3.825956 -7.837469
v -1.828719 -3.912657 -7.790663
v -2.027719 -3.674581 -7.980811
v -2.078663 -3.613633 -8.073816
v -2.167978 -3.506780 -8.653901
v -2.174133 -3.499417 -8.531968
v -2.119648 -3.564600 -8.885833
v -2.078663 -3.613634 -8.990119
v -1.752445 -4.003909 -9.301826
v -1.828719 -3.912657 -9.273273
v -1.447301 -4.368972 -9.226466
v -1.519771 -4.282271 -9.273273
v -1.269828 -4.581295 -8.990119
v -1.320771 -4.520348 -9.083125
v -1.198824 -4.666241 -8.291103
v -1.674245 -4.097464 -7.752514
v -1.380419 -4.448988 -9.162560
v -2.149667 -3.528687 -8.772833
v -1.968072 -3.745941 -7.901376
v -1.674245 -4.097465 -9.311421
v -1.180512 -4.688149 -8.653901
v -1.198824 -4.666242 -8.772832
v -2.119648 -3.564600 -8.178103
v -2.149667 -3.528687 -8.291103
v -1.228842 -4.630329 -8.885833
v -1.184478 -4.683404 -8.282948
v -1.165546 -4.706054 -8.405906
v -1.159184 -4.713666 -8.531967
v -1.165546 -4.706054 -8.658030
v -1.184478 -4.683404 -8.780987
v -1.215513 -4.646276 -8.897813
v -1.257886 -4.595582 -9.005630
v -1.310554 -4.532571 -9.101786
v -1.372221 -4.458796 -9.183909
v -1.441368 -4.376070 -9.249980
v -1.516292 -4.286434 -9.298370
v -1.595148 -4.192093 -9.327890
v -1.675996 -4.095370 -9.337811
v -1.756843 -3.998647 -9.327890
v -1.835699 -3.904306 -9.298371
v -1.910623 -3.814670 -9.249980
v -1.979770 -3.731945 -9.183909
v -2.041437 -3.658169 -9.101786
v -2.094105 -3.595158 -9.005631
v -2.136479 -3.544465 -8.897814
v -2.167513 -3.507336 -8.780988
v -2.186445 -3.484687 -8.658030
v -2.192808 -3.477074 -8.531968
v -2.186445 -3.484687 -8.405906
v -2.167513 -3.507336 -8.282948
v -2.136479 -3.544465 -8.166122
v -2.094105 -3.595158 -8.058305
v -2.041437 -3.658169 -7.962150
v -1.979770 -3.731945 -7.880026
v -1.910624 -3.814670 -7.813956
v -1.835700 -3.904306 -7.765565
v -1.756843 -3.998647 -7.736045
v -1.675996 -4.095370 -7.726124
v -1.595149 -4.192093 -7.736045
v -1.516292 -4.286434 -7.765564
v -1.441368 -4.376070 -7.813955
v -1.372221 -4.458795 -7.880026
v -1.310554 -4.532571 -7.962150
v -1.257886 -4.595582 -8.058305
v -1.215513 -4.646276 -8.166122
v -1.320771 -4.520348 -7.980811
v -1.447301 -4.368972 -7.837469
v -1.752445 -4.003909 -7.762110
v -2.167978 -3.506780 -8.410034
v -2.027719 -3.674581 -9.083125
v -1.901189 -3.825956 -9.226466
v -1.596045 -4.191020 -9.301826
v -1.968072 -3.745941 -9.162560
v -1.380419 -4.448988 -7.901376
v 0.663297 -2.308950 -9.439801
v 0.663297 -2.308950 -9.639509
v 0.660809 -2.277340 -9.439801
v 0.660809 -2.277340 -9.639509
v 0.653407 -2.246508 -9.439801
v 0.653407 -2.246508 -9.639509
v 0.641273 -2.217214 -9.439801
v 0.641273 -2.217214 -9.639509
v 0.624705 -2.190178 -9.439801
v 0.624705 -2.190178 -9.639509
v 0.604112 -2.166067 -9.439801
v 0.604112 -2.166067 -9.639509
v 0.580001 -2.145474 -9.439801
v 0.580001 -2.145474 -9.639509
v 0.552966 -2.128907 -9.439801
v 0.552966 -2.128907 -9.639509
v 0.523671 -2.116773 -9.439801
v 0.523671 -2.116773 -9.639509
v 0.492839 -2.109370 -9.439801
v 0.492839 -2.109370 -9.639509
v 0.461229 -2.106883 -9.439801
v 0.461229 -2.106883 -9.639509
v 0.429618 -2.109370 -9.439801
v 0.429618 -2.109370 -9.639509
v 0.398786 -2.116773 -9.439801
v 0.398786 -2.116773 -9.639509
v 0.369492 -2.128907 -9.439801
v 0.369492 -2.128907 -9.639509
v 0.342456 -2.145474 -9.439801
v 0.342456 -2.145474 -9.639509
v 0.318345 -2.166067 -9.439801
v 0.318345 -2.166067 -9.639509
v 0.297753 -2.190178 -9.439801
v 0.297753 -2.190178 -9.639509
v 0.281185 -2.217214 -9.439801
v 0.281185 -2.217214 -9.639509
v 0.269051 -2.246508 -9.439801
v 0.269051 -2.246508 -9.639509
v 0.261649 -2.277340 -9.439801
v 0.261649 -2.277340 -9.639509
v 0.259161 -2.308950 -9.439801
v 0.259161 -2.308950 -9.639509
v 0.261649 -2.340561 -9.439801
v 0.261649 -2.340561 -9.639509
v 0.269051 -2.371393 -9.439801
v 0.269051 -2.371393 -9.639509
v 0.281185 -2.400687 -9.439801
v 0.281185 -2.400687 -9.639509
v 0.297753 -2.427723 -9.439801
v 0.297753 -2.427723 -9.639509
v 0.318345 -2.451834 -9.439801
v 0.318345 -2.451834 -9.639509
v 0.342456 -2.472427 -9.439801
v 0.342456 -2.472427 -9.639509
v 0.369492 -2.488994 -9.439801
v 0.369492 -2.488994 -9.639509
v 0.398786 -2.501128 -9.439801
v 0.398786 -2.501128 -9.639509
v 0.429618 -2.508530 -9.439801
v 0.429619 -2.508530 -9.639509
v 0.461229 -2.511018 -9.439801
v 0.461229 -2.511018 -9.639509
v 0.492839 -2.508530 -9.439801
v 0.492839 -2.508530 -9.639509
v 0.523671 -2.501128 -9.439801
v 0.523671 -2.501128 -9.639509
v 0.552966 -2.488994 -9.439801
v 0.552966 -2.488994 -9.639509
v 0.580001 -2.472427 -9.439801
v 0.580001 -2.472427 -9.639509
v 0.604112 -2.451834 -9.439801
v 0.604112 -2.451834 -9.639509
v 0.624705 -2.427723 -9.439801
v 0.624705 -2.427723 -9.639509
v 0.641272 -2.400687 -9.439801
v 0.641273 -2.400687 -9.639509
v 0.653407 -2.371393 -9.439801
v 0.653407 -2.371393 -9.639509
v 0.660809 -2.340561 -9.439801
v 0.660809 -2.340561 -9.639509
v 0.663297 -2.308950 -7.624138
v 0.663297 -2.308950 -7.424430
v 0.660809 -2.277340 -7.624138
v 0.660809 -2.277340 -7.424430
v 0.653407 -2.246508 -7.624138
v 0.653407 -2.246508 -7.424430
v 0.641273 -2.217213 -7.624138
v 0.641273 -2.217213 -7.424430
v 0.624705 -2.190178 -7.624138
v 0.624705 -2.190177 -7.424430
v 0.604112 -2.166067 -7.624138
v 0.604112 -2.166067 -7.424430
v 0.580001 -2.145474 -7.624138
v 0.580001 -2.145474 -7.424430
v 0.552966 -2.128906 -7.624138
v 0.552966 -2.128906 -7.424430
v 0.523671 -2.116772 -7.624138
v 0.523671 -2.116772 -7.424430
v 0.492839 -2.109370 -7.624138
v 0.492839 -2.109370 -7.424430
v 0.461229 -2.106882 -7.624138
v 0.461229 -2.106882 -7.424430
v 0.429619 -2.109370 -7.624138
v 0.429619 -2.109370 -7.424430
v 0.398787 -2.116772 -7.624138
v 0.398786 -2.116772 -7.424430
v 0.369492 -2.128906 -7.624138
v 0.369492 -2.128906 -7.424430
v 0.342456 -2.145474 -7.624138
v 0.342456 -2.145474 -7.424430
v 0.318345 -2.166067 -7.624138
v 0.318345 -2.166067 -7.424430
v 0.297753 -2.190177 -7.624138
v 0.297753 -2.190177 -7.424430
v 0.281185 -2.217213 -7.624138
v 0.281185 -2.217213 -7.424430
v 0.269051 -2.246508 -7.624138
v 0.269051 -2.246508 -7.424430
v 0.261649 -2.277340 -7.624138
v 0.261649 -2.277340 -7.424430
v 0.259161 -2.308950 -7.624138
v 0.259161 -2.308950 -7.424430
v 0.261649 -2.340560 -7.624138
v 0.261649 -2.340560 -7.424430
v 0.269051 -2.371392 -7.624138
v 0.269051 -2.371392 -7.424430
v 0.281185 -2.400687 -7.624138
v 0.281185 -2.400687 -7.424430
v 0.297753 -2.427722 -7.624138
v 0.297753 -2.427722 -7.424430
v 0.318345 -2.451833 -7.624138
v 0.318345 -2.451833 -7.424430
v 0.342456 -2.472426 -7.624138
v 0.342456 -2.472426 -7.424430
v 0.369492 -2.488994 -7.624138
v 0.369492 -2.488994 -7.424430
v 0.398787 -2.501128 -7.624138
v 0.398786 -2.501128 -7.424430
v 0.429619 -2.508530 -7.624138
v 0.429618 -2.508530 -7.424430
v 0.461229 -2.511018 -7.624138
v 0.461229 -2.511018 -7.424430
v 0.492839 -2.508530 -7.624138
v 0.492839 -2.508530 -7.424430
v 0.523671 -2.501128 -7.624138
v 0.523671 -2.501128 -7.424430
v 0.552966 -2.488994 -7.624138
v 0.552966 -2.488994 -7.424430
v 0.580001 -2.472426 -7.624138
v 0.580001 -2.472426 -7.424430
v 0.604112 -2.451833 -7.624138
v 0.604112 -2.451833 -7.424430
v 0.624705 -2.427722 -7.624138
v 0.624705 -2.427722 -7.424430
v 0.641273 -2.400687 -7.624138
v 0.641273 -2.400687 -7.424430
v 0.653407 -2.371392 -7.624138
v 0.653407 -2.371392 -7.424430
v 0.660809 -2.340560 -7.624138
v 0.660809 -2.340560 -7.424430
v -1.347670 -4.361263 -8.531969
v -1.057667 -4.387191 -8.531969
v -0.779818 -4.300166 -8.531969
v -0.658925 -4.217803 -8.531969
v -0.556423 -4.113437 -8.531969
v -0.421490 -3.855432 -8.531969
v -1.607469 -4.224184 -8.560369
v -1.486836 -4.302293 -8.587680
v -1.352779 -4.355152 -8.612848
v -1.210448 -4.380730 -8.634909
v -1.065314 -4.378044 -8.653013
v -0.922953 -4.347198 -8.666467
v -0.788837 -4.289376 -8.674750
v -0.668121 -4.206801 -8.677548
v -0.565442 -4.102647 -8.674751
v -0.484746 -3.980915 -8.666467
v -0.429136 -3.846284 -8.653013
v -0.400747 -3.703928 -8.634909
v -0.400671 -3.559318 -8.612848
v -0.428911 -3.418009 -8.587680
v -0.484381 -3.285434 -8.560369
v -1.612782 -4.217828 -8.587680
v -1.497258 -4.289824 -8.641250
v -1.367909 -4.337050 -8.690619
v -1.229705 -4.357691 -8.733893
v -1.087957 -4.350953 -8.769406
v -0.948113 -4.317096 -8.795795
v -0.815548 -4.257421 -8.812046
v -0.695354 -4.174220 -8.817533
v -0.592152 -4.070692 -8.812046
v -0.509906 -3.950814 -8.795795
v -0.451779 -3.819194 -8.769406
v -0.420004 -3.680890 -8.733893
v -0.415801 -3.541216 -8.690619
v -0.439333 -3.405541 -8.641250
v -0.489694 -3.279078 -8.587680
v -1.621409 -4.207506 -8.612848
v -1.514182 -4.269577 -8.690619
v -1.392478 -4.307655 -8.762294
v -1.260976 -4.320279 -8.825117
v -1.124729 -4.306961 -8.876676
v -0.988972 -4.268215 -8.914986
v -0.858922 -4.205528 -8.938578
v -0.739579 -4.121311 -8.946544
v -0.635527 -4.018800 -8.938578
v -0.550765 -3.901933 -8.914986
v -0.488551 -3.775202 -8.876676
v -0.451275 -3.643478 -8.825118
v -0.440371 -3.511822 -8.762295
v -0.456257 -3.385294 -8.690619
v -0.498322 -3.268756 -8.612848
v -1.633021 -4.193615 -8.634909
v -1.536958 -4.242329 -8.733893
v -1.425544 -4.268097 -8.825117
v -1.303061 -4.269931 -8.905076
v -1.174215 -4.247758 -8.970696
v -1.043958 -4.202432 -9.019458
v -0.917295 -4.135694 -9.049484
v -0.799095 -4.050108 -9.059623
v -0.693899 -3.948964 -9.049484
v -0.605751 -3.836149 -9.019458
v -0.538037 -3.715999 -8.970697
v -0.493360 -3.593130 -8.905077
v -0.473437 -3.472263 -8.825118
v -0.479033 -3.358046 -8.733893
v -0.509933 -3.254865 -8.634909
v -1.647169 -4.176689 -8.653013
v -1.564711 -4.209126 -8.769406
v -1.465835 -4.219895 -8.876676
v -1.354341 -4.208581 -8.970697
v -1.234514 -4.175618 -9.047858
v -1.110958 -4.122274 -9.105195
v -0.988423 -4.050599 -9.140502
v -0.871616 -3.963346 -9.152424
v -0.765027 -3.863870 -9.140502
v -0.672751 -3.755992 -9.105195
v -0.598336 -3.643859 -9.047858
v -0.544640 -3.531780 -8.970697
v -0.513727 -3.424061 -8.876676
v -0.506785 -3.324843 -8.769407
v -0.524081 -3.237938 -8.653013
v -1.710041 -4.123828 -8.531969
v -1.663310 -4.157377 -8.666467
v -1.596373 -4.171247 -8.795795
v -1.511802 -4.164902 -8.914987
v -1.412846 -4.138588 -9.019458
v -1.303308 -4.093315 -9.105195
v -1.187399 -4.030824 -9.168903
v -1.069571 -3.953516 -9.208135
v -0.954355 -3.864361 -9.221382
v -0.846176 -3.766787 -9.208135
v -0.749192 -3.664542 -9.168903
v -0.667130 -3.561556 -9.105195
v -0.603145 -3.461787 -9.019458
v -0.559694 -3.369068 -8.914987
v -0.538448 -3.286963 -8.795795
v -0.540223 -3.218627 -8.666467
v -1.680825 -4.136424 -8.674751
v -1.630729 -4.130144 -8.812046
v -1.561679 -4.105230 -8.938578
v -1.476327 -4.062641 -9.049484
v -1.377955 -4.004011 -9.140502
v -1.270341 -3.931594 -9.208135
v -1.157623 -3.848174 -9.249783
v -1.044131 -3.756956 -9.263845
v -0.934227 -3.661445 -9.249783
v -0.832134 -3.565312 -9.208136
v -0.741777 -3.472251 -9.140502
v -0.666626 -3.385839 -9.049484
v -0.609571 -3.309397 -8.938578
v -0.572804 -3.245861 -8.812046
v -0.557737 -3.197674 -8.674751
v -1.699039 -4.114633 -8.677548
v -1.666458 -4.087399 -8.817533
v -1.613549 -4.043174 -8.946544
v -1.542346 -3.983658 -9.059623
v -1.455585 -3.911137 -9.152424
v -1.356599 -3.828399 -9.221382
v -1.249193 -3.738622 -9.263845
v -1.137496 -3.645257 -9.278184
v -1.025798 -3.551893 -9.263845
v -0.918392 -3.462117 -9.221382
v -0.819407 -3.379378 -9.152424
v -0.732645 -3.306857 -9.059623
v -0.661442 -3.247341 -8.946544
v -0.608533 -3.203116 -8.817533
v -0.575952 -3.175882 -8.677548
v -1.717254 -4.092841 -8.674751
v -1.702187 -4.044654 -8.812046
v -1.665420 -3.981118 -8.938578
v -1.608365 -3.904676 -9.049484
v -1.533214 -3.818264 -9.140502
v -1.442857 -3.725203 -9.208135
v -1.340764 -3.629070 -9.249783
v -1.230860 -3.533560 -9.263845
v -1.117368 -3.442341 -9.249783
v -1.004650 -3.358921 -9.208136
v -0.897036 -3.286505 -9.140502
v -0.798664 -3.227875 -9.049484
v -0.713312 -3.185285 -8.938578
v -0.644262 -3.160371 -8.812046
v -0.594166 -3.154091 -8.674751
v -1.734768 -4.071887 -8.666467
v -1.736543 -4.003552 -8.795795
v -1.715297 -3.921447 -8.914986
v -1.671846 -3.828729 -9.019458
v -1.607861 -3.728959 -9.105195
v -1.525799 -3.625973 -9.168903
v -1.428816 -3.523729 -9.208135
v -1.320637 -3.426154 -9.221382
v -1.205420 -3.336999 -9.208135
v -1.087592 -3.259691 -9.168903
v -0.971683 -3.197200 -9.105195
v -0.862145 -3.151927 -9.019458
v -0.763189 -3.125613 -8.914987
v -0.678618 -3.119269 -8.795795
v -0.611681 -3.133137 -8.666467
v -1.750910 -4.052577 -8.653013
v -1.768206 -3.965672 -8.769406
v -1.761264 -3.866454 -8.876676
v -1.730351 -3.758735 -8.970697
v -1.676655 -3.646656 -9.047858
v -1.602240 -3.534523 -9.105195
v -1.509964 -3.426645 -9.140502
v -1.403375 -3.327169 -9.152424
v -1.286568 -3.239916 -9.140502
v -1.164033 -3.168241 -9.105195
v -1.040478 -3.114897 -9.047858
v -0.920650 -3.081934 -8.970697
v -0.809157 -3.070620 -8.876676
v -0.710281 -3.081388 -8.769407
v -0.627822 -3.113826 -8.653013
v -1.765058 -4.035650 -8.634909
v -1.795959 -3.932470 -8.733893
v -1.801555 -3.818252 -8.825117
v -1.781631 -3.697386 -8.905077
v -1.736954 -3.574516 -8.970697
v -1.669240 -3.454366 -9.019458
v -1.581092 -3.341551 -9.049484
v -1.475896 -3.240407 -9.059623
v -1.357696 -3.154822 -9.049484
v -1.231033 -3.088084 -9.019458
v -1.100776 -3.042757 -8.970697
v -0.971930 -3.020585 -8.905077
v -0.849447 -3.022418 -8.825118
v -0.738033 -3.048186 -8.733893
v -0.641970 -3.096900 -8.634909
v -1.776669 -4.021759 -8.612848
v -1.818734 -3.905221 -8.690619
v -1.834620 -3.778693 -8.762294
v -1.823716 -3.647037 -8.825118
v -1.786440 -3.515313 -8.876676
v -1.724226 -3.388582 -8.914987
v -1.639465 -3.271716 -8.938578
v -1.535413 -3.169204 -8.946544
v -1.416069 -3.084987 -8.938578
v -1.286019 -3.022300 -8.914987
v -1.150262 -2.983554 -8.876676
v -1.014015 -2.970236 -8.825118
v -0.882513 -2.982859 -8.762295
v -0.760809 -3.020938 -8.690619
v -0.653582 -3.083009 -8.612848
v -1.785297 -4.011437 -8.587680
v -1.835659 -3.884974 -8.641250
v -1.859190 -3.749299 -8.690619
v -1.854987 -3.609625 -8.733893
v -1.823212 -3.471321 -8.769406
v -1.765085 -3.339701 -8.795795
v -1.682839 -3.219823 -8.812046
v -1.579637 -3.116295 -8.817533
v -1.459444 -3.033094 -8.812046
v -1.326878 -2.973419 -8.795795
v -1.187034 -2.939562 -8.769407
v -1.045286 -2.932824 -8.733893
v -0.907082 -2.953465 -8.690619
v -0.777733 -3.000691 -8.641250
v -0.662209 -3.072687 -8.587680
v -1.790610 -4.005081 -8.560369
v -1.846080 -3.872506 -8.587680
v -1.874320 -3.731198 -8.612848
v -1.874244 -3.586587 -8.634909
v -1.845855 -3.444231 -8.653013
v -1.790245 -3.309600 -8.666467
v -1.709550 -3.187868 -8.674751
v -1.606870 -3.083714 -8.677548
v -1.486154 -3.001139 -8.674751
v -1.352038 -2.943318 -8.666467
v -1.209678 -2.912472 -8.653013
v -1.064543 -2.909786 -8.634909
v -0.922212 -2.935364 -8.612848
v -0.788155 -2.988222 -8.587680
v -0.667522 -3.066331 -8.560370
v -1.792404 -4.002934 -8.531969
v -1.849599 -3.868296 -8.531969
v -1.879429 -3.725085 -8.531969
v -1.880747 -3.578808 -8.531969
v -1.853501 -3.435083 -8.531969
v -1.798741 -3.299436 -8.531969
v -1.718569 -3.177078 -8.531969
v -1.616066 -3.072713 -8.531969
v -1.495173 -2.990349 -8.531969
v -1.360533 -2.933154 -8.531969
v -1.217324 -2.903324 -8.531969
v -1.071046 -2.902007 -8.531969
v -0.927321 -2.929252 -8.531969
v -0.791674 -2.984012 -8.531969
v -0.669316 -3.064184 -8.531969
v -1.790610 -4.005081 -8.503568
v -1.846080 -3.872506 -8.476258
v -1.874320 -3.731197 -8.451089
v -1.874244 -3.586587 -8.429029
v -1.845855 -3.444231 -8.410924
v -1.790245 -3.309600 -8.397471
v -1.709549 -3.187868 -8.389187
v -1.606870 -3.083714 -8.386390
v -1.486154 -3.001139 -8.389187
v -1.352038 -2.943318 -8.397471
v -1.209678 -2.912472 -8.410924
v -1.064543 -2.909786 -8.429029
v -0.922212 -2.935364 -8.451089
v -0.788155 -2.988222 -8.476258
v -0.667522 -3.066331 -8.503568
v -1.785297 -4.011437 -8.476258
v -1.835659 -3.884974 -8.422688
v -1.859190 -3.749299 -8.373318
v -1.854987 -3.609625 -8.330045
v -1.823212 -3.471321 -8.294531
v -1.765085 -3.339701 -8.268142
v -1.682839 -3.219823 -8.251892
v -1.579637 -3.116295 -8.246405
v -1.459444 -3.033094 -8.251892
v -1.326878 -2.973419 -8.268142
v -1.187034 -2.939562 -8.294531
v -1.045286 -2.932824 -8.330045
v -0.907082 -2.953465 -8.373318
v -0.777733 -3.000691 -8.422688
v -0.662209 -3.072687 -8.476258
v -1.776669 -4.021759 -8.451089
v -1.818734 -3.905221 -8.373318
v -1.834620 -3.778693 -8.301643
v -1.823716 -3.647037 -8.238820
v -1.786440 -3.515313 -8.187263
v -1.724226 -3.388582 -8.148952
v -1.639464 -3.271716 -8.125360
v -1.535412 -3.169204 -8.117393
v -1.416069 -3.084986 -8.125360
v -1.286019 -3.022300 -8.148952
v -1.150262 -2.983554 -8.187263
v -1.014015 -2.970236 -8.238820
v -0.882513 -2.982859 -8.301643
v -0.760809 -3.020938 -8.373318
v -0.653582 -3.083009 -8.451089
v -1.765058 -4.035650 -8.429029
v -1.795959 -3.932469 -8.330045
v -1.801554 -3.818252 -8.238820
v -1.781631 -3.697386 -8.158861
v -1.736954 -3.574516 -8.093241
v -1.669240 -3.454365 -8.044480
v -1.581092 -3.341551 -8.014454
v -1.475896 -3.240407 -8.004315
v -1.357696 -3.154822 -8.014454
v -1.231033 -3.088083 -8.044480
v -1.100776 -3.042757 -8.093241
v -0.971930 -3.020584 -8.158861
v -0.849447 -3.022418 -8.238820
v -0.738033 -3.048186 -8.330045
v -0.641970 -3.096900 -8.429029
v -0.564951 -3.166687 -8.531969
v -1.750910 -4.052577 -8.410924
v -1.768206 -3.965672 -8.294531
v -1.761264 -3.866454 -8.187263
v -1.730351 -3.758735 -8.093241
v -1.676655 -3.646656 -8.016079
v -1.602240 -3.534523 -7.958743
v -1.509964 -3.426645 -7.923435
v -1.403375 -3.327169 -7.911514
v -1.286568 -3.239916 -7.923435
v -1.164033 -3.168241 -7.958743
v -1.040477 -3.114897 -8.016079
v -0.920650 -3.081934 -8.093241
v -0.809156 -3.070620 -8.187263
v -0.710281 -3.081388 -8.294531
v -0.627822 -3.113826 -8.410924
v -1.734768 -4.071887 -8.397471
v -1.736543 -4.003552 -8.268142
v -1.715297 -3.921447 -8.148952
v -1.671846 -3.828728 -8.044480
v -1.607861 -3.728959 -7.958743
v -1.525799 -3.625973 -7.895034
v -1.428815 -3.523729 -7.855803
v -1.320636 -3.426154 -7.842556
v -1.205420 -3.336999 -7.855803
v -1.087592 -3.259691 -7.895034
v -0.971683 -3.197200 -7.958743
v -0.862145 -3.151927 -8.044480
v -0.763189 -3.125613 -8.148952
v -0.678618 -3.119269 -8.268142
v -0.611681 -3.133137 -8.397471
v -1.717254 -4.092841 -8.389187
v -1.702187 -4.044654 -8.251891
v -1.665420 -3.981118 -8.125360
v -1.608365 -3.904675 -8.014454
v -1.533214 -3.818264 -7.923435
v -1.442857 -3.725203 -7.855803
v -1.340764 -3.629070 -7.814155
v -1.230860 -3.533560 -7.800092
v -1.117368 -3.442341 -7.814155
v -1.004650 -3.358921 -7.855803
v -0.897036 -3.286505 -7.923435
v -0.798664 -3.227875 -8.014454
v -0.713312 -3.185285 -8.125360
v -0.644262 -3.160371 -8.251892
v -0.594166 -3.154091 -8.389187
v -1.699039 -4.114633 -8.386390
v -1.666458 -4.087399 -8.246405
v -1.613549 -4.043174 -8.117393
v -1.542346 -3.983658 -8.004314
v -1.455585 -3.911137 -7.911513
v -1.356599 -3.828398 -7.842556
v -1.249193 -3.738622 -7.800092
v -1.137496 -3.645257 -7.785754
v -1.025797 -3.551893 -7.800092
v -0.918392 -3.462116 -7.842556
v -0.819407 -3.379378 -7.911514
v -0.732645 -3.306857 -8.004314
v -0.661442 -3.247340 -8.117394
v -0.608533 -3.203116 -8.246405
v -0.575952 -3.175882 -8.386390
v -1.680825 -4.136424 -8.389187
v -1.630729 -4.130144 -8.251891
v -1.561679 -4.105230 -8.125360
v -1.476327 -4.062640 -8.014454
v -1.377955 -4.004010 -7.923436
v -1.270342 -3.931594 -7.855803
v -1.157623 -3.848174 -7.814155
v -1.044131 -3.756955 -7.800092
v -0.934227 -3.661445 -7.814155
v -0.832135 -3.565312 -7.855803
v -0.741777 -3.472251 -7.923436
v -0.666626 -3.385839 -8.014454
v -0.609571 -3.309397 -8.125360
v -0.572804 -3.245861 -8.251892
v -0.557737 -3.197674 -8.389187
v -1.663310 -4.157377 -8.397471
v -1.596373 -4.171247 -8.268142
v -1.511802 -4.164902 -8.148952
v -1.412846 -4.138587 -8.044480
v -1.303308 -4.093315 -7.958743
v -1.187399 -4.030824 -7.895034
v -1.069571 -3.953515 -7.855803
v -0.954355 -3.864361 -7.842556
v -0.846176 -3.766786 -7.855803
v -0.749192 -3.664541 -7.895034
v -0.667130 -3.561556 -7.958743
v -0.603145 -3.461786 -8.044480
v -0.559694 -3.369068 -8.148952
v -0.538448 -3.286963 -8.268142
v -0.540223 -3.218627 -8.397471
v -1.647169 -4.176688 -8.410924
v -1.564711 -4.209126 -8.294531
v -1.465835 -4.219895 -8.187263
v -1.354341 -4.208581 -8.093241
v -1.234514 -4.175618 -8.016079
v -1.110959 -4.122274 -7.958743
v -0.988423 -4.050599 -7.923436
v -0.871616 -3.963346 -7.911514
v -0.765027 -3.863870 -7.923436
v -0.672751 -3.755992 -7.958743
v -0.598336 -3.643859 -8.016079
v -0.544640 -3.531780 -8.093241
v -0.513727 -3.424061 -8.187263
v -0.506785 -3.324843 -8.294531
v -0.524081 -3.237938 -8.410924
v -1.633021 -4.193615 -8.429029
v -1.536958 -4.242329 -8.330045
v -1.425544 -4.268097 -8.238820
v -1.303061 -4.269930 -8.158861
v -1.174215 -4.247758 -8.093241
v -1.043958 -4.202431 -8.044480
v -0.917295 -4.135693 -8.014454
v -0.799095 -4.050107 -8.004315
v -0.693899 -3.948964 -8.014454
v -0.605751 -3.836149 -8.044480
v -0.538037 -3.715999 -8.093241
v -0.493360 -3.593129 -8.158861
v -0.473437 -3.472263 -8.238820
v -0.479033 -3.358045 -8.330045
v -0.509933 -3.254865 -8.429029
v -1.621410 -4.207506 -8.451089
v -1.514182 -4.269577 -8.373318
v -1.392479 -4.307655 -8.301643
v -1.260976 -4.320279 -8.238820
v -1.124729 -4.306961 -8.187263
v -0.988972 -4.268215 -8.148952
v -0.858923 -4.205528 -8.125360
v -0.739579 -4.121311 -8.117394
v -0.635527 -4.018799 -8.125360
v -0.550765 -3.901932 -8.148952
v -0.488551 -3.775202 -8.187263
v -0.451275 -3.643478 -8.238820
v -0.440371 -3.511822 -8.301643
v -0.456257 -3.385293 -8.373318
v -0.498322 -3.268756 -8.451089
v -1.612782 -4.217828 -8.476258
v -1.497258 -4.289824 -8.422688
v -1.367909 -4.337050 -8.373318
v -1.229705 -4.357691 -8.330045
v -1.087957 -4.350953 -8.294531
v -0.948114 -4.317096 -8.268142
v -0.815548 -4.257421 -8.251892
v -0.695354 -4.174219 -8.246405
v -0.592152 -4.070691 -8.251892
v -0.509907 -3.950814 -8.268142
v -0.451780 -3.819194 -8.294531
v -0.420004 -3.680890 -8.330045
v -0.415801 -3.541216 -8.373318
v -0.439333 -3.405541 -8.422688
v -0.489694 -3.279078 -8.476258
v -1.607469 -4.224184 -8.503568
v -1.486836 -4.302292 -8.476258
v -1.352779 -4.355151 -8.451089
v -1.210448 -4.380729 -8.429029
v -1.065314 -4.378043 -8.410924
v -0.922953 -4.347197 -8.397470
v -0.788838 -4.289375 -8.389187
v -0.668121 -4.206800 -8.386390
v -0.565442 -4.102646 -8.389187
v -0.484746 -3.980915 -8.397470
v -0.429136 -3.846284 -8.410924
v -0.400747 -3.703928 -8.429029
v -0.400671 -3.559317 -8.451090
v -0.428911 -3.418009 -8.476258
v -0.484381 -3.285434 -8.503568
v -1.605675 -4.226330 -8.531969
v -1.483317 -4.306502 -8.531969
v -1.203946 -4.388508 -8.531969
v -0.914458 -4.357361 -8.531969
v -0.476251 -3.991079 -8.531969
v -0.394245 -3.711707 -8.531969
v -0.395563 -3.565429 -8.531969
v -0.425392 -3.422219 -8.531969
v -0.482587 -3.287580 -8.531969
v 0.799623 -0.738395 -8.532013
v 0.799623 -1.264114 -8.532013
v 0.793138 -0.738395 -8.597852
v 0.793138 -1.264114 -8.597852
v 0.763817 -0.738396 -8.686521
v 0.773934 -1.264114 -8.661160
v 0.742747 -1.264114 -8.719506
v 0.700778 -0.738395 -8.770646
v 0.700778 -1.264114 -8.770646
v 0.649638 -0.738395 -8.812616
v 0.591292 -0.738395 -8.843802
v 0.616652 -1.264114 -8.833686
v 0.527983 -0.738395 -8.863007
v 0.527983 -1.264114 -8.863007
v 0.462144 -0.738395 -8.869492
v 0.462144 -1.264114 -8.869492
v 0.396306 -0.738395 -8.863007
v 0.396305 -1.264114 -8.863007
v 0.307636 -0.738395 -8.833686
v 0.297152 -1.264114 -8.828082
v 0.223511 -0.738395 -8.770646
v 0.223511 -1.264114 -8.770646
v 0.166075 -0.738395 -8.697005
v 0.160471 -1.264114 -8.686521
v 0.131150 -0.738395 -8.597852
v 0.131150 -1.264114 -8.597852
v 0.124666 -0.738395 -8.532013
v 0.124666 -1.264114 -8.532013
v 0.131150 -0.738395 -8.466174
v 0.131150 -1.264114 -8.466174
v 0.160471 -0.738395 -8.377505
v 0.150355 -1.264114 -8.402865
v 0.181541 -1.264114 -8.344520
v 0.223511 -0.738395 -8.293380
v 0.223511 -1.264114 -8.293380
v 0.297153 -0.738395 -8.235944
v 0.307636 -1.264114 -8.230340
v 0.396306 -0.738395 -8.201019
v 0.396305 -1.264114 -8.201019
v 0.462144 -0.738395 -8.194534
v 0.462144 -1.264114 -8.194534
v 0.527983 -0.738395 -8.201019
v 0.527983 -1.264114 -8.201019
v 0.616652 -0.738395 -8.230340
v 0.627136 -1.264114 -8.235944
v 0.700778 -0.738395 -8.293380
v 0.700778 -1.264114 -8.293380
v 0.758214 -0.738395 -8.367021
v 0.763817 -1.264114 -8.377505
v 0.793138 -0.738395 -8.466174
v 0.793138 -1.264114 -8.466174
v 0.605073 -3.492035 -8.531969
v -0.948579 -4.751819 -8.531968
v 0.592750 -3.477292 -8.727059
v -0.960534 -4.737515 -8.721242
v 0.556255 -3.433630 -8.914652
v -0.995942 -4.695156 -8.903242
v 0.496989 -3.362727 -9.087539
v -1.053440 -4.626367 -9.070973
v 0.417232 -3.267308 -9.239076
v -1.130819 -4.533792 -9.217992
v 0.320047 -3.151040 -9.363439
v -1.225107 -4.420990 -9.338647
v 0.209169 -3.018390 -9.455849
v -1.332678 -4.292296 -9.428302
v 0.088860 -2.874456 -9.512754
v -1.449400 -4.152654 -9.483511
v -0.036257 -2.724770 -9.531969
v -1.570787 -4.007431 -9.502152
v -0.161374 -2.575084 -9.512754
v -1.692174 -3.862208 -9.483511
v -0.281684 -2.431150 -9.455849
v -1.808896 -3.722566 -9.428302
v -0.392561 -2.298501 -9.363439
v -1.916468 -3.593871 -9.338647
v -0.489746 -2.182232 -9.239076
v -2.010755 -3.481069 -9.217993
v -0.569504 -2.086812 -9.087540
v -2.088134 -3.388495 -9.070974
v -0.628769 -2.015910 -8.914653
v -2.145633 -3.319706 -8.903242
v -0.665265 -1.972248 -8.727059
v -2.181040 -3.277346 -8.721242
v -0.677588 -1.957505 -8.531969
v -2.192996 -3.263043 -8.531969
v -0.665265 -1.972248 -8.336879
v -2.181040 -3.277346 -8.342695
v -0.628769 -2.015909 -8.149285
v -2.145633 -3.319706 -8.160696
v -0.569504 -2.086812 -7.976399
v -2.088135 -3.388494 -7.992964
v -0.489746 -2.182231 -7.824862
v -2.010755 -3.481069 -7.845945
v -0.392561 -2.298500 -7.700500
v -1.916468 -3.593871 -7.725291
v -0.281684 -2.431150 -7.608089
v -1.808896 -3.722565 -7.635636
v -0.161375 -2.575084 -7.551184
v -1.692174 -3.862207 -7.580427
v -0.036257 -2.724770 -7.531969
v -1.570787 -4.007431 -7.561785
v 0.088860 -2.874456 -7.551184
v -1.449400 -4.152653 -7.580427
v 0.209169 -3.018389 -7.608089
v -1.332678 -4.292295 -7.635636
v 0.320047 -3.151039 -7.700499
v -1.225107 -4.420990 -7.725290
v 0.417232 -3.267308 -7.824862
v -1.130820 -4.533792 -7.845945
v 0.496989 -3.362727 -7.976398
v -1.053440 -4.626367 -7.992963
v 0.556255 -3.433630 -8.149285
v -0.995942 -4.695156 -8.160695
v 0.592750 -3.477292 -8.336879
v -0.960534 -4.737515 -8.342695
v -0.941780 -4.759953 -8.727058
v -0.929457 -4.774695 -8.531968
v -0.978275 -4.716291 -8.914652
v -1.037540 -4.645388 -9.087539
v -1.117298 -4.549969 -9.239076
v -1.214483 -4.433701 -9.363439
v -1.325361 -4.301050 -9.455848
v -1.445670 -4.157117 -9.512753
v -1.570787 -4.007431 -9.531969
v -1.695904 -3.857745 -9.512754
v -1.816214 -3.713811 -9.455849
v -1.927091 -3.581161 -9.363439
v -2.024276 -3.464893 -9.239076
v -2.104034 -3.369473 -9.087539
v -2.163299 -3.298570 -8.914652
v -2.199795 -3.254909 -8.727059
v -2.212118 -3.240166 -8.531969
v -2.199795 -3.254909 -8.336879
v -2.163299 -3.298570 -8.149285
v -2.104034 -3.369473 -7.976399
v -2.024276 -3.464892 -7.824862
v -1.927091 -3.581161 -7.700500
v -1.816214 -3.713811 -7.608089
v -1.695904 -3.857744 -7.551184
v -1.570787 -4.007431 -7.531969
v -1.445670 -4.157116 -7.551184
v -1.325361 -4.301050 -7.608089
v -1.214483 -4.433700 -7.700499
v -1.117298 -4.549969 -7.824862
v -1.037540 -4.645388 -7.976398
v -0.978275 -4.716291 -8.149285
v -0.941780 -4.759953 -8.336878
v 0.537784 -3.485122 -8.721242
v 0.549740 -3.499426 -8.531969
v 0.502377 -3.442763 -8.903242
v 0.444879 -3.373974 -9.070974
v 0.367499 -3.281400 -9.217993
v 0.273212 -3.168598 -9.338647
v 0.165640 -3.039903 -9.428302
v 0.048918 -2.900261 -9.483511
v -0.072469 -2.755038 -9.502152
v -0.193855 -2.609815 -9.483511
v -0.310577 -2.470173 -9.428302
v -0.418149 -2.341478 -9.338648
v -0.512436 -2.228676 -9.217993
v -0.589816 -2.136102 -9.070974
v -0.647314 -2.067313 -8.903242
v -0.682721 -2.024953 -8.721243
v -0.694677 -2.010650 -8.531969
v -0.682721 -2.024953 -8.342695
v -0.647314 -2.067313 -8.160696
v -0.589816 -2.136101 -7.992964
v -0.512436 -2.228676 -7.845945
v -0.418149 -2.341478 -7.725291
v -0.310578 -2.470172 -7.635636
v -0.193855 -2.609815 -7.580427
v -0.072469 -2.755038 -7.561785
v 0.048918 -2.900260 -7.580427
v 0.165640 -3.039902 -7.635636
v 0.273212 -3.168597 -7.725290
v 0.367499 -3.281399 -7.845945
v 0.444879 -3.373974 -7.992963
v 0.502377 -3.442762 -8.160695
v 0.537784 -3.485122 -8.342695
v 0.783115 -3.124607 -8.531969
v 0.772859 -3.112337 -8.694336
v 0.742485 -3.075998 -8.850465
v 0.693161 -3.016988 -8.994352
v 0.626781 -2.937574 -9.120472
v 0.545897 -2.840807 -9.223975
v 0.453617 -2.730407 -9.300885
v 0.353487 -2.610615 -9.348246
v 0.249356 -2.486036 -9.364238
v 0.145225 -2.361457 -9.348246
v 0.045095 -2.241665 -9.300885
v -0.047185 -2.131265 -9.223975
v -0.128069 -2.034498 -9.120472
v -0.194449 -1.955084 -8.994353
v -0.243774 -1.896073 -8.850465
v -0.274148 -1.859735 -8.694337
v -0.284404 -1.847465 -8.531969
v -0.274148 -1.859735 -8.369601
v -0.243774 -1.896073 -8.213473
v -0.194449 -1.955083 -8.069585
v -0.128069 -2.034498 -7.943466
v -0.047185 -2.131265 -7.839962
v 0.045095 -2.241665 -7.763052
v 0.145224 -2.361457 -7.715692
v 0.249356 -2.486036 -7.699700
v 0.353487 -2.610615 -7.715692
v 0.453617 -2.730406 -7.763052
v 0.545897 -2.840806 -7.839962
v 0.626781 -2.937573 -7.943466
v 0.693161 -3.016988 -8.069585
v 0.742485 -3.075998 -8.213473
v 0.772859 -3.112337 -8.369601
v 0.231365 -3.118533 -7.879901
v 0.293044 -3.192323 -7.962041
v 0.388104 -3.306050 -8.166053
v 0.345722 -3.255346 -8.058214
v 0.438080 -3.365839 -8.405883
v 0.419144 -3.343186 -8.282901
v 0.438080 -3.365839 -8.658055
v 0.444444 -3.373453 -8.531969
v -0.072469 -2.755038 -7.725969
v -0.232203 -2.563937 -7.765418
v -0.153332 -2.658296 -7.735892
v 0.008394 -2.851779 -7.735892
v -0.376302 -2.391542 -7.879901
v -0.307142 -2.474283 -7.813818
v -0.490659 -2.254729 -8.058214
v -0.437981 -2.317752 -7.962041
v -0.589381 -2.136622 -8.531969
v -0.583017 -2.144236 -8.405883
v -0.564081 -2.166890 -8.781036
v -0.583017 -2.144236 -8.658055
v -0.490659 -2.254729 -9.005724
v -0.533041 -2.204026 -8.897885
v -0.376302 -2.391542 -9.184036
v -0.437981 -2.317752 -9.101897
v 0.345722 -3.255347 -9.005724
v 0.293044 -3.192324 -9.101896
v 0.162205 -3.035793 -9.250120
v 0.231365 -3.118533 -9.184036
v -0.072469 -2.755038 -9.337969
v -0.153331 -2.658296 -9.328046
v 0.008394 -2.851779 -9.328046
v 0.087266 -2.946139 -9.298520
v 0.087266 -2.946138 -7.765417
v 0.162205 -3.035792 -7.813818
v -0.548561 -2.185457 -8.224477
v -0.533041 -2.204025 -8.166053
v 0.403624 -3.324618 -8.839460
v 0.419144 -3.343186 -8.781036
v -0.564081 -2.166889 -8.282902
v 0.388104 -3.306050 -8.897885
v -0.232203 -2.563937 -9.298520
v -0.307142 -2.474283 -9.250120
v 0.723855 -2.301036 -7.715692
v 0.823985 -2.420828 -7.763052
v 1.143228 -2.802759 -8.694337
v 1.011444 -2.645097 -8.653463
v 0.988716 -2.617906 -8.770288
v 0.337310 -1.838587 -8.972325
v 0.515593 -2.051879 -9.348247
v 0.541806 -2.083240 -9.142761
v 0.466883 -1.993604 -9.107323
v 0.096221 -1.550157 -8.369601
v 0.228005 -1.707818 -8.410475
v 0.250732 -1.735009 -8.293650
v 0.697642 -2.269676 -7.921177
v 0.772566 -2.359312 -7.956615
v 0.667393 -2.233487 -8.158294
v 0.337310 -1.838587 -8.091613
v 0.397833 -1.910995 -9.049773
v 0.822889 -2.419517 -8.743639
v 0.951808 -2.573751 -8.877954
v 0.619724 -2.176458 -8.912966
v 0.572055 -2.119428 -8.905644
v 0.902138 -2.514328 -8.091612
v 0.619724 -2.176457 -8.150972
v 1.153484 -2.815028 -8.531969
v 0.619724 -2.176458 -9.364238
v 0.085965 -1.537887 -8.531969
v 0.619724 -2.176457 -7.699700
v 1.143228 -2.802758 -8.369601
v 1.019118 -2.654278 -8.531969
v 0.619724 -2.176458 -9.154727
v 0.220330 -1.698637 -8.531969
v 0.619724 -2.176457 -7.909211
v 1.011444 -2.645097 -8.410475
v 0.572055 -2.119428 -8.158294
v 0.416559 -1.933398 -8.320299
v 0.287640 -1.779164 -8.185983
v 0.228005 -1.707818 -8.653463
v 0.772566 -2.359312 -9.107323
v 0.841615 -2.441921 -8.014164
v 0.845469 -2.446531 -8.677770
v 0.393979 -1.906384 -8.386168
v 1.112854 -2.766420 -8.850465
v 0.415463 -1.932087 -9.300885
v 0.126595 -1.586495 -8.213473
v 0.916265 -2.531229 -7.839962
v 0.997149 -2.627995 -7.943466
v 1.063529 -2.707410 -8.994352
v 0.323183 -1.821687 -9.223975
v 0.175919 -1.645505 -8.069585
v 0.393979 -1.906384 -8.677770
v 0.250732 -1.735009 -8.770288
v 0.902138 -2.514328 -8.972325
v 0.466883 -1.993603 -7.956615
v 0.841616 -2.441921 -9.049773
v 0.845469 -2.446531 -8.386168
v 0.988716 -2.617906 -8.293650
v 0.397833 -1.910995 -8.014164
v 0.822889 -2.419517 -8.320299
v 0.951808 -2.573751 -8.185983
v 0.997149 -2.627995 -9.120472
v 0.242299 -1.724920 -9.120472
v 0.242299 -1.724920 -7.943466
v 1.063529 -2.707410 -8.069585
v 1.112854 -2.766420 -8.213473
v 0.916265 -2.531229 -9.223975
v 0.175919 -1.645505 -8.994353
v 0.287640 -1.779164 -8.877955
v 0.323183 -1.821687 -7.839962
v 0.667393 -2.233488 -8.905644
v 0.697642 -2.269676 -9.142761
v 0.416559 -1.933398 -8.743639
v 0.541806 -2.083239 -7.921177
v 0.823985 -2.420828 -9.300885
v 0.126595 -1.586495 -8.850465
v 0.415463 -1.932087 -7.763052
v 0.515593 -2.051878 -7.715692
v 0.723856 -2.301037 -9.348246
v 0.096221 -1.550157 -8.694337
v 0.752540 -2.390059 -9.298520
v 0.673668 -2.295700 -9.328046
v 0.174615 -1.698649 -8.058214
v 0.227293 -1.761672 -7.962041
v 0.511942 -2.102216 -7.735892
v 0.592805 -2.198958 -7.725969
v 0.752540 -2.390059 -7.765418
v 0.827479 -2.479713 -7.813818
v 1.053378 -2.749970 -8.166053
v 1.084418 -2.787106 -8.282901
v 0.958318 -2.636244 -9.101897
v 0.896639 -2.562454 -9.184036
v 1.109718 -2.817374 -8.531969
v 1.103354 -2.809760 -8.658055
v 1.053378 -2.749970 -8.897885
v 1.010996 -2.699267 -9.005724
v 0.174615 -1.698650 -9.005724
v 0.132233 -1.647946 -8.897885
v 0.958318 -2.636244 -7.962041
v 1.010996 -2.699267 -8.058214
v 1.103354 -2.809760 -8.405883
v 0.827479 -2.479713 -9.250120
v 0.288972 -1.835463 -9.184036
v 0.227293 -1.761672 -9.101897
v 0.082257 -1.588156 -8.658055
v 0.075893 -1.580543 -8.531969
v 0.101193 -1.610810 -8.282902
v 0.132233 -1.647946 -8.166053
v 0.358132 -1.918203 -7.813818
v 0.433071 -2.007857 -7.765418
v 0.673668 -2.295699 -7.735892
v 0.288972 -1.835462 -7.879901
v 0.511943 -2.102217 -9.328046
v 0.433071 -2.007857 -9.298520
v 0.592805 -2.198958 -9.337969
v 0.896639 -2.562454 -7.879901
v 0.358132 -1.918203 -9.250120
v 0.101193 -1.610810 -8.781036
v 1.084418 -2.787106 -8.781036
v 0.082257 -1.588156 -8.405883
v 0.851563 -2.453822 -8.417494
v 0.851563 -2.453822 -8.646444
v 0.799548 -2.391593 -8.787987
v 0.671934 -2.238919 -8.903497
v 0.567515 -2.113996 -8.903497
v 0.439900 -1.961323 -8.787987
v 0.387885 -1.899093 -8.646444
v 0.387885 -1.899093 -8.417494
v 0.439900 -1.961323 -8.275951
v 0.567515 -2.113996 -8.160440
v 0.671933 -2.238919 -8.160440
v 0.799548 -2.391592 -8.275951
v 0.846030 -2.447202 -8.424574
v 0.846030 -2.447202 -8.639363
v 0.792525 -2.383190 -8.783865
v 0.566219 -2.112446 -8.891260
v 0.673229 -2.240469 -8.891260
v 0.446923 -1.969725 -8.783865
v 0.393418 -1.905713 -8.424575
v 0.393418 -1.905714 -8.639363
v 0.446923 -1.969725 -8.280073
v 0.673229 -2.240469 -8.172678
v 0.566219 -2.112446 -8.172678
v 0.792525 -2.383190 -8.280072
v 0.824915 -2.421941 -8.473847
v 0.833916 -2.432709 -8.447590
v 0.819372 -2.415310 -8.502338
v 0.819372 -2.415310 -8.561599
v 0.817501 -2.413070 -8.531969
v 0.833916 -2.432710 -8.616348
v 0.754601 -2.337819 -8.779989
v 0.773685 -2.360651 -8.779016
v 0.824915 -2.421941 -8.590091
v 0.465763 -1.992264 -8.779016
v 0.484847 -2.015096 -8.779989
v 0.503443 -2.037343 -8.786751
v 0.559493 -2.104399 -8.863395
v 0.679955 -2.248516 -8.863395
v 0.549410 -2.092336 -8.838111
v 0.520836 -2.058151 -8.799038
v 0.536357 -2.076720 -8.816381
v 0.484847 -2.015096 -8.283949
v 0.405532 -1.920206 -8.447590
v 0.465763 -1.992264 -8.284923
v 0.414533 -1.930974 -8.473847
v 0.420076 -1.937606 -8.502339
v 0.421948 -1.939845 -8.531969
v 0.414533 -1.930974 -8.590091
v 0.405532 -1.920206 -8.616348
v 0.420076 -1.937606 -8.561599
v 0.559493 -2.104399 -8.200543
v 0.679955 -2.248516 -8.200543
v 0.690039 -2.260579 -8.225827
v 0.773685 -2.360651 -8.284923
v 0.754601 -2.337819 -8.283948
v 0.736005 -2.315572 -8.277187
v 0.718612 -2.294764 -8.264900
v 0.703091 -2.276195 -8.247558
v 0.718612 -2.294764 -8.799038
v 0.736005 -2.315572 -8.786751
v 0.690039 -2.260579 -8.838111
v 0.703092 -2.276195 -8.816381
v 0.536357 -2.076720 -8.247558
v 0.549410 -2.092336 -8.225827
v 0.503443 -2.037343 -8.277187
v 0.520836 -2.058151 -8.264900
v 1.012310 -2.646133 -8.531969
v 1.010438 -2.643894 -8.561599
v 0.983781 -2.612002 -8.639363
v 0.980309 -2.607848 -8.643806
v 0.995894 -2.626494 -8.616348
v 1.004895 -2.637263 -8.590090
v 0.877630 -2.485007 -8.672287
v 0.860790 -2.464860 -8.658252
v 0.969020 -2.594343 -8.658252
v 0.952180 -2.574196 -8.672286
v 0.914905 -2.529602 -8.683847
v 0.895903 -2.506868 -8.680929
v 0.933908 -2.552336 -8.680929
v 0.810396 -2.404570 -8.794353
v 0.826611 -2.423970 -8.810076
v 0.851670 -2.453949 -8.854630
v 0.840547 -2.440643 -8.830428
v 0.859550 -2.463377 -8.881749
v 0.863886 -2.468564 -8.910745
v 0.863928 -2.468615 -8.912745
v 0.864511 -2.469312 -8.940502
v 0.861400 -2.465590 -8.969878
v 0.836165 -2.435400 -9.037054
v 0.844591 -2.445480 -9.023026
v 0.854674 -2.457544 -8.997744
v 0.816017 -2.411295 -9.062099
v 0.831538 -2.429864 -9.044758
v 0.798624 -2.390488 -9.074388
v 0.765805 -2.351224 -9.081875
v 0.780029 -2.368240 -9.081148
v 0.760944 -2.345408 -9.082123
v 0.670279 -2.236940 -8.928264
v 0.670119 -2.236748 -8.920635
v 0.682960 -2.252111 -9.006509
v 0.678148 -2.246354 -8.989948
v 0.724234 -2.301489 -9.066785
v 0.708019 -2.282090 -9.051063
v 0.742105 -2.322869 -9.077272
v 0.694082 -2.265417 -9.030709
v 0.675080 -2.242683 -8.979389
v 0.670744 -2.237495 -8.950393
v 0.568705 -2.115420 -8.950393
v 0.569169 -2.115976 -8.928264
v 0.561300 -2.106561 -8.989949
v 0.564369 -2.110233 -8.979389
v 0.569330 -2.116167 -8.920635
v 0.545366 -2.087498 -9.030710
v 0.556488 -2.100805 -9.006509
v 0.515215 -2.051426 -9.066785
v 0.531430 -2.070825 -9.051063
v 0.478504 -2.007507 -9.082123
v 0.473643 -2.001691 -9.081875
v 0.497344 -2.030046 -9.077272
v 0.407910 -1.923051 -9.044758
v 0.403283 -1.917516 -9.037054
v 0.459420 -1.984675 -9.081148
v 0.423431 -1.941620 -9.062100
v 0.440824 -1.962428 -9.074388
v 0.375520 -1.884301 -8.912745
v 0.374938 -1.883604 -8.940502
v 0.384774 -1.895372 -8.997744
v 0.394857 -1.907435 -9.023027
v 0.378048 -1.887325 -8.969878
v 0.429053 -1.948345 -8.794353
v 0.412838 -1.928946 -8.810076
v 0.387779 -1.898967 -8.854630
v 0.375562 -1.884351 -8.910745
v 0.379898 -1.889539 -8.881749
v 0.398901 -1.912273 -8.830428
v 0.378658 -1.888055 -8.658252
v 0.361818 -1.867908 -8.672287
v 0.324543 -1.823313 -8.683847
v 0.343546 -1.846048 -8.680929
v 0.259140 -1.745067 -8.643806
v 0.270428 -1.758572 -8.658252
v 0.287268 -1.778719 -8.672287
v 0.305540 -1.800579 -8.680929
v 0.255668 -1.740913 -8.639363
v 0.229010 -1.709021 -8.561599
v 0.227139 -1.706782 -8.531969
v 0.227139 -1.706782 -8.531969
v 0.234553 -1.715652 -8.590091
v 0.243554 -1.726421 -8.616348
v 0.259140 -1.745067 -8.420132
v 0.255668 -1.740913 -8.424575
v 0.243554 -1.726421 -8.447590
v 0.234553 -1.715652 -8.473847
v 0.229010 -1.709021 -8.502339
v 0.361818 -1.867908 -8.391651
v 0.378658 -1.888055 -8.405686
v 0.270428 -1.758572 -8.405686
v 0.324543 -1.823313 -8.380090
v 0.305540 -1.800579 -8.383009
v 0.343546 -1.846047 -8.383009
v 0.287268 -1.778719 -8.391651
v 0.429053 -1.948345 -8.269585
v 0.412837 -1.928946 -8.253862
v 0.375520 -1.884301 -8.151192
v 0.375562 -1.884351 -8.153193
v 0.379898 -1.889538 -8.182189
v 0.387779 -1.898966 -8.209309
v 0.398901 -1.912272 -8.233510
v 0.374938 -1.883604 -8.123436
v 0.403283 -1.917515 -8.026883
v 0.394857 -1.907435 -8.040911
v 0.378048 -1.887325 -8.094060
v 0.384774 -1.895372 -8.066195
v 0.473643 -2.001691 -7.982063
v 0.440824 -1.962427 -7.989551
v 0.459420 -1.984675 -7.982790
v 0.423431 -1.941620 -8.001838
v 0.407910 -1.923051 -8.019180
v 0.478504 -2.007507 -7.981815
v 0.515214 -2.051426 -7.997153
v 0.497344 -2.030046 -7.986665
v 0.531430 -2.070825 -8.012876
v 0.556488 -2.100804 -8.057429
v 0.545366 -2.087498 -8.033228
v 0.569329 -2.116167 -8.143302
v 0.569169 -2.115975 -8.135674
v 0.561300 -2.106561 -8.073990
v 0.564369 -2.110232 -8.084549
v 0.568705 -2.115420 -8.113544
v 0.675079 -2.242682 -8.084549
v 0.678148 -2.246354 -8.073989
v 0.670279 -2.236939 -8.135674
v 0.670743 -2.237495 -8.113544
v 0.682960 -2.252110 -8.057429
v 0.694082 -2.265417 -8.033228
v 0.670119 -2.236748 -8.143302
v 0.742104 -2.322869 -7.986665
v 0.760944 -2.345408 -7.981815
v 0.765805 -2.351224 -7.982063
v 0.724234 -2.301489 -7.997153
v 0.708019 -2.282090 -8.012876
v 0.780028 -2.368240 -7.982789
v 0.798624 -2.390487 -7.989550
v 0.816017 -2.411295 -8.001838
v 0.836165 -2.435400 -8.026883
v 0.831538 -2.429864 -8.019180
v 0.844591 -2.445480 -8.040911
v 0.854674 -2.457543 -8.066195
v 0.861400 -2.465590 -8.094060
v 0.863928 -2.468614 -8.151192
v 0.864511 -2.469311 -8.123435
v 0.863886 -2.468564 -8.153193
v 0.851669 -2.453949 -8.209309
v 0.859550 -2.463377 -8.182189
v 0.810396 -2.404570 -8.269585
v 0.826611 -2.423969 -8.253862
v 0.840547 -2.440642 -8.233509
v 0.914905 -2.529602 -8.380090
v 0.895903 -2.506868 -8.383008
v 0.860790 -2.464860 -8.405686
v 0.877630 -2.485007 -8.391651
v 0.933908 -2.552336 -8.383008
v 0.952180 -2.574196 -8.391651
v 0.980309 -2.607848 -8.420132
v 0.969020 -2.594343 -8.405686
v 0.983781 -2.612002 -8.424574
v 0.995894 -2.626494 -8.447589
v 1.004895 -2.637263 -8.473847
v 1.010438 -2.643894 -8.502338
v 1.012310 -2.646133 -8.531969
v 0.432501 -2.007175 -7.982790
v 0.451585 -2.030007 -7.981815
v 0.734025 -2.367908 -7.981815
v 0.753110 -2.390740 -7.982789
v 0.470425 -2.052546 -7.986665
v 0.715186 -2.345370 -7.986665
v 0.771706 -2.412988 -7.989550
v 0.396512 -1.964120 -8.001838
v 0.488296 -2.073926 -7.997153
v 0.697315 -2.323990 -7.997153
v 0.789098 -2.433796 -8.001838
v 0.413905 -1.984928 -7.989551
v 0.504511 -2.093326 -8.012876
v 0.681100 -2.304590 -8.012876
v 0.518447 -2.109999 -8.033228
v 0.529570 -2.123305 -8.057429
v 0.667163 -2.287917 -8.033228
v 0.367939 -1.929935 -8.040911
v 0.817672 -2.467981 -8.040911
v 0.656041 -2.274611 -8.057429
v 0.648161 -2.265183 -8.084549
v 0.537450 -2.132733 -8.084549
v 0.351129 -1.909825 -8.094060
v 0.834481 -2.488091 -8.094060
v 0.357855 -1.917872 -8.066195
v 0.827755 -2.480044 -8.066195
v 0.380991 -1.945551 -8.019180
v 0.804619 -2.452364 -8.019180
v 0.643825 -2.259996 -8.113544
v 0.541786 -2.137920 -8.113544
v 0.542067 -2.138257 -8.126948
v 0.643481 -2.259585 -8.129898
v 0.643200 -2.259248 -8.143302
v 0.542411 -2.138668 -8.143302
v 0.832631 -2.485877 -8.182189
v 0.532574 -2.126900 -8.200543
v 0.653036 -2.271016 -8.200543
v 0.352979 -1.912039 -8.182189
v 0.646310 -2.262969 -8.172678
v 0.539300 -2.134946 -8.172678
v 0.824751 -2.476449 -8.209309
v 0.348644 -1.906852 -8.153193
v 0.836967 -2.491065 -8.153193
v 0.837592 -2.491812 -8.123435
v 0.522491 -2.114836 -8.225827
v 0.663120 -2.283080 -8.225827
v 0.676173 -2.298696 -8.247558
v 0.509438 -2.099220 -8.247558
v 0.371982 -1.934773 -8.233510
v 0.402134 -1.970845 -8.269585
v 0.493917 -2.080652 -8.264900
v 0.438844 -2.014764 -8.284923
v 0.457929 -2.037596 -8.283949
v 0.420005 -1.992225 -8.280073
v 0.476524 -2.059844 -8.277187
v 0.385919 -1.951446 -8.253862
v 0.348019 -1.906104 -8.123436
v 0.360860 -1.921467 -8.209309
v 0.202091 -1.731522 -8.502339
v 0.202091 -1.731522 -8.561599
v 0.200220 -1.729283 -8.531969
v 0.216635 -1.748922 -8.616348
v 0.366500 -1.928214 -8.639363
v 0.207634 -1.738153 -8.590091
v 0.243509 -1.781073 -8.658252
v 0.334899 -1.890409 -8.672287
v 0.278622 -1.823080 -8.680929
v 0.297624 -1.845814 -8.683847
v 0.260349 -1.801219 -8.672287
v 0.316627 -1.868548 -8.680929
v 0.228749 -1.763414 -8.639363
v 0.351739 -1.910555 -8.658252
v 0.438844 -2.014765 -8.779016
v 0.420005 -1.992226 -8.783865
v 0.476525 -2.059844 -8.786751
v 0.385919 -1.951446 -8.810076
v 0.509438 -2.099221 -8.816381
v 0.402134 -1.970846 -8.794353
v 0.493917 -2.080652 -8.799038
v 0.532574 -2.126900 -8.863395
v 0.653037 -2.271017 -8.863395
v 0.360860 -1.921467 -8.854630
v 0.522491 -2.114837 -8.838111
v 0.539300 -2.134947 -8.891260
v 0.646311 -2.262970 -8.891260
v 0.352980 -1.912039 -8.881749
v 0.371982 -1.934773 -8.830428
v 0.348644 -1.906852 -8.910745
v 0.457929 -2.037596 -8.779989
v 0.643200 -2.259248 -8.920635
v 0.542411 -2.138668 -8.920635
v 0.542129 -2.138331 -8.934039
v 0.541786 -2.137920 -8.950393
v 0.643825 -2.259996 -8.950393
v 0.643543 -2.259659 -8.936990
v 0.648161 -2.265183 -8.979389
v 0.537450 -2.132733 -8.979389
v 0.351129 -1.909826 -8.969878
v 0.348019 -1.906104 -8.940502
v 0.656041 -2.274611 -9.006509
v 0.529570 -2.123305 -9.006509
v 0.667163 -2.287918 -9.030709
v 0.518447 -2.109999 -9.030710
v 0.367939 -1.929936 -9.023027
v 0.817672 -2.467981 -9.023026
v 0.357855 -1.917872 -8.997744
v 0.681100 -2.304591 -9.051063
v 0.504511 -2.093326 -9.051063
v 0.488296 -2.073926 -9.066785
v 0.697315 -2.323990 -9.066785
v 0.396513 -1.964120 -9.062100
v 0.789098 -2.433796 -9.062099
v 0.451585 -2.030008 -9.082123
v 0.432501 -2.007176 -9.081148
v 0.734025 -2.367909 -9.082123
v 0.753110 -2.390741 -9.081148
v 0.413905 -1.984928 -9.074388
v 0.470425 -2.052547 -9.077272
v 0.715186 -2.345370 -9.077272
v 0.771706 -2.412988 -9.074388
v 0.380992 -1.945552 -9.044758
v 0.804619 -2.452365 -9.044758
v 0.813628 -2.463143 -8.233509
v 0.792388 -2.437732 -8.260944
v 0.799692 -2.446470 -8.253862
v 0.709086 -2.338072 -8.277187
v 0.746767 -2.383152 -8.284923
v 0.727682 -2.360320 -8.283948
v 0.765606 -2.405691 -8.280072
v 0.691694 -2.317265 -8.264900
v 0.783477 -2.427071 -8.269585
v 0.297624 -1.845814 -8.380090
v 0.906989 -2.574836 -8.383008
v 0.334899 -1.890408 -8.391651
v 0.850711 -2.507508 -8.391651
v 0.841457 -2.496436 -8.399364
v 0.278622 -1.823080 -8.383009
v 0.316627 -1.868548 -8.383009
v 0.868984 -2.529368 -8.383008
v 0.925262 -2.596697 -8.391651
v 0.887986 -2.552102 -8.380090
v 0.243509 -1.781073 -8.405686
v 0.228749 -1.763414 -8.424575
v 0.366500 -1.928214 -8.424575
v 0.819111 -2.469702 -8.424574
v 0.956862 -2.634502 -8.424574
v 0.983519 -2.666394 -8.502338
v 0.207634 -1.738153 -8.473847
v 0.387614 -1.953475 -8.473847
v 0.797996 -2.444441 -8.473847
v 0.977977 -2.659763 -8.473847
v 0.216635 -1.748922 -8.447590
v 0.378613 -1.942706 -8.447590
v 0.806998 -2.455210 -8.447590
v 0.968975 -2.648994 -8.447589
v 0.260349 -1.801219 -8.391651
v 0.351739 -1.910555 -8.405686
v 0.393157 -1.960106 -8.502339
v 0.792454 -2.437810 -8.502338
v 0.833871 -2.487361 -8.405686
v 0.942102 -2.616844 -8.405686
v 0.395029 -1.962345 -8.531969
v 0.790582 -2.435571 -8.531969
v 0.387614 -1.953475 -8.590091
v 0.977977 -2.659763 -8.590090
v 0.393157 -1.960106 -8.561599
v 0.792454 -2.437810 -8.561599
v 0.983519 -2.666394 -8.561599
v 0.806998 -2.455210 -8.616348
v 0.942102 -2.616844 -8.658252
v 0.850711 -2.507508 -8.672287
v 0.843126 -2.498433 -8.665965
v 0.833871 -2.487361 -8.658252
v 0.925262 -2.596697 -8.672286
v 0.819111 -2.469702 -8.639363
v 0.956862 -2.634502 -8.639363
v 0.378613 -1.942706 -8.616348
v 0.797996 -2.444441 -8.590091
v 0.968975 -2.648994 -8.616348
v 0.887986 -2.552102 -8.683847
v 0.727682 -2.360320 -8.779989
v 0.746767 -2.383152 -8.779016
v 0.691694 -2.317265 -8.799038
v 0.783477 -2.427071 -8.794353
v 0.790781 -2.435809 -8.801435
v 0.709086 -2.338073 -8.786751
v 0.765606 -2.405691 -8.783865
v 0.813629 -2.463143 -8.830428
v 0.663120 -2.283080 -8.838111
v 0.824751 -2.476449 -8.854630
v 0.837592 -2.491812 -8.940502
v 0.836967 -2.491065 -8.910745
v 0.827756 -2.480044 -8.997744
v 0.834482 -2.488091 -8.969878
v 0.832631 -2.485877 -8.881749
v 0.676173 -2.298696 -8.816381
v 0.799692 -2.446470 -8.810076
v 0.868984 -2.529368 -8.680929
v 0.906989 -2.574836 -8.680929
v 0.985391 -2.668634 -8.531969
v 0.189307 -2.566910 -7.625877
v 0.189307 -2.023365 -7.680252
v 0.733151 -2.567209 -7.680252
v 0.733151 -2.023365 -7.680252
v 0.189307 -1.813663 -7.470550
v 0.733151 -1.813663 -7.470550
v 0.189307 -2.566910 -9.438061
v 0.189307 -2.023365 -9.383686
v 0.733151 -2.567209 -9.383686
v 0.733151 -2.023365 -9.383686
v 0.189307 -1.813663 -9.593388
v 0.733151 -1.813663 -9.593389
v 0.189307 -1.344744 -7.470550
v 0.733151 -1.344744 -7.470550
v 0.189307 -1.344744 -9.593389
v 0.733151 -1.344744 -9.593388
v 0.189307 -2.064989 -7.579762
v 0.733151 -2.567209 -7.571483
v 0.733151 -2.064989 -7.579762
v 0.189307 -1.855287 -7.370060
v 0.733151 -1.855287 -7.370060
v 0.189307 -2.064989 -9.484175
v 0.733151 -2.567208 -9.492455
v 0.733151 -2.064989 -9.484175
v 0.189307 -1.855286 -9.693877
v 0.733151 -1.855286 -9.693877
v 0.189307 -1.267833 -7.393639
v 0.733151 -1.267833 -7.393639
v 0.189307 -1.267833 -9.670300
v 0.733151 -1.267833 -9.670300
v 0.719112 -2.250715 -8.531969
v 0.702348 -2.297852 -8.531969
v 0.717614 -2.248931 -8.555621
v 0.700537 -2.295695 -8.560560
v 0.713178 -2.243647 -8.578364
v 0.695174 -2.289309 -8.588053
v 0.705973 -2.235068 -8.599324
v 0.686465 -2.278937 -8.613390
v 0.696277 -2.223521 -8.617696
v 0.674745 -2.264980 -8.635598
v 0.684463 -2.209452 -8.632773
v 0.660464 -2.247972 -8.653824
v 0.670985 -2.193400 -8.643976
v 0.644170 -2.228569 -8.667367
v 0.656359 -2.175983 -8.650876
v 0.626491 -2.207514 -8.675707
v 0.641150 -2.157871 -8.653205
v 0.608105 -2.185619 -8.678523
v 0.625940 -2.139757 -8.650876
v 0.589719 -2.163723 -8.675707
v 0.611315 -2.122340 -8.643976
v 0.572039 -2.142669 -8.667367
v 0.597836 -2.106289 -8.632773
v 0.555746 -2.123266 -8.653824
v 0.586022 -2.092220 -8.617696
v 0.541464 -2.106258 -8.635598
v 0.576326 -2.080673 -8.599324
v 0.529744 -2.092300 -8.613390
v 0.569121 -2.072093 -8.578364
v 0.521035 -2.081929 -8.588053
v 0.564685 -2.066810 -8.555621
v 0.515672 -2.075542 -8.560560
v 0.563187 -2.065026 -8.531969
v 0.513861 -2.073386 -8.531969
v 0.564685 -2.066810 -8.508317
v 0.515672 -2.075542 -8.503378
v 0.569121 -2.072093 -8.485574
v 0.521035 -2.081929 -8.475885
v 0.576326 -2.080673 -8.464614
v 0.529744 -2.092300 -8.450548
v 0.586022 -2.092220 -8.446242
v 0.541464 -2.106258 -8.428340
v 0.597836 -2.106289 -8.431165
v 0.555746 -2.123266 -8.410113
v 0.611315 -2.122340 -8.419961
v 0.572039 -2.142669 -8.396570
v 0.625940 -2.139757 -8.413062
v 0.589719 -2.163723 -8.388231
v 0.641149 -2.157871 -8.410733
v 0.608105 -2.185619 -8.385415
v 0.656359 -2.175983 -8.413062
v 0.626491 -2.207514 -8.388231
v 0.670985 -2.193400 -8.419961
v 0.644170 -2.228569 -8.396570
v 0.684463 -2.209452 -8.431165
v 0.660464 -2.247972 -8.410113
v 0.696277 -2.223521 -8.446242
v 0.674745 -2.264980 -8.428340
v 0.705973 -2.235068 -8.464614
v 0.686465 -2.278937 -8.450548
v 0.713178 -2.243647 -8.485574
v 0.695174 -2.289309 -8.475885
v 0.717614 -2.248931 -8.508317
v 0.700537 -2.295695 -8.503378
v 0.735393 -2.270103 -8.531969
v 0.733582 -2.267947 -8.560560
v 0.728219 -2.261560 -8.588053
v 0.719510 -2.251189 -8.613390
v 0.707790 -2.237231 -8.635598
v 0.693508 -2.220224 -8.653824
v 0.677215 -2.200820 -8.667367
v 0.659536 -2.179766 -8.675707
v 0.641150 -2.157871 -8.678523
v 0.622764 -2.135975 -8.675707
v 0.605084 -2.114921 -8.667367
v 0.588791 -2.095517 -8.653824
v 0.574509 -2.078510 -8.635598
v 0.562789 -2.064552 -8.613390
v 0.554080 -2.054181 -8.588053
v 0.548717 -2.047794 -8.560560
v 0.546906 -2.045638 -8.531969
v 0.548717 -2.047794 -8.503378
v 0.554080 -2.054181 -8.475885
v 0.562789 -2.064552 -8.450548
v 0.574509 -2.078510 -8.428340
v 0.588791 -2.095517 -8.410113
v 0.605084 -2.114921 -8.396570
v 0.622764 -2.135975 -8.388231
v 0.641149 -2.157871 -8.385415
v 0.659536 -2.179766 -8.388231
v 0.677215 -2.200820 -8.396570
v 0.693508 -2.220224 -8.410113
v 0.707790 -2.237231 -8.428340
v 0.719510 -2.251189 -8.450548
v 0.728219 -2.261560 -8.475885
v 0.733582 -2.267947 -8.503378
v 0.842226 -2.075579 -8.531969
v 0.841407 -2.074604 -8.544901
v 0.838981 -2.071715 -8.557335
v 0.835042 -2.067024 -8.568795
v 0.829741 -2.060711 -8.578839
v 0.823282 -2.053019 -8.587083
v 0.815913 -2.044243 -8.593208
v 0.807916 -2.034720 -8.596980
v 0.799601 -2.024817 -8.598254
v 0.791285 -2.014914 -8.596980
v 0.783288 -2.005391 -8.593208
v 0.775919 -1.996615 -8.587083
v 0.769460 -1.988923 -8.578839
v 0.764159 -1.982610 -8.568795
v 0.760220 -1.977919 -8.557335
v 0.757794 -1.975030 -8.544901
v 0.756975 -1.974055 -8.531969
v 0.757794 -1.975030 -8.519037
v 0.760220 -1.977919 -8.506603
v 0.764159 -1.982610 -8.495143
v 0.769460 -1.988923 -8.485098
v 0.775919 -1.996615 -8.476855
v 0.783288 -2.005391 -8.470730
v 0.791285 -2.014914 -8.466957
v 0.799601 -2.024817 -8.465684
v 0.807916 -2.034720 -8.466957
v 0.815913 -2.044243 -8.470730
v 0.823282 -2.053019 -8.476855
v 0.829741 -2.060711 -8.485098
v 0.835042 -2.067024 -8.495143
v 0.838981 -2.071715 -8.506602
v 0.841407 -2.074604 -8.519037
v 0.865954 -2.103836 -8.531969
v 0.864679 -2.102318 -8.552099
v 0.860903 -2.097821 -8.571456
v 0.854772 -2.090519 -8.589294
v 0.846520 -2.080692 -8.604931
v 0.836465 -2.068718 -8.617763
v 0.824993 -2.055056 -8.627298
v 0.812546 -2.040233 -8.633170
v 0.799601 -2.024817 -8.635153
v 0.786656 -2.009401 -8.633170
v 0.774208 -1.994578 -8.627298
v 0.762736 -1.980916 -8.617763
v 0.752681 -1.968942 -8.604931
v 0.744430 -1.959115 -8.589294
v 0.738298 -1.951813 -8.571456
v 0.734522 -1.947316 -8.552099
v 0.733247 -1.945797 -8.531969
v 0.734522 -1.947316 -8.511839
v 0.738298 -1.951813 -8.492482
v 0.744430 -1.959115 -8.474643
v 0.752681 -1.968942 -8.459007
v 0.762736 -1.980916 -8.446175
v 0.774208 -1.994577 -8.436640
v 0.786656 -2.009401 -8.430768
v 0.799601 -2.024817 -8.428785
v 0.812546 -2.040233 -8.430768
v 0.824993 -2.055056 -8.436640
v 0.836465 -2.068718 -8.446175
v 0.846520 -2.080692 -8.459007
v 0.854772 -2.090519 -8.474643
v 0.860903 -2.097821 -8.492482
v 0.864679 -2.102318 -8.511839
v 0.803245 -2.108312 -8.531969
v 0.802426 -2.107337 -8.544901
v 0.800000 -2.104448 -8.557335
v 0.796061 -2.099757 -8.568795
v 0.790760 -2.093444 -8.578839
v 0.784301 -2.085752 -8.587083
v 0.776931 -2.076976 -8.593208
v 0.768935 -2.067453 -8.596980
v 0.760619 -2.057550 -8.598254
v 0.752303 -2.047647 -8.596980
v 0.744307 -2.038124 -8.593208
v 0.736938 -2.029348 -8.587083
v 0.730478 -2.021656 -8.578839
v 0.725177 -2.015343 -8.568795
v 0.721238 -2.010652 -8.557335
v 0.718813 -2.007763 -8.544901
v 0.717994 -2.006788 -8.531969
v 0.718813 -2.007763 -8.519037
v 0.721238 -2.010652 -8.506603
v 0.725177 -2.015343 -8.495143
v 0.730478 -2.021656 -8.485098
v 0.736938 -2.029348 -8.476855
v 0.744307 -2.038124 -8.470730
v 0.752303 -2.047647 -8.466957
v 0.760619 -2.057550 -8.465684
v 0.768935 -2.067453 -8.466957
v 0.776931 -2.076976 -8.470730
v 0.784301 -2.085752 -8.476855
v 0.790760 -2.093444 -8.485098
v 0.796061 -2.099757 -8.495143
v 0.800000 -2.104448 -8.506602
v 0.802426 -2.107337 -8.519037
v 0.466104 -1.732484 -8.565553
v 0.830796 -1.996768 -8.518571
v 0.860429 -1.839466 -8.595799
v 0.816188 -1.705006 -8.625561
v 0.741767 -1.612203 -8.643999
v 0.618274 -1.552179 -8.640843
v 0.452180 -1.550205 -8.654428
v 0.314091 -1.700598 -8.797339
v 0.432910 -1.790870 -8.923519
v 0.660460 -1.869540 -8.917348
v 0.722182 -1.945965 -8.753078
v 0.509502 -1.854301 -8.586066
v 0.446077 -1.583902 -8.574128
v 0.641425 -1.570083 -8.622378
v 0.840165 -1.845236 -8.625888
v 0.724180 -1.629294 -8.668200
v 0.459810 -1.561206 -8.695097
v 0.346549 -1.675161 -8.804358
v 0.446564 -1.770857 -8.903604
v 0.661324 -1.834845 -8.895046
v 0.730916 -1.916698 -8.722833
v 0.542193 -1.838927 -8.559429
v 0.470665 -1.707157 -8.529676
v 0.470093 -1.580044 -8.536194
v 0.480545 -1.485731 -8.535884
v 0.442043 -1.757000 -8.923517
v 0.480345 -1.286606 -8.587119
v 0.482443 -1.285616 -8.579983
v 0.803822 -2.009075 -8.513965
v 0.746429 -2.095889 -8.512784
v 0.748796 -2.095094 -8.504392
v 0.479229 -1.325423 -8.595320
v 0.476363 -1.301051 -8.593946
v 0.750845 -2.111388 -8.503620
v 0.466821 -1.289689 -8.590610
v 0.819487 -2.011252 -8.507018
v 0.804087 -2.037939 -8.501375
v 0.782418 -2.069740 -8.497825
v 0.745070 -2.096494 -8.541016
v 0.806502 -2.010447 -8.562729
v 0.784217 -2.045423 -8.555356
v 0.749547 -2.095352 -8.547968
v 0.467502 -1.289822 -8.545938
v 0.826725 -2.005311 -8.553891
v 0.803603 -2.043756 -8.538754
v 0.781908 -2.073126 -8.542761
v 0.753262 -2.109336 -8.535088
v 0.469236 -1.345545 -8.537412
v 0.746268 -2.104153 -8.501382
v 0.477038 -1.287157 -8.590865
v 0.743221 -2.113836 -8.544716
v 0.752769 -2.103076 -8.548047
v 0.754876 -2.108872 -8.511699
v 0.480816 -1.292458 -8.542772
v 0.486762 -1.392356 -8.586800
v 0.487781 -1.422937 -8.571056
v 0.486523 -1.463111 -8.584124
v 0.482300 -1.509877 -8.577841
v 0.471812 -1.567188 -8.575488
v 0.465998 -1.624513 -8.566250
v 0.465598 -1.680645 -8.563999
v 0.467467 -1.767626 -8.569991
v 0.469962 -1.784334 -8.573517
v 0.481766 -1.799453 -8.569221
v 0.491320 -1.815829 -8.574758
v 0.498190 -1.834374 -8.589663
v 0.542014 -1.866833 -8.609487
v 0.561235 -1.885055 -8.630505
v 0.592965 -1.899134 -8.645633
v 0.613389 -1.915056 -8.668479
v 0.642413 -1.925801 -8.688130
v 0.665797 -1.936582 -8.711819
v 0.686816 -1.943722 -8.734638
v 0.716785 -1.938776 -8.773207
v 0.731889 -1.918261 -8.781758
v 0.719104 -1.927579 -8.816828
v 0.712997 -1.917803 -8.836802
v 0.700534 -1.911948 -8.857619
v 0.692053 -1.884794 -8.869012
v 0.672226 -1.877475 -8.885394
v 0.628024 -1.854775 -8.907434
v 0.598751 -1.857100 -8.916183
v 0.573049 -1.846244 -8.919356
v 0.543996 -1.841873 -8.921616
v 0.522284 -1.811391 -8.918474
v 0.494782 -1.802840 -8.915287
v 0.468060 -1.794433 -8.909980
v 0.421050 -1.770795 -8.893937
v 0.397572 -1.768525 -8.882907
v 0.378685 -1.758994 -8.870680
v 0.355219 -1.765316 -8.854741
v 0.350109 -1.737438 -8.842383
v 0.337203 -1.732448 -8.824411
v 0.333869 -1.715685 -8.808291
v 0.330896 -1.691994 -8.766513
v 0.344653 -1.667060 -8.751881
v 0.361390 -1.642102 -8.739987
v 0.369807 -1.632215 -8.710387
v 0.394484 -1.606892 -8.707662
v 0.414054 -1.591531 -8.693388
v 0.434889 -1.578515 -8.680821
v 0.478215 -1.561909 -8.662105
v 0.499880 -1.558748 -8.653625
v 0.521620 -1.557871 -8.651827
v 0.584651 -1.568433 -8.641404
v 0.665219 -1.597490 -8.643126
v 0.701572 -1.615044 -8.639012
v 0.750739 -1.651260 -8.639409
v 0.768454 -1.670441 -8.637032
v 0.784167 -1.691922 -8.633612
v 0.812383 -1.744585 -8.624982
v 0.824341 -1.774485 -8.619377
v 0.834043 -1.805951 -8.611313
v 0.839633 -1.828270 -8.598203
v 0.843476 -1.870075 -8.583332
v 0.842607 -1.894442 -8.568645
v 0.839035 -1.919399 -8.556997
v 0.829078 -1.953543 -8.550492
v 0.757079 -2.088258 -8.498084
v 0.776003 -2.062663 -8.496651
v 0.794561 -2.032069 -8.499885
v 0.810031 -2.007901 -8.504346
v 0.833271 -1.953554 -8.524899
v 0.848343 -1.888295 -8.561173
v 0.844299 -1.834774 -8.589725
v 0.838172 -1.802245 -8.600889
v 0.828330 -1.770570 -8.608820
v 0.817259 -1.739508 -8.613621
v 0.793542 -1.696499 -8.621410
v 0.730700 -1.627347 -8.629174
v 0.700234 -1.608128 -8.627873
v 0.702105 -1.602759 -8.626689
v 0.593377 -1.565236 -8.621002
v 0.479232 -1.557887 -8.635256
v 0.406096 -1.593458 -8.672681
v 0.388654 -1.609662 -8.686635
v 0.365563 -1.632330 -8.707836
v 0.349160 -1.651416 -8.726250
v 0.334894 -1.671749 -8.746170
v 0.324688 -1.691989 -8.766544
v 0.324349 -1.744000 -8.824291
v 0.339973 -1.761527 -8.844688
v 0.699887 -1.918262 -8.861610
v 0.716155 -1.937265 -8.823080
v 0.718434 -1.945299 -8.803814
v 0.639987 -1.929536 -8.690235
v 0.533456 -1.869024 -8.614566
v 0.493102 -1.835676 -8.590912
v 0.461325 -1.778369 -8.573890
v 0.462978 -1.768746 -8.573261
v 0.459797 -1.744213 -8.572935
v 0.462868 -1.589403 -8.582942
v 0.481844 -1.442276 -8.594632
v 0.483128 -1.353907 -8.594139
v 0.816446 -2.023928 -8.518658
v 0.859180 -1.913132 -8.562003
v 0.853613 -1.801940 -8.610919
v 0.844443 -1.770899 -8.614585
v 0.829214 -1.731572 -8.625299
v 0.800398 -1.677674 -8.629529
v 0.783799 -1.654417 -8.632701
v 0.717366 -1.596672 -8.638762
v 0.687348 -1.581385 -8.633100
v 0.569582 -1.541323 -8.627949
v 0.547412 -1.538084 -8.628322
v 0.523976 -1.536794 -8.631119
v 0.428141 -1.562208 -8.666814
v 0.382443 -1.595741 -8.698612
v 0.362138 -1.615773 -8.717176
v 0.321103 -1.677394 -8.779365
v 0.328543 -1.748322 -8.853896
v 0.729683 -1.939767 -8.831633
v 0.533466 -1.872299 -8.602280
v 0.454571 -1.786251 -8.561127
v 0.442478 -1.624973 -8.569020
v 0.458408 -1.511941 -8.577446
v 0.463063 -1.465985 -8.582194
v 0.467349 -1.309053 -8.593856
v 0.467050 -1.336570 -8.594831
v 0.469382 -1.468486 -8.594388
v 0.464431 -1.520540 -8.591126
v 0.450763 -1.599776 -8.582321
v 0.446122 -1.656749 -8.576750
v 0.573462 -1.899819 -8.638754
v 0.723510 -1.942154 -8.830893
v 0.329789 -1.666461 -8.751007
v 0.556030 -1.543258 -8.621866
v 0.599784 -1.552795 -8.621298
v 0.687026 -1.585548 -8.626742
v 0.768392 -1.643546 -8.627510
v 0.815833 -1.709653 -8.618993
v 0.851668 -1.811902 -8.597147
v 0.854881 -1.910018 -8.551422
v 0.795435 -2.020186 -8.539022
v 0.828649 -1.958291 -8.575238
v 0.805271 -1.733615 -8.654393
v 0.790950 -1.705966 -8.658804
v 0.775651 -1.681916 -8.662704
v 0.759342 -1.661409 -8.664755
v 0.749525 -1.649312 -8.680259
v 0.699369 -1.613203 -8.667482
v 0.671623 -1.597450 -8.674378
v 0.544557 -1.554671 -8.676905
v 0.523420 -1.553030 -8.678073
v 0.501908 -1.553507 -8.681187
v 0.480781 -1.555551 -8.687870
v 0.439381 -1.569208 -8.705697
v 0.419581 -1.580688 -8.716908
v 0.401125 -1.594264 -8.729684
v 0.382004 -1.615545 -8.736780
v 0.370183 -1.625823 -8.758197
v 0.358905 -1.642716 -8.773370
v 0.346588 -1.690036 -8.819447
v 0.359777 -1.713566 -8.849295
v 0.368175 -1.734661 -8.859879
v 0.387582 -1.731680 -8.875978
v 0.405421 -1.742577 -8.886779
v 0.474633 -1.767499 -8.912046
v 0.501221 -1.775721 -8.916936
v 0.528723 -1.784178 -8.919725
v 0.582941 -1.806236 -8.917577
v 0.637439 -1.821866 -8.905936
v 0.683535 -1.847074 -8.881040
v 0.702987 -1.860583 -8.864032
v 0.727032 -1.892503 -8.824358
v 0.714717 -1.916336 -8.698408
v 0.570285 -1.865121 -8.591778
v 0.508372 -1.808046 -8.541408
v 0.494643 -1.792767 -8.540391
v 0.488206 -1.777030 -8.529313
v 0.481143 -1.761624 -8.530438
v 0.468056 -1.676279 -8.531205
v 0.466600 -1.644681 -8.528069
v 0.485002 -1.471696 -8.546083
v 0.483002 -1.328024 -8.539360
v 0.479849 -1.337947 -8.537359
v 0.472812 -1.521242 -8.531439
v 0.464537 -1.587642 -8.525088
v 0.459576 -1.622883 -8.520773
v 0.480525 -1.771604 -8.521666
v 0.495360 -1.791226 -8.530393
v 0.523937 -1.824407 -8.546924
v 0.698802 -1.913414 -8.671950
v 0.735489 -1.882409 -8.832260
v 0.708537 -1.857988 -8.867846
v 0.507525 -1.769781 -8.928343
v 0.515406 -1.774359 -8.921978
v 0.413431 -1.740310 -8.894824
v 0.386048 -1.726315 -8.881130
v 0.370024 -1.715669 -8.869202
v 0.359066 -1.706325 -8.854302
v 0.346680 -1.684272 -8.823447
v 0.384345 -1.607771 -8.744665
v 0.481790 -1.548531 -8.691648
v 0.502754 -1.548245 -8.685754
v 0.523748 -1.547997 -8.682278
v 0.544980 -1.546858 -8.680989
v 0.578286 -1.557120 -8.678772
v 0.614923 -1.569052 -8.679903
v 0.670481 -1.588995 -8.684460
v 0.742912 -1.632746 -8.687893
v 0.794540 -1.694534 -8.680659
v 0.802719 -1.719406 -8.675349
v 0.831382 -1.785692 -8.665030
v 0.841855 -1.829086 -8.652990
v 0.827853 -1.971979 -8.577734
v 0.464257 -1.297573 -8.552529
v 0.461738 -1.477084 -8.542906
v 0.443401 -1.616480 -8.536788
v 0.444608 -1.647685 -8.525306
v 0.457807 -1.745616 -8.519867
v 0.458522 -1.763872 -8.530375
v 0.463693 -1.779052 -8.533893
v 0.474615 -1.796836 -8.536135
v 0.492769 -1.809747 -8.531892
v 0.508130 -1.827078 -8.542527
v 0.554917 -1.858025 -8.565935
v 0.583768 -1.872516 -8.581921
v 0.616233 -1.886696 -8.602411
v 0.630510 -1.913942 -8.650233
v 0.674825 -1.910216 -8.649095
v 0.689820 -1.929948 -8.691056
v 0.722755 -1.923204 -8.700708
v 0.749719 -1.922029 -8.756951
v 0.752771 -1.916844 -8.784844
v 0.745374 -1.916960 -8.817333
v 0.742588 -1.895201 -8.835908
v 0.730052 -1.881308 -8.858632
v 0.712830 -1.867768 -8.880143
v 0.692802 -1.851741 -8.897480
v 0.642248 -1.828710 -8.924909
v 0.615760 -1.814038 -8.931969
v 0.584563 -1.810733 -8.938276
v 0.557335 -1.790330 -8.938640
v 0.527443 -1.780863 -8.938196
v 0.494950 -1.780353 -8.936600
v 0.466310 -1.771453 -8.931265
v 0.414422 -1.753655 -8.914672
v 0.395087 -1.739035 -8.903881
v 0.375748 -1.729428 -8.891790
v 0.359605 -1.719133 -8.878411
v 0.338761 -1.723493 -8.860853
v 0.338504 -1.695088 -8.848608
v 0.333976 -1.681600 -8.832479
v 0.331478 -1.659528 -8.792279
v 0.344260 -1.636135 -8.778754
v 0.357848 -1.616802 -8.762982
v 0.372125 -1.600255 -8.744753
v 0.390410 -1.583052 -8.728724
v 0.432787 -1.553740 -8.700810
v 0.479308 -1.536316 -8.687420
v 0.501640 -1.532581 -8.675391
v 0.524240 -1.531916 -8.667556
v 0.546623 -1.533491 -8.664787
v 0.576227 -1.538344 -8.663230
v 0.620858 -1.552158 -8.674954
v 0.650953 -1.562715 -8.673107
v 0.688829 -1.578966 -8.669577
v 0.715761 -1.593534 -8.666066
v 0.761064 -1.628148 -8.666328
v 0.780243 -1.649156 -8.664446
v 0.797197 -1.674433 -8.671383
v 0.829508 -1.733948 -8.652785
v 0.843442 -1.770015 -8.646413
v 0.854428 -1.807844 -8.637611
v 0.859710 -1.835498 -8.629203
v 0.862851 -1.872830 -8.614002
v 0.860739 -1.894451 -8.619459
v 0.860311 -1.909676 -8.600354
v 0.857118 -1.927248 -8.590780
v 0.852302 -1.945018 -8.584803
v 0.841574 -1.973676 -8.574084
v 0.856617 -1.899270 -8.621239
v 0.850451 -1.814190 -8.656282
v 0.840051 -1.777195 -8.664941
v 0.826794 -1.741568 -8.671176
v 0.777076 -1.653699 -8.683645
v 0.756886 -1.630958 -8.685590
v 0.674065 -1.577048 -8.683128
v 0.507783 -1.534371 -8.683455
v 0.429870 -1.557327 -8.711720
v 0.344948 -1.639934 -8.789862
v 0.354357 -1.707990 -8.867588
v 0.426203 -1.746287 -8.915471
v 0.617091 -1.808811 -8.928447
v 0.693041 -1.846502 -8.892416
v 0.742732 -1.889896 -8.831603
v 0.462978 -1.741496 -8.516558
v 0.449877 -1.646592 -8.519286
v 0.448610 -1.610319 -8.522942
v 0.450618 -1.585509 -8.525279
v 0.462675 -1.510153 -8.533516
v 0.467330 -1.430851 -8.537402
v 0.468435 -1.592750 -8.568859
v 0.469775 -1.726151 -8.549581
v 0.521573 -1.849888 -8.594826
v 0.713395 -1.932764 -8.742141
v 0.651333 -1.865775 -8.897861
v 0.437401 -1.802755 -8.902654
v 0.333500 -1.700018 -8.790644
v 0.456437 -1.568485 -8.670316
v 0.632636 -1.583889 -8.631077
v 0.735128 -1.638086 -8.644371
v 0.798810 -1.714593 -8.623490
v 0.842104 -1.844573 -8.591179
v 0.819861 -1.978211 -8.520655
v 0.459785 -1.511362 -8.536444
v 0.454533 -1.723231 -8.518089
v 0.739822 -1.921506 -8.726841
v 0.670165 -1.833333 -8.908531
v 0.336129 -1.665019 -8.816157
v 0.575778 -1.542542 -8.677885
v 0.737856 -1.611714 -8.684002
v 0.736137 -1.614739 -8.686945
v 0.812264 -1.705343 -8.674183
v 0.800927 -1.690511 -8.679494
v 0.859624 -1.850030 -8.640210
v 0.856875 -1.850583 -8.644341
v 0.824966 -2.004900 -8.564422
v 0.829689 -1.988703 -8.573039
v 0.818436 -1.984672 -8.568942
v 0.843687 -1.866162 -8.632557
v 0.846925 -1.865592 -8.638227
v 0.806751 -1.734019 -8.669565
v 0.729461 -1.629443 -8.684686
v 0.629996 -1.580279 -8.671851
v 0.449866 -1.755841 -8.906424
v 0.466115 -1.609100 -8.526900
v 0.481374 -1.510521 -8.543732
v 0.479819 -1.510252 -8.537070
v 0.828151 -1.991154 -8.511477
v 0.725743 -1.604404 -8.631247
v 0.722187 -1.607170 -8.628066
v 0.648971 -1.566514 -8.627012
v 0.451139 -1.555257 -8.647701
v 0.314669 -1.707943 -8.791561
v 0.428146 -1.807464 -8.919444
v 0.653965 -1.884523 -8.917834
v 0.712564 -1.953474 -8.762344
v 0.504336 -1.855013 -8.594682
v 0.446151 -1.605031 -8.579067
v 0.463314 -1.482568 -8.588370
v 0.465528 -1.487258 -8.591755
v 0.485226 -1.414829 -8.592447
v 0.480914 -1.510240 -8.586701
v 0.478035 -1.511906 -8.590278
v 0.465326 -1.604569 -8.577088
v 0.464363 -1.745215 -8.569948
v 0.511986 -1.852091 -8.601359
v 0.703057 -1.946694 -8.757018
v 0.646557 -1.880926 -8.901969
v 0.446861 -1.814106 -8.909429
v 0.323845 -1.711574 -8.784611
v 0.442733 -1.575302 -8.656536
v 0.441169 -1.574140 -8.652529
v 0.643303 -1.585242 -8.625775
v 0.731795 -1.632830 -8.632494
v 0.822394 -1.980358 -8.513157
v 0.850833 -1.849884 -8.581347
v 0.751395 -1.632045 -8.627831
v 0.741977 -1.630859 -8.628078
v 0.612719 -1.564760 -8.620438
v 0.451395 -1.563789 -8.645683
v 0.443200 -1.815757 -8.914073
v 0.648305 -1.887081 -8.907547
v 0.705116 -1.951142 -8.760054
v 0.516818 -1.861792 -8.605398
v 0.456204 -1.596454 -8.583299
v 0.472536 -1.515469 -8.591921
v 0.463117 -1.330413 -8.551656
v 0.457596 -1.512258 -8.559915
v 0.458236 -1.510746 -8.543818
v 0.442416 -1.658465 -8.544671
v 0.444914 -1.678488 -8.530044
v 0.449301 -1.719054 -8.527781
v 0.528821 -1.843281 -8.553839
v 0.738320 -1.926886 -8.730766
v 0.669141 -1.839012 -8.912642
v 0.326729 -1.676805 -8.810555
v 0.454994 -1.543139 -8.695307
v 0.735781 -1.607526 -8.677811
v 0.814056 -1.700618 -8.646523
v 0.813404 -1.702642 -8.667445
v 0.861957 -1.854348 -8.622122
v 0.465330 -1.473274 -8.536255
v 0.456287 -1.591604 -8.523017
v 0.454168 -1.689392 -8.517136
v 0.459134 -1.682975 -8.517283
v 0.468430 -1.731080 -8.517858
v 0.677999 -1.836166 -8.897038
v 0.467763 -1.758791 -8.914762
v 0.344739 -1.667489 -8.810515
v 0.460547 -1.551447 -8.699488
v 0.612965 -1.561790 -8.680903
v 0.752566 -1.631976 -8.687387
v 0.851207 -1.849931 -8.646368
v 0.822108 -1.991296 -8.571198
v 0.728556 -2.129604 -8.523035
v 0.729872 -2.124920 -8.531587
v 0.735644 -2.115715 -8.540785
v 0.742948 -2.118543 -8.540183
v 0.732451 -2.126807 -8.535595
v 0.740007 -2.124157 -8.514613
v 0.732799 -2.129673 -8.527227
v 0.733322 -2.128373 -8.513770
v 0.741194 -2.119076 -8.504545
v 0.736342 -2.122276 -8.507992
v 0.731570 -2.126035 -8.513769
v 0.737523 -2.113432 -8.507914
v 0.731687 -2.118485 -8.528435
v 0.809315 -2.016648 -8.563730
v 0.804970 -2.031356 -8.559971
v 0.788081 -2.048418 -8.556913
v 0.775165 -2.084215 -8.506466
v 0.477582 -1.361018 -8.596537
v 0.471466 -1.345082 -8.596457
v 0.472473 -1.314573 -8.595269
v 0.474557 -1.265774 -8.568835
v 0.476060 -1.275239 -8.585156
v 0.468970 -1.278148 -8.586860
v 0.470817 -1.268664 -8.578093
v 0.465611 -1.278492 -8.581897
v 0.466121 -1.274570 -8.573564
v 0.470146 -1.268361 -8.564303
v 0.465529 -1.284579 -8.555359
v 0.468272 -1.274210 -8.556884
v 0.470986 -1.276724 -8.549767
v 0.474018 -1.270869 -8.554651
v 0.479689 -1.279751 -8.547813
v 0.478695 -1.270686 -8.558426
v 0.479617 -1.273423 -8.576246
v 0.799873 -2.018111 -8.506238
v 0.771103 -2.064962 -8.499030
v 0.463974 -1.293153 -8.586375
v 0.464131 -1.324324 -8.591733
v 0.485035 -1.327678 -8.542132
v 0.771336 -2.083440 -8.549134
v 0.814707 -1.986362 -8.551720
v 0.773908 -2.053591 -8.539425
v 0.483446 -1.283417 -8.555710
v 0.484827 -1.295896 -8.549562
v 0.486376 -1.324366 -8.567123
v 0.486499 -1.327963 -8.551465
v 0.486444 -1.425696 -8.547760
v 0.486170 -1.471460 -8.562327
v 0.482556 -1.509475 -8.561515
v 0.470495 -1.580736 -8.552752
v 0.467610 -1.616726 -8.537736
v 0.466811 -1.660037 -8.547396
v 0.474817 -1.739484 -8.531938
v 0.471641 -1.748403 -8.551731
v 0.476653 -1.763261 -8.546813
v 0.481843 -1.779221 -8.549049
v 0.516892 -1.824754 -8.559712
v 0.616586 -1.882829 -8.609649
v 0.639803 -1.897897 -8.637082
v 0.667591 -1.904806 -8.651809
v 0.692150 -1.912401 -8.674717
v 0.698925 -1.929420 -8.716562
v 0.738409 -1.914165 -8.748570
v 0.731656 -1.907480 -8.803801
v 0.711514 -1.887112 -8.847932
v 0.605412 -1.833948 -8.913388
v 0.551282 -1.814600 -8.919236
v 0.348821 -1.708605 -8.832132
v 0.345192 -1.670756 -8.780704
v 0.551663 -1.559983 -8.654666
v 0.617608 -1.577775 -8.654681
v 0.816704 -1.760731 -8.655988
v 0.824529 -1.781400 -8.646221
v 0.833704 -1.812529 -8.637897
v 0.842661 -1.876823 -8.609541
v 0.841530 -1.899943 -8.595349
v 0.839435 -1.916480 -8.590243
v 0.836011 -1.932028 -8.580596
v 0.464474 -1.331313 -8.543779
v 0.466119 -1.326888 -8.540465
v 0.464231 -1.435932 -8.541423
v 0.451112 -1.565973 -8.530070
v 0.445683 -1.618309 -8.525747
v 0.449213 -1.703252 -8.522165
v 0.448905 -1.676446 -8.519572
v 0.464732 -1.762609 -8.519657
v 0.471230 -1.779136 -8.523181
v 0.482365 -1.794782 -8.525900
v 0.646073 -1.900177 -8.625807
v 0.701591 -1.917819 -8.674788
v 0.750619 -1.905759 -8.810217
v 0.752920 -1.911566 -8.780712
v 0.730151 -1.875916 -8.854127
v 0.713513 -1.861470 -8.874918
v 0.588075 -1.799069 -8.935166
v 0.486670 -1.766824 -8.932491
v 0.644864 -1.819904 -8.919644
v 0.346775 -1.708536 -8.863844
v 0.390207 -1.731441 -8.897739
v 0.338911 -1.649999 -8.798223
v 0.409300 -1.568733 -8.722117
v 0.375177 -1.599940 -8.752035
v 0.534049 -1.533318 -8.677420
v 0.580362 -1.540833 -8.674645
v 0.708827 -1.591486 -8.682190
v 0.680253 -1.576988 -8.680683
v 0.759745 -1.629631 -8.681556
v 0.779070 -1.651188 -8.679572
v 0.796001 -1.676749 -8.678259
v 0.828743 -1.738512 -8.667378
v 0.842388 -1.774841 -8.661083
v 0.853064 -1.812618 -8.652335
v 0.860612 -1.877146 -8.629964
v 0.857107 -1.919178 -8.607046
v 0.850274 -1.943133 -8.594950
v 0.805896 -2.005905 -8.560143
v 0.781570 -2.044492 -8.551648
v 0.843899 -1.897811 -8.615536
v 0.841411 -1.921075 -8.603046
v 0.835043 -1.945041 -8.587535
v 0.839245 -1.832694 -8.647135
v 0.831082 -1.798936 -8.657221
v 0.820198 -1.765299 -8.665443
v 0.788586 -1.698898 -8.675168
v 0.768290 -1.669322 -8.679618
v 0.770320 -1.667212 -8.683288
v 0.705175 -1.613644 -8.682301
v 0.664320 -1.590872 -8.681468
v 0.592018 -1.566637 -8.672313
v 0.572554 -1.559717 -8.675594
v 0.350979 -1.656543 -8.790901
v 0.372179 -1.722037 -8.863767
v 0.426629 -1.749069 -8.897551
v 0.351834 -1.698058 -8.837148
v 0.557003 -1.790608 -8.920791
v 0.611413 -1.813236 -8.913450
v 0.601034 -1.803445 -8.918289
v 0.719491 -1.873691 -8.844592
v 0.739487 -1.897896 -8.799439
v 0.742985 -1.907040 -8.774854
v 0.732582 -1.885954 -8.823115
v 0.565792 -1.855042 -8.572964
v 0.591809 -1.869768 -8.588815
v 0.668523 -1.904028 -8.643211
v 0.470955 -1.719165 -8.521176
v 0.478844 -1.754843 -8.524024
v 0.467762 -1.684014 -8.523723
v 0.464465 -1.658058 -8.521431
v 0.469717 -1.570493 -8.529769
v 0.483793 -1.458406 -8.539054
v 0.792529 -2.059849 -8.505352
v 0.816210 -2.022181 -8.508752
v 0.839277 -1.976593 -8.523526
v 0.846433 -1.957879 -8.532016
v 0.862178 -1.873346 -8.579612
v 0.857485 -1.911522 -8.554442
v 0.847679 -1.946599 -8.532855
v 0.860424 -1.869568 -8.575736
v 0.856117 -1.819546 -8.597763
v 0.834910 -1.748356 -8.614895
v 0.843593 -1.777564 -8.606727
v 0.774698 -1.645811 -8.629839
v 0.799702 -1.683074 -8.622174
v 0.762641 -1.631879 -8.632612
v 0.475762 -1.544728 -8.639285
v 0.596860 -1.548329 -8.625923
v 0.499489 -1.542724 -8.630382
v 0.522659 -1.542086 -8.625319
v 0.318782 -1.685132 -8.773768
v 0.426863 -1.567582 -8.660449
v 0.403514 -1.584814 -8.674413
v 0.381321 -1.603212 -8.691628
v 0.361112 -1.623471 -8.710459
v 0.343590 -1.644783 -8.730433
v 0.342280 -1.760843 -8.870355
v 0.380119 -1.783102 -8.899269
v 0.313795 -1.719664 -8.816198
v 0.318218 -1.738140 -8.833736
v 0.358774 -1.777256 -8.883420
v 0.402567 -1.797967 -8.909265
v 0.341773 -1.766802 -8.866836
v 0.379429 -1.789146 -8.895911
v 0.515235 -1.830067 -8.938990
v 0.544464 -1.843176 -8.939450
v 0.484560 -1.824711 -8.934073
v 0.601670 -1.862784 -8.933939
v 0.628000 -1.874513 -8.926892
v 0.512991 -1.835802 -8.936044
v 0.710542 -1.921031 -8.872738
v 0.729023 -1.948286 -8.810002
v 0.676935 -1.895241 -8.905414
v 0.694859 -1.909417 -8.890092
v 0.720126 -1.932769 -8.853802
v 0.672960 -1.898149 -8.904169
v 0.673029 -1.943189 -8.713072
v 0.645625 -1.933591 -8.690372
v 0.616341 -1.920829 -8.666811
v 0.690874 -1.949535 -8.738204
v 0.485606 -1.837797 -8.583282
v 0.449542 -1.770959 -8.566756
v 0.446236 -1.748794 -8.567324
v 0.461085 -1.803536 -8.570915
v 0.454890 -1.788086 -8.570008
v 0.442260 -1.670020 -8.564372
v 0.442960 -1.662217 -8.571966
v 0.443897 -1.649448 -8.574968
v 0.460027 -1.511970 -8.586715
v 0.450115 -1.573670 -8.582403
v 0.464158 -1.408043 -8.585633
v 0.466118 -1.428205 -8.591439
v 0.485077 -1.312490 -8.580706
v 0.484241 -1.323135 -8.588655
v 0.480922 -1.306748 -8.592327
v 0.484886 -1.466945 -8.590097
v 0.481796 -1.478040 -8.592362
v 0.468423 -1.573492 -8.582057
v 0.463753 -1.660841 -8.572235
v 0.461787 -1.653089 -8.576095
v 0.473125 -1.802021 -8.578637
v 0.482613 -1.818631 -8.583761
v 0.585102 -1.901666 -8.648676
v 0.717584 -1.940870 -8.800111
v 0.685117 -1.905595 -8.876327
v 0.667292 -1.894320 -8.890945
v 0.710098 -1.927740 -8.842401
v 0.713240 -1.948280 -8.780794
v 0.516064 -1.833514 -8.920551
v 0.488918 -1.821918 -8.916349
v 0.461934 -1.813394 -8.910664
v 0.623424 -1.872912 -8.911782
v 0.598209 -1.863920 -8.919449
v 0.570927 -1.853426 -8.922481
v 0.496038 -1.830806 -8.921053
v 0.411538 -1.797976 -8.893708
v 0.390186 -1.786519 -8.882001
v 0.370825 -1.776511 -8.869068
v 0.341433 -1.753678 -8.839078
v 0.330783 -1.742531 -8.822328
v 0.324013 -1.728535 -8.803555
v 0.373905 -1.785409 -8.876100
v 0.398631 -1.604085 -8.684399
v 0.345127 -1.662321 -8.736930
v 0.475116 -1.563266 -8.640023
v 0.507820 -1.558111 -8.631961
v 0.551361 -1.560897 -8.629444
v 0.580119 -1.565848 -8.624947
v 0.526937 -1.555784 -8.625424
v 0.674610 -1.600201 -8.631046
v 0.708521 -1.617359 -8.631868
v 0.751833 -1.648465 -8.629949
v 0.769469 -1.668571 -8.629273
v 0.785142 -1.689731 -8.625924
v 0.813771 -1.742539 -8.617253
v 0.825749 -1.772168 -8.611732
v 0.835524 -1.803588 -8.603772
v 0.831170 -1.951779 -8.530423
v 0.840587 -1.917837 -8.547741
v 0.845375 -1.863094 -8.577362
v 0.844948 -1.884176 -8.566708
v 0.756394 -2.102283 -8.498804
v 0.769970 -2.083034 -8.496657
v 0.791371 -2.049888 -8.497453
v 0.812359 -2.013878 -8.503288
v 0.835396 -1.971480 -8.518261
v 0.843129 -1.943747 -8.530631
v 0.846298 -1.921909 -8.541771
v 0.857036 -1.852488 -8.581368
v 0.848248 -1.825784 -8.591283
v 0.842911 -1.800967 -8.599541
v 0.832852 -1.768468 -8.607503
v 0.793959 -1.686347 -8.621070
v 0.777211 -1.664969 -8.624475
v 0.769296 -1.662009 -8.626246
v 0.574287 -1.553584 -8.619683
v 0.545919 -1.551461 -8.621206
v 0.508042 -1.549677 -8.626775
v 0.475035 -1.552076 -8.636395
v 0.428223 -1.575488 -8.657778
v 0.314586 -1.725616 -8.811445
v 0.328921 -1.755626 -8.848299
v 0.351697 -1.775122 -8.867809
v 0.391344 -1.796261 -8.895052
v 0.461181 -1.820500 -8.926599
v 0.573231 -1.856093 -8.934696
v 0.558438 -1.851527 -8.927626
v 0.615535 -1.872159 -8.923628
v 0.678884 -1.903776 -8.892084
v 0.709246 -1.926991 -8.858175
v 0.722620 -1.953240 -8.787979
v 0.666409 -1.940944 -8.713078
v 0.586976 -1.905937 -8.649581
v 0.528190 -1.872533 -8.609549
v 0.487212 -1.835953 -8.587837
v 0.470726 -1.817763 -8.578118
v 0.451003 -1.756332 -8.570881
v 0.454648 -1.742706 -8.572886
v 0.457416 -1.652748 -8.578445
v 0.476922 -1.478417 -8.594310
v 0.476047 -1.434913 -8.596076
v 0.463484 -1.287556 -8.578158
v 0.462202 -1.315320 -8.581762
v 0.462944 -1.435125 -8.567010
v 0.462206 -1.459532 -8.553242
v 0.447127 -1.581750 -8.533184
v 0.445601 -1.583628 -8.553545
v 0.445969 -1.752790 -8.563051
v 0.452815 -1.741288 -8.528305
v 0.450629 -1.771836 -8.558017
v 0.462841 -1.803187 -8.562506
v 0.472764 -1.821217 -8.571326
v 0.490688 -1.836403 -8.572871
v 0.560497 -1.891101 -8.624170
v 0.593608 -1.906841 -8.642661
v 0.658244 -1.926953 -8.676411
v 0.702033 -1.946534 -8.732346
v 0.736023 -1.941311 -8.775545
v 0.739409 -1.936935 -8.800959
v 0.730054 -1.920158 -8.848320
v 0.720512 -1.904037 -8.867601
v 0.701920 -1.897178 -8.887976
v 0.683158 -1.882520 -8.903858
v 0.633325 -1.863476 -8.927977
v 0.607880 -1.848156 -8.935127
v 0.576547 -1.848709 -8.939176
v 0.550246 -1.820330 -8.941172
v 0.520190 -1.810835 -8.940295
v 0.487443 -1.814685 -8.936316
v 0.457677 -1.811471 -8.930084
v 0.405276 -1.786959 -8.912611
v 0.385752 -1.764596 -8.902513
v 0.363487 -1.761163 -8.888728
v 0.348715 -1.743066 -8.874932
v 0.324001 -1.722087 -8.840687
v 0.319154 -1.706802 -8.822500
v 0.329435 -1.659911 -8.755795
v 0.344993 -1.635772 -8.737502
v 0.406808 -1.574632 -8.683737
v 0.477654 -1.538880 -8.659373
v 0.500423 -1.537427 -8.638268
v 0.666490 -1.570594 -8.640086
v 0.798031 -1.673265 -8.650187
v 0.862609 -1.888782 -8.592780
v 0.852718 -1.941360 -8.545600
v 0.844843 -1.967818 -8.548705
v 0.471136 -1.287423 -8.543453
v 0.469947 -1.300597 -8.540540
v 0.479649 -1.303791 -8.540091
v 0.471106 -1.315156 -8.538257
v 0.474617 -1.348266 -8.536490
v 0.478478 -1.450013 -8.535654
v 0.473664 -1.422798 -8.535690
v 0.472406 -1.477920 -8.533995
v 0.466488 -1.523662 -8.530608
v 0.474029 -1.773342 -8.519687
v 0.494339 -1.801236 -8.527991
v 0.513271 -1.817514 -8.538365
v 0.524413 -1.833767 -8.544883
v 0.558127 -1.853684 -8.564049
v 0.596225 -1.873830 -8.588530
v 0.647762 -1.897311 -8.625527
v 0.721701 -1.918787 -8.698586
v 0.748296 -1.916773 -8.751781
v 0.748920 -1.906059 -8.782735
v 0.750320 -1.901357 -8.806075
v 0.632097 -1.812988 -8.915886
v 0.575107 -1.791523 -8.930511
v 0.435927 -1.747524 -8.912827
v 0.390674 -1.728843 -8.891177
v 0.345460 -1.691868 -8.845435
v 0.340979 -1.679030 -8.829950
v 0.346401 -1.650396 -8.796443
v 0.354764 -1.633334 -8.780231
v 0.366295 -1.615539 -8.764321
v 0.382218 -1.601766 -8.747979
v 0.398690 -1.583765 -8.734090
v 0.418472 -1.572417 -8.720424
v 0.438837 -1.557792 -8.709079
v 0.475629 -1.541145 -8.693018
v 0.512603 -1.540780 -8.684646
v 0.574265 -1.550258 -8.679797
v 0.702567 -1.594253 -8.686525
v 0.715386 -1.608069 -8.687809
v 0.772825 -1.658052 -8.685392
v 0.831228 -1.767415 -8.669054
v 0.845030 -1.815356 -8.657999
v 0.854819 -1.878855 -8.632958
v 0.846998 -1.911885 -8.612288
v 0.842574 -1.954021 -8.589704
v 0.837835 -1.948456 -8.589983
v 0.626441 -1.376120 -8.565043
v 0.622461 -1.351188 -8.565043
v 0.611487 -1.332982 -8.554862
v 0.596733 -1.326257 -8.572831
v 0.581958 -1.332903 -8.571966
v 0.571010 -1.351188 -8.565043
v 0.567030 -1.376120 -8.565043
v 0.571010 -1.401051 -8.565043
v 0.581949 -1.419337 -8.559335
v 0.596719 -1.426022 -8.572830
v 0.611487 -1.419258 -8.575226
v 0.622461 -1.401051 -8.565043
v 0.625170 -1.376120 -8.584431
v 0.621225 -1.351189 -8.583911
v 0.610445 -1.332937 -8.582492
v 0.570213 -1.351189 -8.577195
v 0.566267 -1.376120 -8.576675
v 0.570213 -1.401051 -8.577195
v 0.580993 -1.419302 -8.578614
v 0.621225 -1.401051 -8.583911
v 0.621380 -1.376120 -8.603485
v 0.617536 -1.351189 -8.602455
v 0.607033 -1.332937 -8.599641
v 0.592687 -1.326257 -8.595798
v 0.576157 -1.332942 -8.599670
v 0.567837 -1.351189 -8.589139
v 0.563993 -1.376120 -8.588109
v 0.567837 -1.401051 -8.589139
v 0.576157 -1.419297 -8.599670
v 0.590873 -1.425964 -8.602532
v 0.607033 -1.419302 -8.599641
v 0.617536 -1.401051 -8.602455
v 0.615135 -1.376120 -8.621882
v 0.611458 -1.351189 -8.620359
v 0.598022 -1.332864 -8.624002
v 0.584296 -1.326238 -8.618409
v 0.563923 -1.351188 -8.600670
v 0.560246 -1.376120 -8.599147
v 0.563923 -1.401051 -8.600670
v 0.597886 -1.419429 -8.624207
v 0.611458 -1.401051 -8.620359
v 0.606542 -1.376120 -8.639308
v 0.603095 -1.351189 -8.637318
v 0.564335 -1.332994 -8.623018
v 0.558537 -1.351188 -8.611592
v 0.555090 -1.376120 -8.609602
v 0.558537 -1.401051 -8.611592
v 0.563925 -1.419337 -8.623847
v 0.580816 -1.425983 -8.624454
v 0.603095 -1.401051 -8.637318
v 0.595748 -1.376120 -8.655461
v 0.592591 -1.351189 -8.653039
v 0.583965 -1.332937 -8.646420
v 0.563134 -1.326290 -8.648678
v 0.551772 -1.351188 -8.621717
v 0.548614 -1.376120 -8.619294
v 0.551772 -1.401051 -8.621717
v 0.567428 -1.426022 -8.643546
v 0.583965 -1.419302 -8.646420
v 0.592591 -1.401051 -8.653039
v 0.582938 -1.376120 -8.670069
v 0.580124 -1.351188 -8.667254
v 0.566112 -1.332811 -8.665615
v 0.551431 -1.332937 -8.638561
v 0.543742 -1.351189 -8.630873
v 0.540928 -1.376120 -8.628058
v 0.543742 -1.401051 -8.630873
v 0.551431 -1.419302 -8.638561
v 0.565949 -1.419376 -8.665801
v 0.580124 -1.401051 -8.667254
v 0.568331 -1.376120 -8.682878
v 0.565908 -1.351189 -8.679722
v 0.535571 -1.332994 -8.651677
v 0.534587 -1.351188 -8.638902
v 0.532164 -1.376120 -8.635745
v 0.534587 -1.401051 -8.638902
v 0.534776 -1.419297 -8.652322
v 0.544068 -1.425983 -8.664051
v 0.565908 -1.401051 -8.679722
v 0.552177 -1.376120 -8.693673
v 0.550187 -1.351189 -8.690226
v 0.544751 -1.332937 -8.680810
v 0.525443 -1.326257 -8.674652
v 0.524461 -1.351188 -8.645668
v 0.522471 -1.376120 -8.642221
v 0.524461 -1.401051 -8.645668
v 0.538210 -1.419341 -8.684615
v 0.550187 -1.401051 -8.690226
v 0.534752 -1.376120 -8.702266
v 0.533229 -1.351189 -8.698588
v 0.529068 -1.332937 -8.688543
v 0.517700 -1.332937 -8.661099
v 0.513540 -1.351188 -8.651053
v 0.512017 -1.376120 -8.647377
v 0.513540 -1.401051 -8.651053
v 0.510249 -1.419297 -8.664065
v 0.516936 -1.425964 -8.677483
v 0.533229 -1.401051 -8.698588
v 0.516355 -1.376120 -8.708510
v 0.515325 -1.351189 -8.704666
v 0.512511 -1.332937 -8.694164
v 0.497153 -1.332903 -8.667444
v 0.502008 -1.351189 -8.654968
v 0.500978 -1.376120 -8.651124
v 0.502008 -1.401051 -8.654968
v 0.512511 -1.419302 -8.694164
v 0.515325 -1.401051 -8.704666
v 0.497300 -1.376120 -8.712301
v 0.496780 -1.351189 -8.708355
v 0.495361 -1.332937 -8.697576
v 0.479880 -1.326257 -8.684497
v 0.490065 -1.351189 -8.657344
v 0.489545 -1.376120 -8.653399
v 0.490065 -1.401051 -8.657344
v 0.483518 -1.419297 -8.669060
v 0.486275 -1.426002 -8.683857
v 0.495361 -1.419302 -8.697576
v 0.496780 -1.401051 -8.708355
v 0.477913 -1.376120 -8.713572
v 0.477913 -1.351189 -8.709592
v 0.469164 -1.332811 -8.698525
v 0.471108 -1.333036 -8.668862
v 0.477913 -1.351189 -8.658140
v 0.477913 -1.376120 -8.654160
v 0.477913 -1.401051 -8.658140
v 0.477913 -1.419302 -8.698719
v 0.477913 -1.401051 -8.709592
v 0.458526 -1.376120 -8.712301
v 0.459046 -1.351188 -8.708355
v 0.465761 -1.351189 -8.657344
v 0.466281 -1.376120 -8.653399
v 0.465761 -1.401051 -8.657344
v 0.456406 -1.419297 -8.666966
v 0.455489 -1.425964 -8.681931
v 0.460465 -1.419302 -8.697576
v 0.459046 -1.401051 -8.708355
v 0.439471 -1.376120 -8.708510
v 0.440501 -1.351189 -8.704666
v 0.436204 -1.332981 -8.692347
v 0.440171 -1.326238 -8.678013
v 0.445314 -1.332968 -8.663966
v 0.453818 -1.351188 -8.654968
v 0.454848 -1.376120 -8.651124
v 0.453818 -1.401051 -8.654968
v 0.443315 -1.419302 -8.694164
v 0.440501 -1.401051 -8.704666
v 0.421074 -1.376120 -8.702266
v 0.422597 -1.351188 -8.698588
v 0.442286 -1.351188 -8.651053
v 0.443809 -1.376120 -8.647377
v 0.442287 -1.401051 -8.651053
v 0.431715 -1.419245 -8.658294
v 0.432442 -1.425983 -8.674821
v 0.417390 -1.419258 -8.684553
v 0.422597 -1.401051 -8.698588
v 0.403649 -1.376120 -8.693673
v 0.405639 -1.351189 -8.690227
v 0.411075 -1.332937 -8.680810
v 0.412465 -1.326276 -8.664452
v 0.425928 -1.332937 -8.655084
v 0.431365 -1.351188 -8.645668
v 0.433355 -1.376120 -8.642221
v 0.431365 -1.401051 -8.645668
v 0.411758 -1.425983 -8.664051
v 0.405639 -1.401051 -8.690227
v 0.387495 -1.376120 -8.682878
v 0.389918 -1.351188 -8.679722
v 0.396537 -1.332937 -8.671095
v 0.410051 -1.332903 -8.644105
v 0.421239 -1.351188 -8.638902
v 0.423662 -1.376120 -8.635745
v 0.421239 -1.401051 -8.638902
v 0.410051 -1.419337 -8.644105
v 0.396537 -1.419302 -8.671095
v 0.389918 -1.401051 -8.679722
v 0.372888 -1.376120 -8.670069
v 0.375702 -1.351188 -8.667254
v 0.376201 -1.332931 -8.652174
v 0.393893 -1.326257 -8.649064
v 0.412084 -1.351188 -8.630873
v 0.414898 -1.376120 -8.628058
v 0.412084 -1.401051 -8.630873
v 0.388967 -1.426002 -8.644125
v 0.383390 -1.419302 -8.659566
v 0.375702 -1.401051 -8.667254
v 0.360078 -1.376120 -8.655461
v 0.363235 -1.351188 -8.653039
v 0.378162 -1.326257 -8.630032
v 0.395428 -1.332937 -8.628336
v 0.404054 -1.351188 -8.621717
v 0.407212 -1.376120 -8.619294
v 0.404054 -1.401051 -8.621717
v 0.395428 -1.419302 -8.628336
v 0.371861 -1.419302 -8.646420
v 0.363235 -1.401051 -8.653039
v 0.349284 -1.376120 -8.639308
v 0.352731 -1.351188 -8.637318
v 0.357144 -1.332981 -8.623013
v 0.384961 -1.332903 -8.612118
v 0.397289 -1.351188 -8.611592
v 0.400736 -1.376120 -8.609602
v 0.397289 -1.401051 -8.611592
v 0.383981 -1.419337 -8.610130
v 0.371052 -1.425983 -8.617742
v 0.358403 -1.419258 -8.625567
v 0.352731 -1.401051 -8.637318
v 0.340691 -1.376120 -8.621882
v 0.344368 -1.351188 -8.620359
v 0.364954 -1.326238 -8.602532
v 0.391903 -1.351188 -8.600670
v 0.395580 -1.376120 -8.599147
v 0.391903 -1.401051 -8.600670
v 0.344368 -1.401051 -8.620359
v 0.334446 -1.376120 -8.603485
v 0.338290 -1.351189 -8.602455
v 0.348793 -1.332937 -8.599641
v 0.377486 -1.332937 -8.591953
v 0.387989 -1.351188 -8.589139
v 0.391833 -1.376120 -8.588109
v 0.387989 -1.401051 -8.589139
v 0.375883 -1.419245 -8.585532
v 0.359389 -1.426016 -8.579515
v 0.348793 -1.419302 -8.599641
v 0.338290 -1.401051 -8.602455
v 0.330656 -1.376120 -8.584431
v 0.334601 -1.351188 -8.583911
v 0.345381 -1.332937 -8.582492
v 0.359093 -1.326257 -8.572831
v 0.374045 -1.332968 -8.572782
v 0.385613 -1.351188 -8.577195
v 0.389559 -1.376120 -8.576675
v 0.385613 -1.401051 -8.577195
v 0.345381 -1.419302 -8.582492
v 0.334601 -1.401051 -8.583911
v 0.329385 -1.376120 -8.565043
v 0.333365 -1.351188 -8.565043
v 0.344432 -1.332811 -8.556294
v 0.384816 -1.351188 -8.565043
v 0.388796 -1.376120 -8.565043
v 0.384816 -1.401051 -8.565043
v 0.373943 -1.419302 -8.565043
v 0.344238 -1.419302 -8.565043
v 0.333365 -1.401051 -8.565043
v 0.330656 -1.376120 -8.545657
v 0.334601 -1.351188 -8.546176
v 0.361027 -1.326276 -8.542620
v 0.374833 -1.332937 -8.551473
v 0.385613 -1.351188 -8.552892
v 0.389559 -1.376120 -8.553411
v 0.385613 -1.401051 -8.552892
v 0.375816 -1.419297 -8.544735
v 0.361140 -1.425943 -8.541816
v 0.345381 -1.419302 -8.547595
v 0.334601 -1.401051 -8.546176
v 0.334446 -1.376120 -8.526602
v 0.338290 -1.351189 -8.527632
v 0.348793 -1.332937 -8.530446
v 0.379393 -1.333036 -8.531601
v 0.387989 -1.351189 -8.540949
v 0.391833 -1.376120 -8.541979
v 0.387989 -1.401051 -8.540949
v 0.348793 -1.419302 -8.530446
v 0.338290 -1.401051 -8.527632
v 0.340691 -1.376120 -8.508204
v 0.344368 -1.351188 -8.509727
v 0.358403 -1.332982 -8.504520
v 0.371052 -1.326257 -8.512345
v 0.391903 -1.351188 -8.529417
v 0.395580 -1.376120 -8.530940
v 0.391903 -1.401051 -8.529417
v 0.383959 -1.419297 -8.520060
v 0.373949 -1.426016 -8.506316
v 0.358491 -1.419309 -8.504417
v 0.344368 -1.401051 -8.509727
v 0.349284 -1.376120 -8.490780
v 0.352731 -1.351188 -8.492769
v 0.387873 -1.332937 -8.513059
v 0.397289 -1.351188 -8.518496
v 0.400736 -1.376120 -8.520485
v 0.397289 -1.401051 -8.518496
v 0.352730 -1.401051 -8.492769
v 0.360078 -1.376120 -8.474626
v 0.363235 -1.351188 -8.477048
v 0.377156 -1.332864 -8.477007
v 0.389322 -1.326257 -8.485513
v 0.398803 -1.332943 -8.497275
v 0.404054 -1.351188 -8.508370
v 0.407212 -1.376120 -8.510793
v 0.404054 -1.401051 -8.508370
v 0.395428 -1.419302 -8.501751
v 0.377478 -1.419376 -8.476640
v 0.363235 -1.401051 -8.477048
v 0.372888 -1.376120 -8.460018
v 0.375702 -1.351188 -8.462832
v 0.412084 -1.351188 -8.499214
v 0.414898 -1.376120 -8.502028
v 0.412084 -1.401051 -8.499214
v 0.410051 -1.419337 -8.485982
v 0.399353 -1.425983 -8.475463
v 0.375702 -1.401051 -8.462832
v 0.387495 -1.376120 -8.447208
v 0.389917 -1.351189 -8.450366
v 0.396537 -1.332937 -8.458992
v 0.419185 -1.326224 -8.461080
v 0.414620 -1.332937 -8.482559
v 0.421239 -1.351188 -8.491185
v 0.423662 -1.376120 -8.494343
v 0.421239 -1.401051 -8.491185
v 0.396537 -1.419302 -8.458992
v 0.389918 -1.401051 -8.450366
v 0.403649 -1.376120 -8.436415
v 0.405639 -1.351188 -8.439861
v 0.411075 -1.332937 -8.449278
v 0.432929 -1.332943 -8.471090
v 0.431365 -1.351188 -8.484420
v 0.433355 -1.376120 -8.487866
v 0.431365 -1.401051 -8.484420
v 0.425928 -1.419302 -8.475003
v 0.432249 -1.425983 -8.454801
v 0.411075 -1.419302 -8.449278
v 0.405639 -1.401051 -8.439861
v 0.421074 -1.376120 -8.427821
v 0.422597 -1.351189 -8.431499
v 0.434673 -1.332864 -8.438423
v 0.442287 -1.351188 -8.479033
v 0.443810 -1.376120 -8.482711
v 0.442287 -1.401051 -8.479033
v 0.445577 -1.419297 -8.466022
v 0.435136 -1.419376 -8.438266
v 0.422597 -1.401051 -8.431499
v 0.439471 -1.376120 -8.421576
v 0.440501 -1.351188 -8.425421
v 0.454685 -1.326297 -8.448271
v 0.457605 -1.332943 -8.462947
v 0.453818 -1.351188 -8.475120
v 0.454848 -1.376120 -8.478963
v 0.453818 -1.401051 -8.475120
v 0.440501 -1.401051 -8.425421
v 0.458526 -1.376120 -8.417787
v 0.459046 -1.351188 -8.421732
v 0.460465 -1.332937 -8.432512
v 0.465761 -1.351189 -8.472743
v 0.466281 -1.376120 -8.476689
v 0.465761 -1.401051 -8.472743
v 0.471297 -1.419245 -8.461187
v 0.468748 -1.425983 -8.446343
v 0.460465 -1.419302 -8.432512
v 0.459046 -1.401051 -8.421732
v 0.477913 -1.376120 -8.416515
v 0.477913 -1.351189 -8.420495
v 0.488095 -1.332982 -8.431470
v 0.485700 -1.326218 -8.446238
v 0.483707 -1.332995 -8.461067
v 0.477913 -1.351189 -8.471947
v 0.477913 -1.376120 -8.475926
v 0.477913 -1.401051 -8.471947
v 0.485253 -1.419258 -8.431284
v 0.477913 -1.401051 -8.420495
v 0.497300 -1.376120 -8.417787
v 0.496780 -1.351189 -8.421732
v 0.490065 -1.351189 -8.472743
v 0.489545 -1.376120 -8.476689
v 0.490065 -1.401051 -8.472743
v 0.491484 -1.419302 -8.461964
v 0.501158 -1.425983 -8.448185
v 0.496780 -1.401051 -8.421732
v 0.516355 -1.376120 -8.421576
v 0.515325 -1.351189 -8.425421
v 0.512511 -1.332937 -8.435924
v 0.516184 -1.326297 -8.452302
v 0.510354 -1.332903 -8.466030
v 0.502008 -1.351189 -8.475120
v 0.500978 -1.376120 -8.478963
v 0.502008 -1.401051 -8.475120
v 0.512451 -1.419337 -8.466743
v 0.512511 -1.419302 -8.435924
v 0.515325 -1.401051 -8.425421
v 0.534752 -1.376120 -8.427821
v 0.533229 -1.351189 -8.431499
v 0.529068 -1.332937 -8.441544
v 0.513540 -1.351188 -8.479033
v 0.512017 -1.376120 -8.482711
v 0.513540 -1.401051 -8.479033
v 0.531279 -1.425964 -8.458660
v 0.529068 -1.419302 -8.441544
v 0.533229 -1.401051 -8.431499
v 0.552177 -1.376120 -8.436415
v 0.550187 -1.351188 -8.439861
v 0.553608 -1.332931 -8.454556
v 0.549708 -1.326224 -8.469635
v 0.535759 -1.332903 -8.478285
v 0.524461 -1.351188 -8.484420
v 0.522471 -1.376120 -8.487866
v 0.524461 -1.401051 -8.484420
v 0.536548 -1.419272 -8.478960
v 0.544751 -1.419302 -8.449278
v 0.550187 -1.401051 -8.439861
v 0.568331 -1.376120 -8.447208
v 0.565908 -1.351189 -8.450366
v 0.534587 -1.351188 -8.491185
v 0.532164 -1.376120 -8.494343
v 0.534587 -1.401051 -8.491185
v 0.555776 -1.426002 -8.475029
v 0.566317 -1.419376 -8.464609
v 0.565908 -1.401051 -8.450366
v 0.582938 -1.376120 -8.460018
v 0.580124 -1.351189 -8.462832
v 0.579564 -1.332982 -8.477793
v 0.556136 -1.333036 -8.496444
v 0.543742 -1.351189 -8.499214
v 0.540928 -1.376120 -8.502028
v 0.543742 -1.401051 -8.499214
v 0.556029 -1.419245 -8.496284
v 0.580124 -1.401051 -8.462832
v 0.595748 -1.376120 -8.474626
v 0.592591 -1.351189 -8.477048
v 0.576127 -1.326257 -8.497756
v 0.551772 -1.351189 -8.508370
v 0.548614 -1.376120 -8.510793
v 0.551772 -1.401051 -8.508370
v 0.576627 -1.425963 -8.498395
v 0.583965 -1.419302 -8.483667
v 0.592591 -1.401051 -8.477048
v 0.606542 -1.376120 -8.490780
v 0.603096 -1.351189 -8.492769
v 0.593679 -1.332937 -8.498206
v 0.570913 -1.332968 -8.518147
v 0.558537 -1.351188 -8.518496
v 0.555090 -1.376120 -8.520485
v 0.558537 -1.401051 -8.518496
v 0.570797 -1.419297 -8.517890
v 0.598022 -1.419376 -8.506085
v 0.603096 -1.401051 -8.492769
v 0.615135 -1.376120 -8.508204
v 0.611458 -1.351189 -8.509727
v 0.604690 -1.332864 -8.522266
v 0.590196 -1.326257 -8.525469
v 0.563923 -1.351188 -8.529417
v 0.560246 -1.376120 -8.530940
v 0.563923 -1.401051 -8.529417
v 0.590352 -1.426002 -8.526020
v 0.611458 -1.401051 -8.509727
v 0.621380 -1.376120 -8.526602
v 0.617536 -1.351189 -8.527632
v 0.579882 -1.332968 -8.543815
v 0.567837 -1.351189 -8.540949
v 0.563993 -1.376120 -8.541979
v 0.567837 -1.401051 -8.540949
v 0.578340 -1.419302 -8.538135
v 0.607033 -1.419302 -8.530446
v 0.617536 -1.401051 -8.527632
v 0.625170 -1.376120 -8.545657
v 0.621225 -1.351189 -8.546176
v 0.595719 -1.326257 -8.549534
v 0.570213 -1.351189 -8.552892
v 0.566267 -1.376120 -8.553411
v 0.570213 -1.401051 -8.552892
v 0.595719 -1.425983 -8.549534
v 0.610445 -1.419302 -8.547595
v 0.621225 -1.401051 -8.546176
v 1.103549 -2.822325 8.531966
v 1.097186 -2.814713 8.658029
v 1.078254 -2.792064 8.780986
v 1.047220 -2.754935 8.897811
v 1.004847 -2.704241 9.005630
v 0.952178 -2.641231 9.101783
v 0.890512 -2.567455 9.183908
v 0.821365 -2.484730 9.249978
v 0.746441 -2.395094 9.298369
v 0.667584 -2.300752 9.327889
v 0.586737 -2.204030 9.337810
v 0.505890 -2.107307 9.327889
v 0.427033 -2.012966 9.298369
v 0.352109 -1.923329 9.249978
v 0.282962 -1.840605 9.183908
v 0.221296 -1.766829 9.101785
v 0.168627 -1.703818 9.005630
v 0.126254 -1.653124 8.897813
v 0.095219 -1.615995 8.780986
v 0.076288 -1.593346 8.658029
v 0.069925 -1.585734 8.531966
v 0.076288 -1.593346 8.405906
v 0.095219 -1.615995 8.282947
v 0.126254 -1.653124 8.166121
v 0.168627 -1.703818 8.058303
v 0.221295 -1.766828 7.962150
v 0.282962 -1.840604 7.880025
v 0.352109 -1.923329 7.813954
v 0.427033 -2.012965 7.765563
v 0.505890 -2.107306 7.736043
v 0.586737 -2.204029 7.726123
v 0.667584 -2.300752 7.736043
v 0.746441 -2.395093 7.765563
v 0.821365 -2.484730 7.813954
v 0.890511 -2.567455 7.880025
v 0.952178 -2.641231 7.962148
v 1.004847 -2.704241 8.058303
v 1.047220 -2.754935 8.166121
v 1.078254 -2.792064 8.282947
v 1.097186 -2.814713 8.405904
v 1.088375 -2.804171 8.531966
v 1.063909 -2.774901 8.772830
v 1.082220 -2.796808 8.653899
v 0.992905 -2.689955 8.990117
v 0.882314 -2.557647 9.162559
v 0.941961 -2.629007 9.083123
v 0.742961 -2.390931 9.273271
v 0.588487 -2.206124 9.311419
v 0.666687 -2.299679 9.301824
v 0.294661 -1.854600 9.162559
v 0.434014 -2.021317 9.273271
v 0.361543 -1.934616 9.226464
v 0.113066 -1.637347 8.772832
v 0.184070 -1.722293 8.990119
v 0.143084 -1.673259 8.885831
v 0.113066 -1.637347 8.291102
v 0.088600 -1.608076 8.531966
v 0.094754 -1.615439 8.410033
v 0.294661 -1.854600 7.901376
v 0.184070 -1.722293 8.073815
v 0.235013 -1.783240 7.980809
v 0.588487 -2.206124 7.752513
v 0.434014 -2.021317 7.790662
v 0.510288 -2.112568 7.762109
v 0.742961 -2.390930 7.790662
v 0.882314 -2.557647 7.901374
v 0.815432 -2.477632 7.837468
v 0.992905 -2.689954 8.073815
v 1.063909 -2.774901 8.291102
v 1.033890 -2.738988 8.178102
v 1.033890 -2.738988 8.885831
v 0.510288 -2.112569 9.301824
v 0.094754 -1.615439 8.653899
v 0.361543 -1.934616 7.837468
v 0.941961 -2.629007 7.980809
v 0.815432 -2.477632 9.226464
v 0.143084 -1.673259 8.178102
v 0.666687 -2.299679 7.762109
v 1.082220 -2.796808 8.410033
v 0.235014 -1.783240 9.083123
v -1.180512 -4.688148 8.410031
v -1.174358 -4.695512 8.531966
v -1.269828 -4.581295 8.073813
v -1.228842 -4.630328 8.178102
v -1.596046 -4.191019 7.762109
v -1.519772 -4.282271 7.790660
v -1.901190 -3.825956 7.837468
v -1.828719 -3.912657 7.790662
v -2.027719 -3.674581 7.980809
v -2.078663 -3.613633 8.073815
v -2.167978 -3.506779 8.653899
v -2.174133 -3.499416 8.531966
v -2.119648 -3.564600 8.885831
v -2.078663 -3.613633 8.990117
v -1.752445 -4.003909 9.301824
v -1.828719 -3.912657 9.273271
v -1.447301 -4.368972 9.226464
v -1.519771 -4.282271 9.273271
v -1.269828 -4.581295 8.990117
v -1.320771 -4.520348 9.083123
v -1.198824 -4.666241 8.291101
v -1.674245 -4.097464 7.752511
v -1.380419 -4.448988 9.162557
v -2.149667 -3.528687 8.772830
v -1.968072 -3.745940 7.901374
v -1.674245 -4.097464 9.311419
v -1.180512 -4.688149 8.653899
v -1.198824 -4.666241 8.772830
v -2.119648 -3.564600 8.178102
v -2.149667 -3.528687 8.291102
v -1.228842 -4.630328 8.885831
v -1.184478 -4.683404 8.282947
v -1.165546 -4.706054 8.405904
v -1.159184 -4.713666 8.531966
v -1.165546 -4.706054 8.658027
v -1.184478 -4.683404 8.780986
v -1.215513 -4.646276 8.897811
v -1.257886 -4.595582 9.005630
v -1.310554 -4.532571 9.101783
v -1.372221 -4.458795 9.183908
v -1.441368 -4.376070 9.249978
v -1.516292 -4.286434 9.298369
v -1.595148 -4.192093 9.327888
v -1.675996 -4.095370 9.337810
v -1.756843 -3.998647 9.327888
v -1.835699 -3.904306 9.298369
v -1.910623 -3.814670 9.249978
v -1.979770 -3.731945 9.183908
v -2.041437 -3.658169 9.101783
v -2.094105 -3.595158 9.005630
v -2.136479 -3.544465 8.897811
v -2.167513 -3.507336 8.780986
v -2.186445 -3.484686 8.658029
v -2.192808 -3.477074 8.531966
v -2.186445 -3.484686 8.405904
v -2.167513 -3.507336 8.282947
v -2.136479 -3.544465 8.166121
v -2.094106 -3.595158 8.058303
v -2.041437 -3.658169 7.962148
v -1.979770 -3.731945 7.880025
v -1.910624 -3.814670 7.813954
v -1.835700 -3.904306 7.765563
v -1.756843 -3.998647 7.736043
v -1.675996 -4.095370 7.726121
v -1.595149 -4.192093 7.736043
v -1.516292 -4.286434 7.765563
v -1.441368 -4.376070 7.813952
v -1.372221 -4.458795 7.880025
v -1.310555 -4.532571 7.962148
v -1.257886 -4.595582 8.058303
v -1.215513 -4.646276 8.166120
v -1.320772 -4.520348 7.980809
v -1.447301 -4.368972 7.837466
v -1.752445 -4.003909 7.762109
v -2.167978 -3.506779 8.410033
v -2.027719 -3.674581 9.083123
v -1.901189 -3.825956 9.226464
v -1.596045 -4.191020 9.301824
v -1.968072 -3.745941 9.162557
v -1.380419 -4.448987 7.901374
v 0.663297 -2.308950 9.439799
v 0.663297 -2.308950 9.639506
v 0.660809 -2.277340 9.439799
v 0.660809 -2.277340 9.639506
v 0.653407 -2.246508 9.439799
v 0.653407 -2.246508 9.639506
v 0.641273 -2.217214 9.439799
v 0.641273 -2.217214 9.639506
v 0.624705 -2.190178 9.439799
v 0.624705 -2.190178 9.639506
v 0.604112 -2.166067 9.439799
v 0.604112 -2.166067 9.639506
v 0.580001 -2.145474 9.439799
v 0.580001 -2.145474 9.639506
v 0.552966 -2.128907 9.439799
v 0.552966 -2.128907 9.639506
v 0.523671 -2.116773 9.439799
v 0.523671 -2.116773 9.639506
v 0.492839 -2.109370 9.439799
v 0.492839 -2.109370 9.639506
v 0.461229 -2.106883 9.439799
v 0.461229 -2.106883 9.639506
v 0.429619 -2.109370 9.439799
v 0.429618 -2.109370 9.639506
v 0.398787 -2.116772 9.439799
v 0.398786 -2.116773 9.639506
v 0.369492 -2.128907 9.439799
v 0.369492 -2.128907 9.639506
v 0.342457 -2.145474 9.439799
v 0.342456 -2.145474 9.639506
v 0.318345 -2.166067 9.439799
v 0.318345 -2.166067 9.639506
v 0.297753 -2.190178 9.439799
v 0.297753 -2.190178 9.639506
v 0.281185 -2.217214 9.439799
v 0.281185 -2.217214 9.639506
v 0.269051 -2.246508 9.439799
v 0.269051 -2.246508 9.639506
v 0.261649 -2.277340 9.439799
v 0.261649 -2.277340 9.639506
v 0.259161 -2.308950 9.439799
v 0.259161 -2.308950 9.639506
v 0.261649 -2.340561 9.439799
v 0.261649 -2.340561 9.639506
v 0.269051 -2.371393 9.439799
v 0.269051 -2.371393 9.639506
v 0.281185 -2.400687 9.439799
v 0.281185 -2.400687 9.639506
v 0.297753 -2.427723 9.439799
v 0.297753 -2.427723 9.639506
v 0.318345 -2.451834 9.439799
v 0.318345 -2.451834 9.639506
v 0.342456 -2.472426 9.439799
v 0.342456 -2.472427 9.639506
v 0.369492 -2.488994 9.439799
v 0.369492 -2.488994 9.639506
v 0.398786 -2.501128 9.439799
v 0.398787 -2.501128 9.639506
v 0.429619 -2.508530 9.439799
v 0.429619 -2.508530 9.639506
v 0.461229 -2.511018 9.439799
v 0.461229 -2.511018 9.639506
v 0.492839 -2.508530 9.439799
v 0.492839 -2.508530 9.639506
v 0.523671 -2.501128 9.439799
v 0.523671 -2.501128 9.639506
v 0.552966 -2.488994 9.439799
v 0.552966 -2.488994 9.639506
v 0.580001 -2.472427 9.439799
v 0.580001 -2.472427 9.639506
v 0.604112 -2.451834 9.439799
v 0.604112 -2.451834 9.639506
v 0.624705 -2.427723 9.439799
v 0.624705 -2.427723 9.639506
v 0.641273 -2.400687 9.439799
v 0.641273 -2.400687 9.639506
v 0.653407 -2.371393 9.439799
v 0.653407 -2.371393 9.639506
v 0.660809 -2.340561 9.439799
v 0.660809 -2.340561 9.639506
v 0.663297 -2.308950 7.624137
v 0.663297 -2.308950 7.424428
v 0.660809 -2.277339 7.624137
v 0.660809 -2.277339 7.424428
v 0.653407 -2.246508 7.624137
v 0.653407 -2.246507 7.424428
v 0.641273 -2.217213 7.624137
v 0.641273 -2.217213 7.424428
v 0.624705 -2.190177 7.624137
v 0.624705 -2.190177 7.424428
v 0.604112 -2.166067 7.624137
v 0.604112 -2.166066 7.424428
v 0.580001 -2.145474 7.624137
v 0.580001 -2.145474 7.424428
v 0.552966 -2.128906 7.624137
v 0.552966 -2.128906 7.424428
v 0.523671 -2.116772 7.624137
v 0.523671 -2.116772 7.424428
v 0.492839 -2.109370 7.624137
v 0.492839 -2.109370 7.424428
v 0.461229 -2.106882 7.624137
v 0.461229 -2.106882 7.424428
v 0.429619 -2.109370 7.624137
v 0.429619 -2.109370 7.424428
v 0.398787 -2.116772 7.624137
v 0.398787 -2.116772 7.424428
v 0.369492 -2.128906 7.624137
v 0.369492 -2.128906 7.424428
v 0.342457 -2.145474 7.624137
v 0.342457 -2.145473 7.424428
v 0.318345 -2.166066 7.624137
v 0.318345 -2.166066 7.424428
v 0.297753 -2.190177 7.624137
v 0.297753 -2.190177 7.424428
v 0.281185 -2.217213 7.624137
v 0.281185 -2.217213 7.424428
v 0.269051 -2.246508 7.624137
v 0.269051 -2.246507 7.424428
v 0.261649 -2.277339 7.624137
v 0.261649 -2.277339 7.424428
v 0.259161 -2.308950 7.624137
v 0.259161 -2.308950 7.424428
v 0.261649 -2.340560 7.624137
v 0.261649 -2.340560 7.424428
v 0.269051 -2.371392 7.624137
v 0.269051 -2.371392 7.424428
v 0.281185 -2.400687 7.624137
v 0.281185 -2.400687 7.424428
v 0.297753 -2.427722 7.624137
v 0.297753 -2.427722 7.424428
v 0.318345 -2.451833 7.624137
v 0.318345 -2.451833 7.424428
v 0.342456 -2.472426 7.624137
v 0.342456 -2.472426 7.424428
v 0.369492 -2.488994 7.624137
v 0.369492 -2.488994 7.424428
v 0.398787 -2.501128 7.624137
v 0.398786 -2.501128 7.424428
v 0.429619 -2.508530 7.624137
v 0.429618 -2.508530 7.424428
v 0.461229 -2.511018 7.624137
v 0.461229 -2.511018 7.424428
v 0.492839 -2.508530 7.624137
v 0.492839 -2.508530 7.424428
v 0.523671 -2.501128 7.624137
v 0.523671 -2.501128 7.424428
v 0.552966 -2.488994 7.624137
v 0.552966 -2.488994 7.424428
v 0.580001 -2.472426 7.624137
v 0.580001 -2.472426 7.424428
v 0.604112 -2.451833 7.624137
v 0.604112 -2.451833 7.424428
v 0.624705 -2.427722 7.624137
v 0.624705 -2.427722 7.424428
v 0.641273 -2.400687 7.624137
v 0.641273 -2.400687 7.424428
v 0.653407 -2.371392 7.624137
v 0.653407 -2.371392 7.424428
v 0.660809 -2.340560 7.624137
v 0.660809 -2.340560 7.424428
v -1.347670 -4.361263 8.531966
v -1.057667 -4.387191 8.531966
v -0.779818 -4.300165 8.531966
v -0.658925 -4.217802 8.531966
v -0.556423 -4.113437 8.531966
v -0.421490 -3.855432 8.531966
v -1.607469 -4.224184 8.560369
v -1.486836 -4.302293 8.587678
v -1.352779 -4.355151 8.612845
v -1.210448 -4.380729 8.634906
v -1.065314 -4.378043 8.653012
v -0.922953 -4.347197 8.666465
v -0.788837 -4.289375 8.674748
v -0.668120 -4.206801 8.677547
v -0.565442 -4.102647 8.674748
v -0.484746 -3.980915 8.666465
v -0.429136 -3.846284 8.653012
v -0.400747 -3.703928 8.634908
v -0.400671 -3.559318 8.612845
v -0.428911 -3.418009 8.587678
v -0.484381 -3.285434 8.560369
v -1.612782 -4.217828 8.587678
v -1.497258 -4.289824 8.641248
v -1.367909 -4.337050 8.690618
v -1.229705 -4.357691 8.733891
v -1.087957 -4.350953 8.769404
v -0.948113 -4.317096 8.795793
v -0.815547 -4.257421 8.812043
v -0.695354 -4.174220 8.817531
v -0.592152 -4.070692 8.812043
v -0.509906 -3.950814 8.795794
v -0.451779 -3.819194 8.769404
v -0.420004 -3.680890 8.733891
v -0.415801 -3.541216 8.690618
v -0.439333 -3.405541 8.641248
v -0.489694 -3.279078 8.587678
v -1.621409 -4.207506 8.612845
v -1.514182 -4.269577 8.690618
v -1.392478 -4.307655 8.762292
v -1.260976 -4.320279 8.825116
v -1.124729 -4.306961 8.876674
v -0.988972 -4.268215 8.914985
v -0.858922 -4.205528 8.938575
v -0.739579 -4.121311 8.946542
v -0.635527 -4.018799 8.938577
v -0.550765 -3.901933 8.914985
v -0.488551 -3.775202 8.876674
v -0.451275 -3.643478 8.825116
v -0.440371 -3.511822 8.762292
v -0.456257 -3.385294 8.690618
v -0.498322 -3.268756 8.612847
v -1.633020 -4.193615 8.634908
v -1.536958 -4.242329 8.733891
v -1.425544 -4.268097 8.825116
v -1.303061 -4.269930 8.905074
v -1.174215 -4.247758 8.970695
v -1.043958 -4.202432 9.019456
v -0.917295 -4.135694 9.049481
v -0.799095 -4.050108 9.059621
v -0.693899 -3.948964 9.049481
v -0.605751 -3.836149 9.019456
v -0.538037 -3.715999 8.970695
v -0.493360 -3.593129 8.905074
v -0.473437 -3.472263 8.825116
v -0.479033 -3.358045 8.733891
v -0.509933 -3.254865 8.634908
v -1.647169 -4.176688 8.653012
v -1.564710 -4.209126 8.769404
v -1.465834 -4.219895 8.876674
v -1.354341 -4.208581 8.970695
v -1.234514 -4.175618 9.047856
v -1.110958 -4.122274 9.105193
v -0.988423 -4.050599 9.140500
v -0.871616 -3.963346 9.152423
v -0.765027 -3.863870 9.140500
v -0.672751 -3.755992 9.105193
v -0.598336 -3.643859 9.047856
v -0.544640 -3.531780 8.970695
v -0.513727 -3.424061 8.876674
v -0.506785 -3.324843 8.769404
v -0.524081 -3.237938 8.653012
v -1.710041 -4.123828 8.531966
v -1.663310 -4.157377 8.666465
v -1.596373 -4.171247 8.795794
v -1.511801 -4.164902 8.914985
v -1.412846 -4.138588 9.019456
v -1.303308 -4.093315 9.105193
v -1.187399 -4.030824 9.168900
v -1.069571 -3.953516 9.208133
v -0.954354 -3.864361 9.221379
v -0.846176 -3.766787 9.208133
v -0.749192 -3.664542 9.168900
v -0.667130 -3.561556 9.105193
v -0.603145 -3.461786 9.019456
v -0.559694 -3.369068 8.914985
v -0.538448 -3.286963 8.795794
v -0.540223 -3.218627 8.666465
v -1.680825 -4.136424 8.674748
v -1.630729 -4.130144 8.812043
v -1.561679 -4.105230 8.938577
v -1.476327 -4.062641 9.049481
v -1.377955 -4.004010 9.140500
v -1.270341 -3.931594 9.208133
v -1.157623 -3.848174 9.249782
v -1.044131 -3.756955 9.263844
v -0.934227 -3.661445 9.249782
v -0.832134 -3.565312 9.208133
v -0.741777 -3.472251 9.140500
v -0.666626 -3.385839 9.049481
v -0.609571 -3.309397 8.938577
v -0.572804 -3.245861 8.812043
v -0.557737 -3.197674 8.674748
v -1.699039 -4.114633 8.677547
v -1.666458 -4.087399 8.817531
v -1.613549 -4.043174 8.946542
v -1.542346 -3.983658 9.059621
v -1.455585 -3.911137 9.152423
v -1.356599 -3.828399 9.221379
v -1.249194 -3.738622 9.263844
v -1.137496 -3.645257 9.278182
v -1.025798 -3.551893 9.263844
v -0.918392 -3.462116 9.221379
v -0.819407 -3.379378 9.152423
v -0.732645 -3.306857 9.059621
v -0.661442 -3.247340 8.946542
v -0.608533 -3.203116 8.817531
v -0.575952 -3.175882 8.677547
v -1.717254 -4.092841 8.674748
v -1.702187 -4.044654 8.812043
v -1.665420 -3.981118 8.938577
v -1.608365 -3.904676 9.049481
v -1.533214 -3.818264 9.140500
v -1.442857 -3.725203 9.208133
v -1.340764 -3.629070 9.249782
v -1.230860 -3.533559 9.263844
v -1.117368 -3.442341 9.249782
v -1.004650 -3.358921 9.208133
v -0.897036 -3.286504 9.140500
v -0.798664 -3.227875 9.049481
v -0.713312 -3.185284 8.938577
v -0.644262 -3.160371 8.812045
v -0.594166 -3.154091 8.674748
v -1.734768 -4.071887 8.666465
v -1.736543 -4.003552 8.795794
v -1.715297 -3.921447 8.914985
v -1.671846 -3.828729 9.019456
v -1.607861 -3.728959 9.105193
v -1.525799 -3.625973 9.168902
v -1.428815 -3.523728 9.208133
v -1.320637 -3.426154 9.221379
v -1.205420 -3.336999 9.208133
v -1.087592 -3.259691 9.168902
v -0.971683 -3.197200 9.105193
v -0.862145 -3.151927 9.019456
v -0.763189 -3.125613 8.914985
v -0.678618 -3.119269 8.795794
v -0.611681 -3.133137 8.666465
v -1.750910 -4.052576 8.653012
v -1.768206 -3.965672 8.769404
v -1.761264 -3.866454 8.876674
v -1.730351 -3.758735 8.970695
v -1.676655 -3.646656 9.047856
v -1.602240 -3.534523 9.105193
v -1.509964 -3.426645 9.140500
v -1.403375 -3.327168 9.152423
v -1.286568 -3.239916 9.140500
v -1.164033 -3.168241 9.105193
v -1.040477 -3.114897 9.047856
v -0.920650 -3.081934 8.970695
v -0.809157 -3.070620 8.876674
v -0.710281 -3.081388 8.769404
v -0.627822 -3.113826 8.653012
v -1.765058 -4.035650 8.634908
v -1.795959 -3.932470 8.733891
v -1.801554 -3.818252 8.825116
v -1.781631 -3.697385 8.905074
v -1.736954 -3.574516 8.970695
v -1.669240 -3.454366 9.019456
v -1.581092 -3.341551 9.049481
v -1.475896 -3.240407 9.059621
v -1.357696 -3.154822 9.049481
v -1.231033 -3.088084 9.019456
v -1.100776 -3.042757 8.970695
v -0.971930 -3.020584 8.905074
v -0.849447 -3.022418 8.825116
v -0.738033 -3.048186 8.733891
v -0.641970 -3.096900 8.634908
v -1.776669 -4.021759 8.612845
v -1.818734 -3.905221 8.690618
v -1.834620 -3.778693 8.762292
v -1.823716 -3.647037 8.825116
v -1.786440 -3.515313 8.876674
v -1.724226 -3.388582 8.914985
v -1.639464 -3.271715 8.938577
v -1.535412 -3.169204 8.946542
v -1.416068 -3.084986 8.938577
v -1.286019 -3.022300 8.914985
v -1.150262 -2.983554 8.876674
v -1.014015 -2.970236 8.825116
v -0.882513 -2.982859 8.762292
v -0.760809 -3.020938 8.690618
v -0.653582 -3.083009 8.612847
v -1.785297 -4.011437 8.587678
v -1.835659 -3.884974 8.641248
v -1.859190 -3.749299 8.690618
v -1.854987 -3.609625 8.733891
v -1.823212 -3.471321 8.769404
v -1.765085 -3.339701 8.795794
v -1.682839 -3.219823 8.812043
v -1.579637 -3.116295 8.817531
v -1.459443 -3.033094 8.812045
v -1.326878 -2.973419 8.795794
v -1.187034 -2.939562 8.769404
v -1.045286 -2.932824 8.733891
v -0.907082 -2.953465 8.690618
v -0.777733 -3.000690 8.641248
v -0.662209 -3.072687 8.587678
v -1.790610 -4.005081 8.560369
v -1.846080 -3.872506 8.587678
v -1.874320 -3.731197 8.612845
v -1.874244 -3.586586 8.634908
v -1.845855 -3.444231 8.653012
v -1.790245 -3.309600 8.666465
v -1.709549 -3.187868 8.674748
v -1.606870 -3.083714 8.677547
v -1.486154 -3.001139 8.674748
v -1.352038 -2.943318 8.666465
v -1.209678 -2.912472 8.653012
v -1.064543 -2.909786 8.634908
v -0.922212 -2.935364 8.612847
v -0.788155 -2.988222 8.587678
v -0.667522 -3.066331 8.560369
v -1.792404 -4.002934 8.531966
v -1.849599 -3.868296 8.531966
v -1.879429 -3.725085 8.531966
v -1.880747 -3.578807 8.531966
v -1.853502 -3.435083 8.531966
v -1.798741 -3.299436 8.531966
v -1.718568 -3.177078 8.531966
v -1.616066 -3.072713 8.531966
v -1.495173 -2.990349 8.531966
v -1.360533 -2.933154 8.531966
v -1.217324 -2.903324 8.531966
v -1.071046 -2.902006 8.531966
v -0.927321 -2.929252 8.531966
v -0.791674 -2.984012 8.531966
v -0.669316 -3.064184 8.531966
v -1.790610 -4.005081 8.503566
v -1.846080 -3.872506 8.476256
v -1.874320 -3.731198 8.451087
v -1.874244 -3.586586 8.429027
v -1.845856 -3.444231 8.410922
v -1.790245 -3.309600 8.397470
v -1.709549 -3.187868 8.389184
v -1.606870 -3.083714 8.386388
v -1.486154 -3.001139 8.389184
v -1.352038 -2.943318 8.397470
v -1.209678 -2.912472 8.410922
v -1.064543 -2.909786 8.429027
v -0.922212 -2.935364 8.451087
v -0.788155 -2.988222 8.476256
v -0.667522 -3.066331 8.503566
v -1.785297 -4.011437 8.476256
v -1.835659 -3.884974 8.422687
v -1.859190 -3.749299 8.373317
v -1.854987 -3.609625 8.330043
v -1.823212 -3.471321 8.294528
v -1.765085 -3.339701 8.268140
v -1.682839 -3.219823 8.251889
v -1.579637 -3.116295 8.246402
v -1.459443 -3.033094 8.251889
v -1.326878 -2.973419 8.268140
v -1.187034 -2.939562 8.294530
v -1.045286 -2.932824 8.330043
v -0.907082 -2.953465 8.373317
v -0.777733 -3.000691 8.422687
v -0.662209 -3.072687 8.476256
v -1.776669 -4.021759 8.451087
v -1.818734 -3.905221 8.373315
v -1.834620 -3.778693 8.301641
v -1.823716 -3.647037 8.238818
v -1.786440 -3.515313 8.187261
v -1.724226 -3.388582 8.148950
v -1.639464 -3.271716 8.125358
v -1.535412 -3.169204 8.117393
v -1.416069 -3.084986 8.125358
v -1.286019 -3.022300 8.148950
v -1.150262 -2.983554 8.187261
v -1.014015 -2.970236 8.238818
v -0.882512 -2.982859 8.301642
v -0.760809 -3.020938 8.373317
v -0.653582 -3.083009 8.451087
v -1.765058 -4.035650 8.429027
v -1.795959 -3.932470 8.330043
v -1.801554 -3.818252 8.238818
v -1.781631 -3.697385 8.158858
v -1.736954 -3.574516 8.093238
v -1.669240 -3.454365 8.044478
v -1.581092 -3.341550 8.014451
v -1.475896 -3.240407 8.004313
v -1.357696 -3.154822 8.014451
v -1.231033 -3.088083 8.044478
v -1.100776 -3.042757 8.093238
v -0.971930 -3.020584 8.158860
v -0.849447 -3.022418 8.238818
v -0.738033 -3.048186 8.330043
v -0.641970 -3.096900 8.429027
v -0.564951 -3.166687 8.531966
v -1.750910 -4.052576 8.410922
v -1.768206 -3.965672 8.294528
v -1.761264 -3.866454 8.187261
v -1.730351 -3.758735 8.093238
v -1.676655 -3.646656 8.016078
v -1.602240 -3.534523 7.958741
v -1.509964 -3.426645 7.923434
v -1.403375 -3.327169 7.911511
v -1.286568 -3.239916 7.923434
v -1.164033 -3.168241 7.958741
v -1.040477 -3.114897 8.016078
v -0.920650 -3.081934 8.093238
v -0.809156 -3.070620 8.187261
v -0.710281 -3.081388 8.294528
v -0.627822 -3.113826 8.410922
v -1.734768 -4.071887 8.397470
v -1.736543 -4.003552 8.268140
v -1.715297 -3.921447 8.148950
v -1.671846 -3.828728 8.044478
v -1.607861 -3.728959 7.958741
v -1.525800 -3.625973 7.895032
v -1.428815 -3.523728 7.855802
v -1.320636 -3.426154 7.842555
v -1.205420 -3.336999 7.855802
v -1.087592 -3.259691 7.895032
v -0.971683 -3.197200 7.958741
v -0.862145 -3.151927 8.044478
v -0.763189 -3.125613 8.148950
v -0.678618 -3.119268 8.268140
v -0.611681 -3.133137 8.397470
v -1.717254 -4.092841 8.389184
v -1.702187 -4.044654 8.251889
v -1.665420 -3.981118 8.125358
v -1.608365 -3.904675 8.014451
v -1.533214 -3.818264 7.923434
v -1.442857 -3.725203 7.855802
v -1.340764 -3.629070 7.814153
v -1.230860 -3.533560 7.800090
v -1.117368 -3.442341 7.814153
v -1.004650 -3.358921 7.855802
v -0.897036 -3.286504 7.923434
v -0.798664 -3.227874 8.014451
v -0.713312 -3.185284 8.125358
v -0.644262 -3.160371 8.251889
v -0.594166 -3.154091 8.389184
v -1.699039 -4.114633 8.386388
v -1.666458 -4.087399 8.246402
v -1.613549 -4.043174 8.117393
v -1.542346 -3.983658 8.004313
v -1.455584 -3.911137 7.911511
v -1.356599 -3.828398 7.842553
v -1.249193 -3.738622 7.800090
v -1.137495 -3.645257 7.785752
v -1.025797 -3.551893 7.800090
v -0.918392 -3.462116 7.842553
v -0.819407 -3.379378 7.911511
v -0.732645 -3.306857 8.004313
v -0.661442 -3.247340 8.117393
v -0.608533 -3.203116 8.246402
v -0.575952 -3.175882 8.386388
v -1.680825 -4.136424 8.389184
v -1.630729 -4.130144 8.251889
v -1.561679 -4.105230 8.125358
v -1.476327 -4.062640 8.014451
v -1.377955 -4.004010 7.923434
v -1.270342 -3.931594 7.855800
v -1.157623 -3.848174 7.814153
v -1.044131 -3.756955 7.800090
v -0.934227 -3.661445 7.814153
v -0.832135 -3.565312 7.855802
v -0.741777 -3.472251 7.923434
v -0.666626 -3.385839 8.014451
v -0.609571 -3.309397 8.125358
v -0.572804 -3.245861 8.251889
v -0.557737 -3.197674 8.389184
v -1.663310 -4.157377 8.397470
v -1.596373 -4.171247 8.268140
v -1.511802 -4.164902 8.148950
v -1.412846 -4.138587 8.044478
v -1.303308 -4.093315 7.958741
v -1.187399 -4.030823 7.895032
v -1.069571 -3.953515 7.855802
v -0.954354 -3.864361 7.842555
v -0.846175 -3.766786 7.855802
v -0.749192 -3.664541 7.895032
v -0.667130 -3.561555 7.958741
v -0.603145 -3.461786 8.044478
v -0.559694 -3.369068 8.148950
v -0.538448 -3.286963 8.268140
v -0.540223 -3.218627 8.397470
v -1.647169 -4.176688 8.410922
v -1.564711 -4.209126 8.294528
v -1.465835 -4.219895 8.187261
v -1.354341 -4.208580 8.093238
v -1.234514 -4.175618 8.016078
v -1.110959 -4.122274 7.958741
v -0.988423 -4.050599 7.923434
v -0.871616 -3.963346 7.911511
v -0.765027 -3.863870 7.923434
v -0.672752 -3.755992 7.958741
v -0.598336 -3.643859 8.016078
v -0.544640 -3.531780 8.093238
v -0.513727 -3.424061 8.187261
v -0.506785 -3.324843 8.294528
v -0.524081 -3.237938 8.410922
v -1.633021 -4.193614 8.429027
v -1.536958 -4.242329 8.330043
v -1.425544 -4.268097 8.238818
v -1.303061 -4.269930 8.158858
v -1.174215 -4.247757 8.093238
v -1.043958 -4.202431 8.044478
v -0.917295 -4.135693 8.014451
v -0.799095 -4.050107 8.004313
v -0.693899 -3.948964 8.014451
v -0.605751 -3.836149 8.044478
v -0.538037 -3.715998 8.093238
v -0.493360 -3.593129 8.158858
v -0.473437 -3.472263 8.238818
v -0.479033 -3.358045 8.330043
v -0.509933 -3.254865 8.429027
v -1.621409 -4.207506 8.451087
v -1.514182 -4.269577 8.373315
v -1.392479 -4.307655 8.301641
v -1.260976 -4.320279 8.238818
v -1.124729 -4.306961 8.187261
v -0.988972 -4.268214 8.148950
v -0.858923 -4.205528 8.125358
v -0.739579 -4.121311 8.117393
v -0.635527 -4.018799 8.125358
v -0.550765 -3.901932 8.148950
v -0.488551 -3.775202 8.187261
v -0.451275 -3.643477 8.238818
v -0.440371 -3.511822 8.301642
v -0.456257 -3.385293 8.373317
v -0.498322 -3.268756 8.451087
v -1.612782 -4.217828 8.476256
v -1.497258 -4.289824 8.422687
v -1.367909 -4.337050 8.373317
v -1.229705 -4.357691 8.330043
v -1.087958 -4.350953 8.294528
v -0.948114 -4.317096 8.268140
v -0.815548 -4.257420 8.251889
v -0.695354 -4.174219 8.246404
v -0.592152 -4.070691 8.251889
v -0.509907 -3.950814 8.268140
v -0.451780 -3.819194 8.294528
v -0.420004 -3.680890 8.330043
v -0.415801 -3.541216 8.373317
v -0.439333 -3.405541 8.422687
v -0.489694 -3.279078 8.476256
v -1.607469 -4.224184 8.503566
v -1.486836 -4.302292 8.476256
v -1.352779 -4.355151 8.451087
v -1.210448 -4.380729 8.429027
v -1.065314 -4.378043 8.410922
v -0.922953 -4.347197 8.397470
v -0.788838 -4.289375 8.389184
v -0.668121 -4.206800 8.386388
v -0.565442 -4.102646 8.389184
v -0.484746 -3.980915 8.397470
v -0.429136 -3.846284 8.410922
v -0.400747 -3.703928 8.429027
v -0.400671 -3.559317 8.451087
v -0.428911 -3.418009 8.476256
v -0.484381 -3.285434 8.503566
v -1.605675 -4.226330 8.531966
v -1.483317 -4.306502 8.531966
v -1.203945 -4.388508 8.531966
v -0.914458 -4.357361 8.531966
v -0.476251 -3.991079 8.531966
v -0.394245 -3.711707 8.531966
v -0.395563 -3.565429 8.531966
v -0.425392 -3.422219 8.531966
v -0.482587 -3.287580 8.531966
v 0.799623 -0.738395 8.532012
v 0.799623 -1.264114 8.532012
v 0.793139 -0.738395 8.597850
v 0.793138 -1.264114 8.597850
v 0.763817 -0.738396 8.686519
v 0.773934 -1.264114 8.661159
v 0.742748 -1.264114 8.719504
v 0.700778 -0.738395 8.770644
v 0.700778 -1.264114 8.770644
v 0.649638 -0.738395 8.812615
v 0.591292 -0.738395 8.843801
v 0.616652 -1.264113 8.833684
v 0.527983 -0.738395 8.863006
v 0.527983 -1.264114 8.863006
v 0.462144 -0.738395 8.869491
v 0.462144 -1.264113 8.869491
v 0.396306 -0.738395 8.863006
v 0.396306 -1.264114 8.863006
v 0.307637 -0.738395 8.833684
v 0.297152 -1.264114 8.828080
v 0.223511 -0.738395 8.770644
v 0.223511 -1.264113 8.770644
v 0.166075 -0.738395 8.697003
v 0.160471 -1.264114 8.686519
v 0.131150 -0.738395 8.597850
v 0.131150 -1.264113 8.597850
v 0.124666 -0.738395 8.532012
v 0.124666 -1.264113 8.532012
v 0.131150 -0.738395 8.466172
v 0.131150 -1.264113 8.466172
v 0.160471 -0.738395 8.377503
v 0.150355 -1.264113 8.402864
v 0.181541 -1.264114 8.344518
v 0.223511 -0.738395 8.293378
v 0.223511 -1.264113 8.293378
v 0.297153 -0.738395 8.235942
v 0.307636 -1.264114 8.230338
v 0.396306 -0.738395 8.201018
v 0.396305 -1.264114 8.201016
v 0.462144 -0.738395 8.194533
v 0.462144 -1.264114 8.194533
v 0.527983 -0.738395 8.201018
v 0.527983 -1.264114 8.201016
v 0.616652 -0.738395 8.230338
v 0.627136 -1.264114 8.235942
v 0.700778 -0.738395 8.293378
v 0.700778 -1.264114 8.293378
v 0.758214 -0.738395 8.367019
v 0.763817 -1.264114 8.377503
v 0.793139 -0.738395 8.466172
v 0.793138 -1.264114 8.466172
v 0.605073 -3.492035 8.531966
v -0.948579 -4.751819 8.531966
v 0.592750 -3.477292 8.727057
v -0.960534 -4.737515 8.721240
v 0.556255 -3.433630 8.914651
v -0.995942 -4.695156 8.903239
v 0.496990 -3.362727 9.087537
v -1.053440 -4.626367 9.070971
v 0.417232 -3.267308 9.239074
v -1.130819 -4.533792 9.217990
v 0.320047 -3.151040 9.363437
v -1.225107 -4.420990 9.338645
v 0.209169 -3.018389 9.455846
v -1.332678 -4.292295 9.428300
v 0.088860 -2.874456 9.512752
v -1.449400 -4.152654 9.483508
v -0.036257 -2.724770 9.531966
v -1.570787 -4.007431 9.502151
v -0.161374 -2.575084 9.512752
v -1.692174 -3.862208 9.483508
v -0.281684 -2.431150 9.455846
v -1.808896 -3.722566 9.428300
v -0.392561 -2.298500 9.363437
v -1.916467 -3.593871 9.338645
v -0.489746 -2.182232 9.239074
v -2.010755 -3.481069 9.217990
v -0.569504 -2.086812 9.087537
v -2.088134 -3.388495 9.070971
v -0.628769 -2.015909 8.914651
v -2.145633 -3.319706 8.903241
v -0.665265 -1.972248 8.727057
v -2.181040 -3.277346 8.721240
v -0.677588 -1.957505 8.531968
v -2.192996 -3.263042 8.531966
v -0.665265 -1.972247 8.336877
v -2.181040 -3.277346 8.342694
v -0.628769 -2.015909 8.149283
v -2.145633 -3.319706 8.160693
v -0.569504 -2.086812 7.976398
v -2.088135 -3.388494 7.992961
v -0.489746 -2.182231 7.824861
v -2.010755 -3.481069 7.845942
v -0.392561 -2.298500 7.700498
v -1.916468 -3.593871 7.725289
v -0.281684 -2.431150 7.608088
v -1.808896 -3.722565 7.635634
v -0.161375 -2.575083 7.551183
v -1.692174 -3.862207 7.580424
v -0.036257 -2.724770 7.531966
v -1.570787 -4.007430 7.561784
v 0.088860 -2.874455 7.551181
v -1.449400 -4.152653 7.580424
v 0.209169 -3.018389 7.608087
v -1.332678 -4.292295 7.635634
v 0.320047 -3.151039 7.700498
v -1.225107 -4.420990 7.725287
v 0.417232 -3.267308 7.824861
v -1.130820 -4.533792 7.845942
v 0.496989 -3.362727 7.976396
v -1.053440 -4.626367 7.992961
v 0.556255 -3.433630 8.149283
v -0.995942 -4.695155 8.160693
v 0.592750 -3.477292 8.336877
v -0.960534 -4.737515 8.342692
v -0.941780 -4.759953 8.727057
v -0.929457 -4.774695 8.531966
v -0.978275 -4.716291 8.914649
v -1.037540 -4.645388 9.087537
v -1.117298 -4.549969 9.239074
v -1.214483 -4.433700 9.363437
v -1.325361 -4.301050 9.455846
v -1.445670 -4.157117 9.512752
v -1.570787 -4.007431 9.531966
v -1.695905 -3.857745 9.512752
v -1.816214 -3.713811 9.455846
v -1.927091 -3.581161 9.363437
v -2.024276 -3.464892 9.239074
v -2.104034 -3.369473 9.087537
v -2.163299 -3.298570 8.914651
v -2.199795 -3.254909 8.727057
v -2.212118 -3.240166 8.531966
v -2.199795 -3.254908 8.336877
v -2.163299 -3.298570 8.149283
v -2.104034 -3.369473 7.976398
v -2.024276 -3.464892 7.824861
v -1.927091 -3.581161 7.700498
v -1.816214 -3.713811 7.608087
v -1.695905 -3.857744 7.551181
v -1.570787 -4.007430 7.531966
v -1.445670 -4.157116 7.551181
v -1.325361 -4.301050 7.608087
v -1.214483 -4.433700 7.700498
v -1.117298 -4.549969 7.824859
v -1.037541 -4.645388 7.976396
v -0.978275 -4.716290 8.149283
v -0.941780 -4.759953 8.336877
v 0.537784 -3.485122 8.721240
v 0.549740 -3.499425 8.531966
v 0.502377 -3.442763 8.903239
v 0.444879 -3.373974 9.070971
v 0.367499 -3.281399 9.217990
v 0.273212 -3.168598 9.338645
v 0.165640 -3.039903 9.428300
v 0.048918 -2.900261 9.483508
v -0.072469 -2.755038 9.502151
v -0.193855 -2.609815 9.483508
v -0.310577 -2.470173 9.428300
v -0.418149 -2.341478 9.338645
v -0.512436 -2.228676 9.217990
v -0.589816 -2.136102 9.070973
v -0.647314 -2.067313 8.903241
v -0.682721 -2.024953 8.721240
v -0.694677 -2.010649 8.531968
v -0.682721 -2.024953 8.342694
v -0.647314 -2.067313 8.160693
v -0.589816 -2.136101 7.992963
v -0.512436 -2.228676 7.845944
v -0.418149 -2.341478 7.725289
v -0.310578 -2.470172 7.635634
v -0.193855 -2.609815 7.580424
v -0.072469 -2.755037 7.561784
v 0.048918 -2.900260 7.580424
v 0.165640 -3.039902 7.635634
v 0.273212 -3.168597 7.725289
v 0.367499 -3.281399 7.845942
v 0.444879 -3.373973 7.992961
v 0.502377 -3.442762 8.160693
v 0.537784 -3.485122 8.342692
v 0.783115 -3.124607 8.531966
v 0.772859 -3.112337 8.694335
v 0.742485 -3.075998 8.850463
v 0.693161 -3.016988 8.994351
v 0.626781 -2.937574 9.120469
v 0.545897 -2.840807 9.223973
v 0.453617 -2.730406 9.300883
v 0.353487 -2.610615 9.348245
v 0.249356 -2.486036 9.364236
v 0.145225 -2.361457 9.348245
v 0.045095 -2.241665 9.300883
v -0.047185 -2.131265 9.223973
v -0.128069 -2.034498 9.120471
v -0.194449 -1.955083 8.994351
v -0.243774 -1.896073 8.850463
v -0.274148 -1.859735 8.694335
v -0.284404 -1.847465 8.531968
v -0.274148 -1.859735 8.369599
v -0.243774 -1.896073 8.213471
v -0.194449 -1.955083 8.069583
v -0.128069 -2.034498 7.943463
v -0.047185 -2.131265 7.839961
v 0.045095 -2.241665 7.763051
v 0.145224 -2.361456 7.715690
v 0.249356 -2.486036 7.699698
v 0.353487 -2.610615 7.715690
v 0.453617 -2.730406 7.763051
v 0.545897 -2.840806 7.839961
v 0.626781 -2.937573 7.943463
v 0.693161 -3.016988 8.069583
v 0.742485 -3.075998 8.213471
v 0.772859 -3.112337 8.369599
v 0.231365 -3.118533 7.879899
v 0.293044 -3.192323 7.962039
v 0.388104 -3.306050 8.166051
v 0.345722 -3.255346 8.058211
v 0.438080 -3.365839 8.405881
v 0.419144 -3.343186 8.282899
v 0.438080 -3.365839 8.658053
v 0.444444 -3.373453 8.531966
v -0.072469 -2.755038 7.725966
v -0.232203 -2.563936 7.765416
v -0.153332 -2.658296 7.735890
v 0.008394 -2.851779 7.735890
v -0.376302 -2.391542 7.879899
v -0.307142 -2.474283 7.813815
v -0.490659 -2.254729 8.058213
v -0.437981 -2.317752 7.962039
v -0.589381 -2.136622 8.531968
v -0.583017 -2.144236 8.405881
v -0.564081 -2.166889 8.781035
v -0.583017 -2.144236 8.658053
v -0.490659 -2.254729 9.005723
v -0.533041 -2.204025 8.897883
v -0.376302 -2.391542 9.184035
v -0.437981 -2.317752 9.101895
v 0.345722 -3.255346 9.005721
v 0.293044 -3.192323 9.101895
v 0.162205 -3.035793 9.250117
v 0.231365 -3.118533 9.184035
v -0.072469 -2.755038 9.337966
v -0.153331 -2.658296 9.328044
v 0.008394 -2.851779 9.328044
v 0.087266 -2.946139 9.298518
v 0.087266 -2.946138 7.765416
v 0.162205 -3.035792 7.813815
v -0.548561 -2.185457 8.224475
v -0.533041 -2.204025 8.166051
v 0.403624 -3.324618 8.839459
v 0.419144 -3.343186 8.781034
v -0.564081 -2.166889 8.282899
v 0.388104 -3.306050 8.897883
v -0.232203 -2.563937 9.298518
v -0.307142 -2.474283 9.250119
v 0.723855 -2.301036 7.715690
v 0.823985 -2.420828 7.763051
v 1.143228 -2.802758 8.694335
v 1.011444 -2.645097 8.653461
v 0.988716 -2.617906 8.770286
v 0.337310 -1.838587 8.972323
v 0.515593 -2.051879 9.348245
v 0.541806 -2.083240 9.142760
v 0.466883 -1.993603 9.107322
v 0.096221 -1.550157 8.369599
v 0.228005 -1.707818 8.410474
v 0.250732 -1.735009 8.293649
v 0.697642 -2.269675 7.921174
v 0.772566 -2.359312 7.956613
v 0.667394 -2.233487 8.158292
v 0.337310 -1.838587 8.091611
v 0.397833 -1.910995 9.049771
v 0.822889 -2.419517 8.743638
v 0.951808 -2.573751 8.877954
v 0.619724 -2.176458 8.912963
v 0.572055 -2.119428 8.905643
v 0.902138 -2.514328 8.091611
v 0.619724 -2.176457 8.150971
v 1.153484 -2.815028 8.531966
v 0.619724 -2.176458 9.364236
v 0.085965 -1.537887 8.531968
v 0.619724 -2.176457 7.699698
v 1.143228 -2.802758 8.369599
v 1.019118 -2.654278 8.531966
v 0.619724 -2.176458 9.154725
v 0.220330 -1.698637 8.531968
v 0.619724 -2.176457 7.909209
v 1.011444 -2.645097 8.410472
v 0.572055 -2.119428 8.158292
v 0.416559 -1.933398 8.320296
v 0.287640 -1.779164 8.185981
v 0.228005 -1.707818 8.653461
v 0.772566 -2.359312 9.107320
v 0.841616 -2.441920 8.014163
v 0.845469 -2.446531 8.677768
v 0.393979 -1.906384 8.386167
v 1.112854 -2.766420 8.850463
v 0.415463 -1.932087 9.300883
v 0.126595 -1.586495 8.213471
v 0.916265 -2.531228 7.839961
v 0.997149 -2.627995 7.943463
v 1.063529 -2.707410 8.994351
v 0.323183 -1.821687 9.223973
v 0.175919 -1.645505 8.069583
v 0.393979 -1.906384 8.677768
v 0.250732 -1.735009 8.770288
v 0.902138 -2.514328 8.972323
v 0.466883 -1.993603 7.956614
v 0.841616 -2.441921 9.049771
v 0.845469 -2.446531 8.386167
v 0.988716 -2.617906 8.293647
v 0.397833 -1.910994 8.014163
v 0.822889 -2.419517 8.320296
v 0.951808 -2.573751 8.185981
v 0.997149 -2.627995 9.120469
v 0.242299 -1.724920 9.120471
v 0.242299 -1.724920 7.943463
v 1.063529 -2.707410 8.069583
v 1.112854 -2.766420 8.213471
v 0.916265 -2.531229 9.223973
v 0.175919 -1.645505 8.994351
v 0.287640 -1.779164 8.877954
v 0.323183 -1.821686 7.839961
v 0.667394 -2.233487 8.905643
v 0.697642 -2.269676 9.142760
v 0.416559 -1.933398 8.743638
v 0.541806 -2.083239 7.921174
v 0.823985 -2.420828 9.300883
v 0.126595 -1.586495 8.850463
v 0.415463 -1.932087 7.763051
v 0.515593 -2.051878 7.715690
v 0.723856 -2.301037 9.348245
v 0.096221 -1.550157 8.694335
v 0.752540 -2.390059 9.298518
v 0.673668 -2.295700 9.328044
v 0.174615 -1.698649 8.058213
v 0.227293 -1.761672 7.962039
v 0.511942 -2.102216 7.735890
v 0.592805 -2.198958 7.725966
v 0.752540 -2.390059 7.765416
v 0.827479 -2.479713 7.813815
v 1.053378 -2.749970 8.166051
v 1.084418 -2.787106 8.282899
v 0.958318 -2.636244 9.101895
v 0.896639 -2.562454 9.184035
v 1.109718 -2.817374 8.531966
v 1.103354 -2.809760 8.658053
v 1.053378 -2.749970 8.897883
v 1.010996 -2.699267 9.005721
v 0.174615 -1.698649 9.005723
v 0.132233 -1.647946 8.897883
v 0.958318 -2.636244 7.962039
v 1.010996 -2.699267 8.058211
v 1.103354 -2.809760 8.405881
v 0.827479 -2.479713 9.250117
v 0.288972 -1.835463 9.184035
v 0.227293 -1.761672 9.101895
v 0.082257 -1.588156 8.658053
v 0.075893 -1.580542 8.531968
v 0.101193 -1.610810 8.282899
v 0.132233 -1.647946 8.166051
v 0.358132 -1.918203 7.813815
v 0.433071 -2.007857 7.765416
v 0.673668 -2.295699 7.735890
v 0.288972 -1.835462 7.879899
v 0.511943 -2.102217 9.328044
v 0.433071 -2.007857 9.298518
v 0.592806 -2.198958 9.337968
v 0.896639 -2.562453 7.879899
v 0.358132 -1.918203 9.250119
v 0.101193 -1.610810 8.781035
v 1.084418 -2.787106 8.781035
v 0.082257 -1.588156 8.405881
v 0.851563 -2.453822 8.417491
v 0.851563 -2.453822 8.646441
v 0.799548 -2.391592 8.787986
v 0.671934 -2.238919 8.903495
v 0.567515 -2.113996 8.903495
v 0.439901 -1.961323 8.787986
v 0.387885 -1.899093 8.646443
v 0.387885 -1.899093 8.417491
v 0.439901 -1.961323 8.275949
v 0.567515 -2.113996 8.160439
v 0.671933 -2.238919 8.160439
v 0.799548 -2.391592 8.275949
v 0.846030 -2.447202 8.424573
v 0.846030 -2.447202 8.639361
v 0.792525 -2.383190 8.783864
v 0.566219 -2.112446 8.891257
v 0.673229 -2.240469 8.891257
v 0.446924 -1.969725 8.783864
v 0.393419 -1.905713 8.424573
v 0.393419 -1.905713 8.639361
v 0.446923 -1.969725 8.280070
v 0.673229 -2.240469 8.172677
v 0.566219 -2.112446 8.172677
v 0.792525 -2.383190 8.280070
v 0.824915 -2.421941 8.473845
v 0.833916 -2.432709 8.447587
v 0.819372 -2.415309 8.502337
v 0.819372 -2.415309 8.561597
v 0.817501 -2.413070 8.531966
v 0.833916 -2.432709 8.616345
v 0.754601 -2.337819 8.779988
v 0.773685 -2.360651 8.779014
v 0.824915 -2.421941 8.590089
v 0.465763 -1.992264 8.779014
v 0.484847 -2.015096 8.779988
v 0.503443 -2.037343 8.786748
v 0.559493 -2.104399 8.863393
v 0.679955 -2.248516 8.863393
v 0.549410 -2.092336 8.838109
v 0.520836 -2.058151 8.799037
v 0.536357 -2.076720 8.816379
v 0.484847 -2.015096 8.283946
v 0.405532 -1.920205 8.447587
v 0.465763 -1.992264 8.284921
v 0.414533 -1.930974 8.473845
v 0.420076 -1.937606 8.502337
v 0.421948 -1.939845 8.531968
v 0.414533 -1.930974 8.590089
v 0.405532 -1.920205 8.616347
v 0.420076 -1.937606 8.561597
v 0.559493 -2.104399 8.200541
v 0.679955 -2.248516 8.200541
v 0.690039 -2.260579 8.225825
v 0.773685 -2.360651 8.284921
v 0.754601 -2.337819 8.283946
v 0.736005 -2.315572 8.277186
v 0.718612 -2.294764 8.264897
v 0.703092 -2.276195 8.247556
v 0.718613 -2.294764 8.799037
v 0.736005 -2.315572 8.786748
v 0.690039 -2.260579 8.838109
v 0.703092 -2.276195 8.816379
v 0.536357 -2.076720 8.247556
v 0.549410 -2.092336 8.225825
v 0.503443 -2.037343 8.277186
v 0.520836 -2.058151 8.264897
v 1.012310 -2.646133 8.531966
v 1.010438 -2.643894 8.561597
v 0.983781 -2.612002 8.639361
v 0.980309 -2.607848 8.643804
v 0.995894 -2.626494 8.616345
v 1.004895 -2.637263 8.590089
v 0.877630 -2.485007 8.672284
v 0.860790 -2.464860 8.658250
v 0.969020 -2.594343 8.658250
v 0.952180 -2.574196 8.672284
v 0.914905 -2.529602 8.683846
v 0.895903 -2.506868 8.680928
v 0.933908 -2.552336 8.680928
v 0.810396 -2.404570 8.794351
v 0.826611 -2.423970 8.810073
v 0.851670 -2.453949 8.854627
v 0.840547 -2.440643 8.830426
v 0.859550 -2.463377 8.881747
v 0.863886 -2.468564 8.910743
v 0.863928 -2.468614 8.912744
v 0.864511 -2.469311 8.940501
v 0.861400 -2.465590 8.969876
v 0.836165 -2.435400 9.037053
v 0.844591 -2.445480 9.023025
v 0.854674 -2.457544 8.997741
v 0.816017 -2.411295 9.062099
v 0.831538 -2.429864 9.044755
v 0.798625 -2.390487 9.074386
v 0.765805 -2.351224 9.081872
v 0.780029 -2.368240 9.081147
v 0.760944 -2.345408 9.082120
v 0.670279 -2.236939 8.928262
v 0.670119 -2.236748 8.920634
v 0.682960 -2.252111 9.006507
v 0.678148 -2.246354 8.989947
v 0.724234 -2.301489 9.066783
v 0.708019 -2.282090 9.051061
v 0.742105 -2.322869 9.077271
v 0.694082 -2.265417 9.030707
v 0.675080 -2.242683 8.979386
v 0.670744 -2.237495 8.950391
v 0.568705 -2.115420 8.950391
v 0.569170 -2.115976 8.928262
v 0.561300 -2.106561 8.989947
v 0.564369 -2.110232 8.979386
v 0.569330 -2.116167 8.920634
v 0.545366 -2.087498 9.030707
v 0.556489 -2.100805 9.006507
v 0.515215 -2.051426 9.066783
v 0.531430 -2.070825 9.051061
v 0.478504 -2.007507 9.082120
v 0.473643 -2.001691 9.081872
v 0.497344 -2.030046 9.077271
v 0.407910 -1.923051 9.044755
v 0.403283 -1.917516 9.037053
v 0.459420 -1.984675 9.081147
v 0.423431 -1.941620 9.062099
v 0.440824 -1.962428 9.074386
v 0.375520 -1.884301 8.912744
v 0.374938 -1.883604 8.940501
v 0.384774 -1.895372 8.997741
v 0.394858 -1.907435 9.023025
v 0.378048 -1.887325 8.969876
v 0.429053 -1.948345 8.794351
v 0.412838 -1.928946 8.810073
v 0.387779 -1.898966 8.854629
v 0.375562 -1.884351 8.910743
v 0.379898 -1.889539 8.881747
v 0.398901 -1.912273 8.830426
v 0.378658 -1.888055 8.658250
v 0.361818 -1.867908 8.672284
v 0.324543 -1.823313 8.683846
v 0.343546 -1.846047 8.680928
v 0.259140 -1.745067 8.643806
v 0.270428 -1.758572 8.658250
v 0.287268 -1.778719 8.672284
v 0.305540 -1.800579 8.680928
v 0.255668 -1.740913 8.639361
v 0.229010 -1.709021 8.561597
v 0.227139 -1.706782 8.531968
v 0.227139 -1.706782 8.531968
v 0.234553 -1.715652 8.590089
v 0.243554 -1.726421 8.616347
v 0.259140 -1.745067 8.420131
v 0.255668 -1.740913 8.424573
v 0.243554 -1.726421 8.447589
v 0.234553 -1.715652 8.473845
v 0.229010 -1.709021 8.502337
v 0.361818 -1.867908 8.391650
v 0.378658 -1.888055 8.405684
v 0.270428 -1.758572 8.405684
v 0.324543 -1.823313 8.380088
v 0.305540 -1.800579 8.383006
v 0.343546 -1.846047 8.383006
v 0.287268 -1.778719 8.391650
v 0.429053 -1.948345 8.269584
v 0.412838 -1.928946 8.253861
v 0.375520 -1.884301 8.151191
v 0.375562 -1.884351 8.153192
v 0.379898 -1.889538 8.182187
v 0.387779 -1.898966 8.209306
v 0.398901 -1.912272 8.233508
v 0.374938 -1.883603 8.123433
v 0.403283 -1.917515 8.026881
v 0.394857 -1.907435 8.040910
v 0.378048 -1.887325 8.094058
v 0.384774 -1.895371 8.066194
v 0.473643 -2.001691 7.982062
v 0.440824 -1.962427 7.989549
v 0.459420 -1.984675 7.982787
v 0.423431 -1.941620 8.001836
v 0.407910 -1.923051 8.019179
v 0.478504 -2.007507 7.981814
v 0.515214 -2.051426 7.997151
v 0.497344 -2.030046 7.986663
v 0.531430 -2.070825 8.012874
v 0.556488 -2.100804 8.057427
v 0.545366 -2.087498 8.033227
v 0.569330 -2.116167 8.143300
v 0.569169 -2.115975 8.135673
v 0.561300 -2.106561 8.073987
v 0.564369 -2.110232 8.084548
v 0.568705 -2.115419 8.113544
v 0.675079 -2.242682 8.084548
v 0.678148 -2.246354 8.073987
v 0.670279 -2.236939 8.135673
v 0.670744 -2.237495 8.113544
v 0.682960 -2.252110 8.057427
v 0.694082 -2.265417 8.033227
v 0.670119 -2.236748 8.143300
v 0.742105 -2.322869 7.986663
v 0.760944 -2.345408 7.981812
v 0.765805 -2.351224 7.982060
v 0.724234 -2.301489 7.997151
v 0.708019 -2.282090 8.012874
v 0.780029 -2.368240 7.982787
v 0.798624 -2.390487 7.989549
v 0.816017 -2.411295 8.001836
v 0.836165 -2.435400 8.026881
v 0.831538 -2.429864 8.019177
v 0.844591 -2.445480 8.040910
v 0.854674 -2.457543 8.066192
v 0.861400 -2.465590 8.094058
v 0.863928 -2.468614 8.151191
v 0.864511 -2.469311 8.123433
v 0.863886 -2.468564 8.153192
v 0.851670 -2.453948 8.209306
v 0.859550 -2.463377 8.182187
v 0.810396 -2.404570 8.269584
v 0.826611 -2.423969 8.253860
v 0.840547 -2.440642 8.233508
v 0.914905 -2.529602 8.380088
v 0.895903 -2.506868 8.383006
v 0.860790 -2.464860 8.405684
v 0.877630 -2.485007 8.391648
v 0.933908 -2.552336 8.383006
v 0.952180 -2.574196 8.391648
v 0.980309 -2.607848 8.420129
v 0.969020 -2.594343 8.405684
v 0.983781 -2.612002 8.424573
v 0.995894 -2.626494 8.447587
v 1.004895 -2.637263 8.473845
v 1.010438 -2.643894 8.502337
v 1.012310 -2.646133 8.531966
v 0.432501 -2.007175 7.982787
v 0.451585 -2.030007 7.981814
v 0.734025 -2.367908 7.981812
v 0.753110 -2.390740 7.982787
v 0.470425 -2.052546 7.986663
v 0.715186 -2.345369 7.986663
v 0.771706 -2.412988 7.989549
v 0.396512 -1.964120 8.001836
v 0.488296 -2.073926 7.997151
v 0.697315 -2.323989 7.997151
v 0.789098 -2.433796 8.001836
v 0.413905 -1.984928 7.989549
v 0.504511 -2.093326 8.012874
v 0.681100 -2.304590 8.012874
v 0.518447 -2.109999 8.033227
v 0.529570 -2.123305 8.057427
v 0.667163 -2.287917 8.033227
v 0.367939 -1.929935 8.040910
v 0.817672 -2.467980 8.040910
v 0.656041 -2.274611 8.057427
v 0.648161 -2.265183 8.084548
v 0.537450 -2.132733 8.084548
v 0.351129 -1.909825 8.094058
v 0.834481 -2.488091 8.094058
v 0.357855 -1.917872 8.066194
v 0.827755 -2.480044 8.066192
v 0.380991 -1.945551 8.019179
v 0.804619 -2.452364 8.019177
v 0.643825 -2.259996 8.113544
v 0.541786 -2.137920 8.113544
v 0.542067 -2.138257 8.126946
v 0.643481 -2.259585 8.129897
v 0.643200 -2.259248 8.143300
v 0.542411 -2.138668 8.143300
v 0.832631 -2.485877 8.182187
v 0.532574 -2.126899 8.200541
v 0.653036 -2.271016 8.200541
v 0.352980 -1.912039 8.182187
v 0.646310 -2.262969 8.172677
v 0.539300 -2.134946 8.172677
v 0.824751 -2.476449 8.209306
v 0.348644 -1.906851 8.153192
v 0.836967 -2.491064 8.153192
v 0.837592 -2.491812 8.123433
v 0.522491 -2.114836 8.225825
v 0.663120 -2.283080 8.225825
v 0.676173 -2.298696 8.247556
v 0.509438 -2.099220 8.247556
v 0.371982 -1.934773 8.233508
v 0.402134 -1.970845 8.269584
v 0.493917 -2.080652 8.264897
v 0.438844 -2.014764 8.284921
v 0.457929 -2.037596 8.283946
v 0.420005 -1.992225 8.280070
v 0.476524 -2.059844 8.277186
v 0.385919 -1.951446 8.253861
v 0.348019 -1.906104 8.123433
v 0.360860 -1.921467 8.209306
v 0.202091 -1.731522 8.502337
v 0.202091 -1.731522 8.561597
v 0.200220 -1.729282 8.531968
v 0.216635 -1.748922 8.616347
v 0.366500 -1.928214 8.639361
v 0.207634 -1.738153 8.590089
v 0.243509 -1.781072 8.658250
v 0.334899 -1.890408 8.672284
v 0.278622 -1.823080 8.680928
v 0.297624 -1.845814 8.683846
v 0.260349 -1.801219 8.672284
v 0.316627 -1.868548 8.680928
v 0.228749 -1.763414 8.639361
v 0.351739 -1.910555 8.658250
v 0.438844 -2.014765 8.779014
v 0.420005 -1.992225 8.783864
v 0.476524 -2.059844 8.786748
v 0.385919 -1.951446 8.810073
v 0.509438 -2.099220 8.816379
v 0.402134 -1.970845 8.794351
v 0.493917 -2.080652 8.799037
v 0.532574 -2.126900 8.863393
v 0.653037 -2.271017 8.863393
v 0.360860 -1.921467 8.854629
v 0.522491 -2.114836 8.838109
v 0.539300 -2.134947 8.891257
v 0.646310 -2.262970 8.891257
v 0.352980 -1.912039 8.881747
v 0.371982 -1.934773 8.830426
v 0.348644 -1.906852 8.910743
v 0.457929 -2.037596 8.779988
v 0.643200 -2.259248 8.920634
v 0.542411 -2.138668 8.920634
v 0.542129 -2.138331 8.934037
v 0.541786 -2.137920 8.950391
v 0.643825 -2.259996 8.950391
v 0.643543 -2.259659 8.936988
v 0.648161 -2.265183 8.979386
v 0.537450 -2.132733 8.979386
v 0.351129 -1.909825 8.969876
v 0.348019 -1.906104 8.940501
v 0.656041 -2.274611 9.006507
v 0.529570 -2.123305 9.006507
v 0.667163 -2.287917 9.030707
v 0.518447 -2.109999 9.030707
v 0.367939 -1.929936 9.023025
v 0.817672 -2.467981 9.023025
v 0.357855 -1.917872 8.997741
v 0.681100 -2.304590 9.051061
v 0.504511 -2.093326 9.051061
v 0.488296 -2.073926 9.066783
v 0.697315 -2.323990 9.066783
v 0.396513 -1.964120 9.062099
v 0.789098 -2.433796 9.062099
v 0.451585 -2.030008 9.082120
v 0.432501 -2.007176 9.081147
v 0.734025 -2.367909 9.082120
v 0.753110 -2.390741 9.081147
v 0.413905 -1.984928 9.074386
v 0.470425 -2.052547 9.077271
v 0.715186 -2.345370 9.077271
v 0.771706 -2.412988 9.074386
v 0.380992 -1.945552 9.044755
v 0.804619 -2.452365 9.044755
v 0.813628 -2.463143 8.233508
v 0.792388 -2.437732 8.260942
v 0.799692 -2.446470 8.253860
v 0.709086 -2.338072 8.277186
v 0.746767 -2.383152 8.284921
v 0.727682 -2.360320 8.283946
v 0.765606 -2.405691 8.280070
v 0.691694 -2.317264 8.264897
v 0.783477 -2.427071 8.269584
v 0.297624 -1.845814 8.380088
v 0.906989 -2.574836 8.383006
v 0.334899 -1.890408 8.391650
v 0.850711 -2.507508 8.391648
v 0.841457 -2.496436 8.399362
v 0.278622 -1.823080 8.383006
v 0.316627 -1.868548 8.383006
v 0.868984 -2.529368 8.383006
v 0.925262 -2.596697 8.391648
v 0.887986 -2.552102 8.380088
v 0.243509 -1.781072 8.405684
v 0.228749 -1.763414 8.424573
v 0.366500 -1.928214 8.424573
v 0.819111 -2.469702 8.424573
v 0.956862 -2.634502 8.424573
v 0.983519 -2.666394 8.502337
v 0.207634 -1.738153 8.473845
v 0.387614 -1.953475 8.473845
v 0.797996 -2.444441 8.473845
v 0.977977 -2.659763 8.473845
v 0.216635 -1.748922 8.447589
v 0.378613 -1.942706 8.447587
v 0.806998 -2.455210 8.447587
v 0.968975 -2.648994 8.447587
v 0.260349 -1.801219 8.391650
v 0.351739 -1.910555 8.405684
v 0.393157 -1.960106 8.502337
v 0.792454 -2.437810 8.502337
v 0.833871 -2.487361 8.405684
v 0.942102 -2.616843 8.405684
v 0.395029 -1.962345 8.531968
v 0.790582 -2.435571 8.531966
v 0.387614 -1.953475 8.590089
v 0.977977 -2.659763 8.590089
v 0.393157 -1.960106 8.561597
v 0.792454 -2.437810 8.561597
v 0.983519 -2.666394 8.561597
v 0.806998 -2.455210 8.616345
v 0.942102 -2.616843 8.658250
v 0.850711 -2.507508 8.672284
v 0.843126 -2.498433 8.665963
v 0.833872 -2.487361 8.658250
v 0.925262 -2.596697 8.672284
v 0.819111 -2.469702 8.639361
v 0.956862 -2.634502 8.639361
v 0.378613 -1.942706 8.616347
v 0.797996 -2.444441 8.590089
v 0.968975 -2.648994 8.616345
v 0.887986 -2.552102 8.683846
v 0.727682 -2.360320 8.779988
v 0.746767 -2.383152 8.779014
v 0.691694 -2.317265 8.799037
v 0.783477 -2.427071 8.794351
v 0.790781 -2.435809 8.801433
v 0.709086 -2.338073 8.786748
v 0.765606 -2.405691 8.783864
v 0.813629 -2.463143 8.830426
v 0.663120 -2.283080 8.838109
v 0.824751 -2.476449 8.854627
v 0.837592 -2.491812 8.940501
v 0.836967 -2.491065 8.910743
v 0.827755 -2.480044 8.997741
v 0.834482 -2.488091 8.969876
v 0.832631 -2.485877 8.881747
v 0.676173 -2.298696 8.816379
v 0.799692 -2.446470 8.810073
v 0.868984 -2.529368 8.680928
v 0.906989 -2.574836 8.680928
v 0.985391 -2.668633 8.531966
v 0.189307 -2.566910 7.625875
v 0.189307 -2.023365 7.680249
v 0.733151 -2.567209 7.680249
v 0.733151 -2.023365 7.680249
v 0.189307 -1.813663 7.470548
v 0.733151 -1.813663 7.470548
v 0.189307 -2.566910 9.438058
v 0.189307 -2.023365 9.383685
v 0.733151 -2.567208 9.383683
v 0.733151 -2.023365 9.383685
v 0.189307 -1.813662 9.593387
v 0.733151 -1.813662 9.593387
v 0.189307 -1.344744 7.470548
v 0.733151 -1.344744 7.470548
v 0.189307 -1.344744 9.593387
v 0.733151 -1.344744 9.593387
v 0.189307 -2.064989 7.579761
v 0.733151 -2.567209 7.571481
v 0.733151 -2.064989 7.579761
v 0.189307 -1.855287 7.370059
v 0.733151 -1.855287 7.370059
v 0.189307 -2.064989 9.484174
v 0.733151 -2.567208 9.492454
v 0.733151 -2.064989 9.484174
v 0.189307 -1.855286 9.693875
v 0.733151 -1.855286 9.693875
v 0.189307 -1.267833 7.393637
v 0.733151 -1.267833 7.393637
v 0.189307 -1.267833 9.670297
v 0.733151 -1.267833 9.670297
v 0.719112 -2.250715 8.531966
v 0.702348 -2.297852 8.531966
v 0.717614 -2.248931 8.555619
v 0.700537 -2.295695 8.560559
v 0.713178 -2.243647 8.578362
v 0.695174 -2.289309 8.588052
v 0.705973 -2.235068 8.599322
v 0.686465 -2.278937 8.613389
v 0.696277 -2.223521 8.617694
v 0.674745 -2.264979 8.635596
v 0.684463 -2.209452 8.632771
v 0.660464 -2.247972 8.653823
v 0.670985 -2.193400 8.643975
v 0.644170 -2.228569 8.667365
v 0.656359 -2.175983 8.650874
v 0.626491 -2.207514 8.675706
v 0.641150 -2.157870 8.653203
v 0.608105 -2.185619 8.678521
v 0.625940 -2.139757 8.650874
v 0.589719 -2.163723 8.675706
v 0.611315 -2.122340 8.643975
v 0.572039 -2.142669 8.667365
v 0.597836 -2.106289 8.632771
v 0.555746 -2.123265 8.653823
v 0.586022 -2.092220 8.617694
v 0.541464 -2.106258 8.635596
v 0.576326 -2.080673 8.599322
v 0.529744 -2.092300 8.613389
v 0.569121 -2.072093 8.578362
v 0.521035 -2.081929 8.588052
v 0.564685 -2.066810 8.555619
v 0.515672 -2.075542 8.560559
v 0.563187 -2.065026 8.531966
v 0.513861 -2.073386 8.531966
v 0.564685 -2.066810 8.508315
v 0.515672 -2.075542 8.503375
v 0.569121 -2.072093 8.485572
v 0.521035 -2.081929 8.475883
v 0.576326 -2.080673 8.464612
v 0.529744 -2.092300 8.450545
v 0.586022 -2.092220 8.446240
v 0.541464 -2.106258 8.428338
v 0.597836 -2.106289 8.431163
v 0.555746 -2.123265 8.410111
v 0.611315 -2.122340 8.419959
v 0.572039 -2.142669 8.396569
v 0.625940 -2.139757 8.413060
v 0.589719 -2.163723 8.388228
v 0.641150 -2.157870 8.410731
v 0.608105 -2.185619 8.385413
v 0.656359 -2.175983 8.413060
v 0.626491 -2.207514 8.388228
v 0.670985 -2.193400 8.419959
v 0.644170 -2.228568 8.396569
v 0.684463 -2.209452 8.431163
v 0.660464 -2.247972 8.410111
v 0.696277 -2.223521 8.446240
v 0.674745 -2.264979 8.428338
v 0.705973 -2.235068 8.464612
v 0.686465 -2.278937 8.450545
v 0.713178 -2.243647 8.485572
v 0.695174 -2.289309 8.475883
v 0.717614 -2.248931 8.508315
v 0.700537 -2.295695 8.503375
v 0.735393 -2.270103 8.531966
v 0.733582 -2.267947 8.560559
v 0.728219 -2.261560 8.588052
v 0.719510 -2.251189 8.613389
v 0.707790 -2.237231 8.635596
v 0.693508 -2.220224 8.653823
v 0.677215 -2.200820 8.667365
v 0.659536 -2.179766 8.675706
v 0.641150 -2.157870 8.678521
v 0.622764 -2.135975 8.675706
v 0.605084 -2.114921 8.667365
v 0.588791 -2.095517 8.653823
v 0.574509 -2.078510 8.635596
v 0.562789 -2.064552 8.613389
v 0.554080 -2.054181 8.588052
v 0.548717 -2.047794 8.560559
v 0.546906 -2.045637 8.531966
v 0.548717 -2.047794 8.503375
v 0.554080 -2.054181 8.475883
v 0.562789 -2.064552 8.450545
v 0.574509 -2.078510 8.428338
v 0.588791 -2.095517 8.410111
v 0.605084 -2.114921 8.396569
v 0.622764 -2.135975 8.388228
v 0.641150 -2.157870 8.385413
v 0.659536 -2.179766 8.388228
v 0.677215 -2.200820 8.396569
v 0.693508 -2.220224 8.410111
v 0.707790 -2.237231 8.428338
v 0.719510 -2.251189 8.450545
v 0.728219 -2.261560 8.475883
v 0.733582 -2.267947 8.503375
v 0.842226 -2.075579 8.531966
v 0.841407 -2.074603 8.544898
v 0.838981 -2.071715 8.557334
v 0.835042 -2.067024 8.568793
v 0.829741 -2.060711 8.578837
v 0.823282 -2.053019 8.587081
v 0.815913 -2.044243 8.593207
v 0.807916 -2.034720 8.596978
v 0.799601 -2.024817 8.598252
v 0.791285 -2.014914 8.596978
v 0.783289 -2.005391 8.593207
v 0.775919 -1.996615 8.587081
v 0.769460 -1.988923 8.578837
v 0.764159 -1.982610 8.568793
v 0.760220 -1.977919 8.557334
v 0.757794 -1.975030 8.544898
v 0.756975 -1.974055 8.531966
v 0.757794 -1.975030 8.519036
v 0.760220 -1.977919 8.506600
v 0.764159 -1.982610 8.495141
v 0.769460 -1.988923 8.485097
v 0.775919 -1.996615 8.476853
v 0.783289 -2.005391 8.470727
v 0.791285 -2.014914 8.466956
v 0.799600 -2.024817 8.465682
v 0.807916 -2.034720 8.466956
v 0.815913 -2.044243 8.470727
v 0.823282 -2.053019 8.476853
v 0.829741 -2.060711 8.485097
v 0.835042 -2.067024 8.495141
v 0.838981 -2.071715 8.506600
v 0.841407 -2.074603 8.519036
v 0.865954 -2.103836 8.531966
v 0.864679 -2.102318 8.552096
v 0.860904 -2.097821 8.571454
v 0.854772 -2.090519 8.589293
v 0.846520 -2.080692 8.604928
v 0.836465 -2.068717 8.617761
v 0.824993 -2.055056 8.627295
v 0.812545 -2.040233 8.633168
v 0.799601 -2.024817 8.635150
v 0.786656 -2.009401 8.633168
v 0.774208 -1.994577 8.627295
v 0.762737 -1.980916 8.617761
v 0.752682 -1.968942 8.604930
v 0.744430 -1.959115 8.589293
v 0.738298 -1.951812 8.571454
v 0.734522 -1.947316 8.552096
v 0.733247 -1.945797 8.531966
v 0.734522 -1.947316 8.511838
v 0.738298 -1.951813 8.492480
v 0.744430 -1.959115 8.474641
v 0.752682 -1.968942 8.459004
v 0.762737 -1.980916 8.446174
v 0.774208 -1.994577 8.436637
v 0.786656 -2.009401 8.430766
v 0.799600 -2.024817 8.428784
v 0.812545 -2.040233 8.430766
v 0.824993 -2.055056 8.436637
v 0.836465 -2.068717 8.446174
v 0.846520 -2.080692 8.459004
v 0.854772 -2.090519 8.474641
v 0.860904 -2.097821 8.492480
v 0.864679 -2.102318 8.511836
v 0.803245 -2.108312 8.531966
v 0.802426 -2.107337 8.544898
v 0.800000 -2.104448 8.557334
v 0.796061 -2.099757 8.568793
v 0.790760 -2.093444 8.578837
v 0.784301 -2.085752 8.587081
v 0.776931 -2.076976 8.593207
v 0.768935 -2.067453 8.596978
v 0.760619 -2.057550 8.598252
v 0.752303 -2.047647 8.596978
v 0.744307 -2.038124 8.593207
v 0.736938 -2.029348 8.587081
v 0.730478 -2.021656 8.578837
v 0.725177 -2.015343 8.568793
v 0.721238 -2.010652 8.557334
v 0.718813 -2.007763 8.544898
v 0.717994 -2.006788 8.531966
v 0.718813 -2.007763 8.519036
v 0.721238 -2.010652 8.506600
v 0.725177 -2.015343 8.495141
v 0.730478 -2.021656 8.485097
v 0.736938 -2.029348 8.476853
v 0.744307 -2.038124 8.470727
v 0.752303 -2.047647 8.466956
v 0.760619 -2.057550 8.465682
v 0.768935 -2.067453 8.466956
v 0.776931 -2.076976 8.470727
v 0.784301 -2.085752 8.476853
v 0.790760 -2.093444 8.485097
v 0.796061 -2.099757 8.495141
v 0.800000 -2.104448 8.506600
v 0.802426 -2.107337 8.519036
v 0.466104 -1.732484 8.565551
v 0.830796 -1.996768 8.518569
v 0.860429 -1.839466 8.595798
v 0.816188 -1.705006 8.625560
v 0.741767 -1.612203 8.643996
v 0.618274 -1.552179 8.640841
v 0.452181 -1.550205 8.654426
v 0.314091 -1.700598 8.797338
v 0.432910 -1.790870 8.923518
v 0.660460 -1.869540 8.917346
v 0.722182 -1.945964 8.753076
v 0.509502 -1.854301 8.586064
v 0.446077 -1.583902 8.574126
v 0.641425 -1.570082 8.622376
v 0.840165 -1.845236 8.625886
v 0.724180 -1.629294 8.668197
v 0.459810 -1.561206 8.695096
v 0.346549 -1.675161 8.804357
v 0.446564 -1.770856 8.903602
v 0.661324 -1.834845 8.895043
v 0.730916 -1.916698 8.722831
v 0.542193 -1.838926 8.559426
v 0.470665 -1.707157 8.529675
v 0.470093 -1.580044 8.536193
v 0.480545 -1.485731 8.535882
v 0.442043 -1.756999 8.923514
v 0.480345 -1.286606 8.587117
v 0.482443 -1.285616 8.579982
v 0.803822 -2.009075 8.513963
v 0.746429 -2.095889 8.512782
v 0.748796 -2.095094 8.504390
v 0.479229 -1.325423 8.595317
v 0.476363 -1.301050 8.593946
v 0.750845 -2.111388 8.503619
v 0.466821 -1.289689 8.590608
v 0.819487 -2.011252 8.507016
v 0.804087 -2.037938 8.501372
v 0.782418 -2.069740 8.497823
v 0.745070 -2.096494 8.541015
v 0.806502 -2.010447 8.562728
v 0.784217 -2.045423 8.555354
v 0.749547 -2.095352 8.547967
v 0.467502 -1.289821 8.545938
v 0.826725 -2.005311 8.553889
v 0.803603 -2.043756 8.538753
v 0.781908 -2.073126 8.542760
v 0.753262 -2.109336 8.535087
v 0.469236 -1.345545 8.537410
v 0.746268 -2.104152 8.501380
v 0.477038 -1.287156 8.590863
v 0.743221 -2.113836 8.544715
v 0.752769 -2.103076 8.548045
v 0.754876 -2.108872 8.511697
v 0.480816 -1.292457 8.542771
v 0.486762 -1.392356 8.586797
v 0.487781 -1.422937 8.571055
v 0.486523 -1.463111 8.584123
v 0.482300 -1.509877 8.577840
v 0.471812 -1.567188 8.575486
v 0.465998 -1.624513 8.566249
v 0.465598 -1.680645 8.563998
v 0.467467 -1.767625 8.569989
v 0.469962 -1.784334 8.573516
v 0.481766 -1.799453 8.569219
v 0.491320 -1.815829 8.574756
v 0.498190 -1.834374 8.589660
v 0.542014 -1.866833 8.609485
v 0.561235 -1.885055 8.630504
v 0.592965 -1.899134 8.645631
v 0.613390 -1.915056 8.668477
v 0.642413 -1.925800 8.688128
v 0.665797 -1.936582 8.711818
v 0.686816 -1.943722 8.734635
v 0.716785 -1.938776 8.773206
v 0.731889 -1.918260 8.781756
v 0.719104 -1.927578 8.816827
v 0.712997 -1.917803 8.836801
v 0.700534 -1.911948 8.857617
v 0.692053 -1.884793 8.869010
v 0.672226 -1.877475 8.885392
v 0.628024 -1.854775 8.907432
v 0.598751 -1.857100 8.916181
v 0.573049 -1.846244 8.919354
v 0.543996 -1.841873 8.921613
v 0.522284 -1.811390 8.918473
v 0.494782 -1.802840 8.915286
v 0.468060 -1.794433 8.909978
v 0.421049 -1.770795 8.893935
v 0.397572 -1.768525 8.882905
v 0.378685 -1.758994 8.870679
v 0.355219 -1.765316 8.854739
v 0.350109 -1.737438 8.842381
v 0.337203 -1.732448 8.824410
v 0.333869 -1.715685 8.808290
v 0.330896 -1.691994 8.766511
v 0.344653 -1.667059 8.751878
v 0.361390 -1.642101 8.739985
v 0.369807 -1.632215 8.710385
v 0.394484 -1.606892 8.707660
v 0.414053 -1.591531 8.693387
v 0.434889 -1.578515 8.680820
v 0.478215 -1.561909 8.662103
v 0.499880 -1.558748 8.653623
v 0.521620 -1.557871 8.651826
v 0.584651 -1.568433 8.641402
v 0.665219 -1.597490 8.643125
v 0.701572 -1.615043 8.639010
v 0.750739 -1.651260 8.639407
v 0.768454 -1.670441 8.637029
v 0.784167 -1.691922 8.633611
v 0.812383 -1.744585 8.624980
v 0.824341 -1.774485 8.619376
v 0.834043 -1.805951 8.611312
v 0.839633 -1.828270 8.598201
v 0.843477 -1.870075 8.583329
v 0.842607 -1.894442 8.568645
v 0.839035 -1.919399 8.556996
v 0.829078 -1.953543 8.550490
v 0.757079 -2.088258 8.498082
v 0.776004 -2.062663 8.496648
v 0.794561 -2.032069 8.499883
v 0.810031 -2.007901 8.504344
v 0.833271 -1.953554 8.524896
v 0.848343 -1.888295 8.561172
v 0.844299 -1.834774 8.589725
v 0.838172 -1.802245 8.600888
v 0.828330 -1.770570 8.608817
v 0.817259 -1.739508 8.613620
v 0.793542 -1.696499 8.621409
v 0.730700 -1.627347 8.629172
v 0.700235 -1.608128 8.627872
v 0.702105 -1.602759 8.626687
v 0.593378 -1.565236 8.621001
v 0.479232 -1.557887 8.635253
v 0.406096 -1.593458 8.672679
v 0.388654 -1.609662 8.686633
v 0.365563 -1.632330 8.707835
v 0.349160 -1.651415 8.726249
v 0.334894 -1.671749 8.746169
v 0.324688 -1.691989 8.766541
v 0.324349 -1.744000 8.824290
v 0.339973 -1.761527 8.844687
v 0.699887 -1.918262 8.861609
v 0.716155 -1.937265 8.823077
v 0.718434 -1.945299 8.803811
v 0.639987 -1.929535 8.690234
v 0.533456 -1.869024 8.614564
v 0.493102 -1.835676 8.590911
v 0.461325 -1.778369 8.573888
v 0.462979 -1.768746 8.573258
v 0.459797 -1.744213 8.572934
v 0.462868 -1.589403 8.582940
v 0.481844 -1.442276 8.594630
v 0.483128 -1.353907 8.594138
v 0.816446 -2.023928 8.518657
v 0.859180 -1.913132 8.562001
v 0.853613 -1.801940 8.610917
v 0.844443 -1.770899 8.614583
v 0.829214 -1.731572 8.625297
v 0.800398 -1.677674 8.629527
v 0.783799 -1.654417 8.632699
v 0.717366 -1.596672 8.638761
v 0.687348 -1.581384 8.633098
v 0.569582 -1.541323 8.627948
v 0.547412 -1.538084 8.628320
v 0.523977 -1.536794 8.631118
v 0.428141 -1.562208 8.666812
v 0.382443 -1.595741 8.698611
v 0.362138 -1.615773 8.717174
v 0.321103 -1.677394 8.779363
v 0.328543 -1.748322 8.853894
v 0.729683 -1.939767 8.831630
v 0.533466 -1.872299 8.602279
v 0.454571 -1.786251 8.561126
v 0.442478 -1.624973 8.569018
v 0.458408 -1.511941 8.577443
v 0.463063 -1.465985 8.582192
v 0.467349 -1.309053 8.593854
v 0.467050 -1.336570 8.594831
v 0.469382 -1.468486 8.594386
v 0.464431 -1.520540 8.591125
v 0.450763 -1.599776 8.582320
v 0.446122 -1.656748 8.576749
v 0.573462 -1.899819 8.638751
v 0.723510 -1.942154 8.830892
v 0.329789 -1.666461 8.751006
v 0.556030 -1.543258 8.621865
v 0.599784 -1.552795 8.621297
v 0.687026 -1.585547 8.626740
v 0.768392 -1.643546 8.627509
v 0.815833 -1.709653 8.618991
v 0.851668 -1.811902 8.597144
v 0.854881 -1.910018 8.551419
v 0.795435 -2.020186 8.539021
v 0.828649 -1.958291 8.575236
v 0.805271 -1.733614 8.654391
v 0.790950 -1.705965 8.658803
v 0.775651 -1.681916 8.662702
v 0.759342 -1.661409 8.664752
v 0.749525 -1.649312 8.680257
v 0.699369 -1.613202 8.667480
v 0.671623 -1.597450 8.674376
v 0.544557 -1.554671 8.676904
v 0.523420 -1.553030 8.678071
v 0.501908 -1.553507 8.681186
v 0.480781 -1.555551 8.687869
v 0.439381 -1.569208 8.705695
v 0.419581 -1.580688 8.716907
v 0.401125 -1.594264 8.729682
v 0.382004 -1.615545 8.736779
v 0.370183 -1.625823 8.758195
v 0.358905 -1.642716 8.773368
v 0.346588 -1.690036 8.819446
v 0.359777 -1.713566 8.849292
v 0.368175 -1.734661 8.859878
v 0.387582 -1.731680 8.875976
v 0.405421 -1.742577 8.886777
v 0.474633 -1.767499 8.912045
v 0.501221 -1.775721 8.916934
v 0.528723 -1.784177 8.919724
v 0.582941 -1.806236 8.917575
v 0.637439 -1.821866 8.905934
v 0.683535 -1.847074 8.881038
v 0.702987 -1.860583 8.864030
v 0.727032 -1.892503 8.824357
v 0.714717 -1.916336 8.698407
v 0.570285 -1.865121 8.591775
v 0.508372 -1.808046 8.541406
v 0.494643 -1.792766 8.540389
v 0.488206 -1.777030 8.529311
v 0.481143 -1.761624 8.530437
v 0.468056 -1.676279 8.531203
v 0.466600 -1.644681 8.528068
v 0.485002 -1.471696 8.546081
v 0.483003 -1.328024 8.539359
v 0.479849 -1.337947 8.537358
v 0.472811 -1.521242 8.531436
v 0.464537 -1.587642 8.525086
v 0.459576 -1.622883 8.520770
v 0.480525 -1.771604 8.521665
v 0.495360 -1.791226 8.530391
v 0.523937 -1.824407 8.546922
v 0.698802 -1.913414 8.671948
v 0.735489 -1.882409 8.832259
v 0.708537 -1.857988 8.867845
v 0.507525 -1.769781 8.928340
v 0.515406 -1.774359 8.921977
v 0.413431 -1.740310 8.894822
v 0.386048 -1.726315 8.881127
v 0.370024 -1.715669 8.869201
v 0.359066 -1.706325 8.854300
v 0.346680 -1.684271 8.823445
v 0.384346 -1.607771 8.744662
v 0.481790 -1.548531 8.691646
v 0.502754 -1.548245 8.685752
v 0.523747 -1.547997 8.682277
v 0.544980 -1.546858 8.680987
v 0.578286 -1.557120 8.678769
v 0.614923 -1.569052 8.679902
v 0.670481 -1.588995 8.684457
v 0.742912 -1.632746 8.687890
v 0.794540 -1.694534 8.680657
v 0.802719 -1.719406 8.675347
v 0.831382 -1.785691 8.665027
v 0.841855 -1.829086 8.652987
v 0.827853 -1.971979 8.577733
v 0.464257 -1.297572 8.552527
v 0.461738 -1.477084 8.542905
v 0.443401 -1.616479 8.536786
v 0.444608 -1.647685 8.525304
v 0.457807 -1.745616 8.519866
v 0.458522 -1.763872 8.530374
v 0.463693 -1.779052 8.533891
v 0.474615 -1.796836 8.536134
v 0.492769 -1.809747 8.531890
v 0.508130 -1.827078 8.542525
v 0.554917 -1.858024 8.565932
v 0.583768 -1.872516 8.581918
v 0.616233 -1.886696 8.602410
v 0.630510 -1.913942 8.650231
v 0.674825 -1.910216 8.649093
v 0.689820 -1.929948 8.691054
v 0.722755 -1.923204 8.700707
v 0.749719 -1.922029 8.756949
v 0.752771 -1.916844 8.784842
v 0.745374 -1.916960 8.817332
v 0.742588 -1.895201 8.835906
v 0.730052 -1.881308 8.858630
v 0.712830 -1.867768 8.880141
v 0.692802 -1.851741 8.897479
v 0.642248 -1.828710 8.924907
v 0.615760 -1.814037 8.931968
v 0.584563 -1.810733 8.938273
v 0.557335 -1.790330 8.938638
v 0.527443 -1.780863 8.938195
v 0.494950 -1.780353 8.936597
v 0.466310 -1.771452 8.931262
v 0.414422 -1.753655 8.914670
v 0.395087 -1.739035 8.903878
v 0.375748 -1.729428 8.891788
v 0.359605 -1.719133 8.878409
v 0.338761 -1.723493 8.860852
v 0.338504 -1.695088 8.848605
v 0.333976 -1.681600 8.832477
v 0.331478 -1.659528 8.792277
v 0.344260 -1.636135 8.778752
v 0.357848 -1.616802 8.762980
v 0.372125 -1.600255 8.744752
v 0.390410 -1.583052 8.728723
v 0.432787 -1.553740 8.700809
v 0.479308 -1.536315 8.687417
v 0.501640 -1.532581 8.675389
v 0.524240 -1.531916 8.667554
v 0.546623 -1.533490 8.664786
v 0.576227 -1.538344 8.663228
v 0.620858 -1.552158 8.674953
v 0.650953 -1.562715 8.673106
v 0.688829 -1.578966 8.669576
v 0.715761 -1.593534 8.666064
v 0.761064 -1.628148 8.666326
v 0.780243 -1.649155 8.664443
v 0.797197 -1.674433 8.671380
v 0.829508 -1.733948 8.652783
v 0.843442 -1.770015 8.646411
v 0.854428 -1.807844 8.637609
v 0.859710 -1.835498 8.629201
v 0.862851 -1.872830 8.613999
v 0.860740 -1.894451 8.619458
v 0.860311 -1.909676 8.600352
v 0.857118 -1.927248 8.590777
v 0.852303 -1.945018 8.584802
v 0.841574 -1.973676 8.574082
v 0.856617 -1.899270 8.621238
v 0.850452 -1.814190 8.656281
v 0.840051 -1.777195 8.664939
v 0.826794 -1.741568 8.671174
v 0.777076 -1.653698 8.683642
v 0.756886 -1.630958 8.685588
v 0.674065 -1.577048 8.683127
v 0.507783 -1.534371 8.683454
v 0.429870 -1.557327 8.711719
v 0.344948 -1.639934 8.789859
v 0.354357 -1.707990 8.867587
v 0.426203 -1.746287 8.915469
v 0.617091 -1.808811 8.928445
v 0.693041 -1.846502 8.892415
v 0.742732 -1.889896 8.831601
v 0.462978 -1.741496 8.516557
v 0.449877 -1.646592 8.519284
v 0.448610 -1.610319 8.522939
v 0.450618 -1.585509 8.525277
v 0.462675 -1.510153 8.533513
v 0.467330 -1.430851 8.537400
v 0.468435 -1.592750 8.568856
v 0.469775 -1.726151 8.549579
v 0.521573 -1.849888 8.594825
v 0.713395 -1.932764 8.742139
v 0.651333 -1.865775 8.897859
v 0.437401 -1.802755 8.902652
v 0.333500 -1.700018 8.790641
v 0.456437 -1.568485 8.670314
v 0.632636 -1.583889 8.631076
v 0.735128 -1.638086 8.644370
v 0.798810 -1.714593 8.623488
v 0.842104 -1.844573 8.591178
v 0.819861 -1.978211 8.520654
v 0.459785 -1.511362 8.536443
v 0.454533 -1.723231 8.518086
v 0.739822 -1.921506 8.726840
v 0.670165 -1.833333 8.908528
v 0.336129 -1.665019 8.816155
v 0.575778 -1.542542 8.677884
v 0.737856 -1.611713 8.684001
v 0.736137 -1.614739 8.686942
v 0.812264 -1.705342 8.674180
v 0.800927 -1.690511 8.679492
v 0.859624 -1.850030 8.640208
v 0.856875 -1.850583 8.644340
v 0.824966 -2.004900 8.564420
v 0.829689 -1.988703 8.573037
v 0.818436 -1.984672 8.568940
v 0.843687 -1.866162 8.632554
v 0.846925 -1.865592 8.638227
v 0.806752 -1.734019 8.669564
v 0.729461 -1.629443 8.684684
v 0.629996 -1.580279 8.671849
v 0.449866 -1.755841 8.906423
v 0.466115 -1.609100 8.526898
v 0.481374 -1.510521 8.543731
v 0.479818 -1.510252 8.537068
v 0.828151 -1.991154 8.511474
v 0.725743 -1.604404 8.631244
v 0.722187 -1.607170 8.628064
v 0.648971 -1.566514 8.627009
v 0.451139 -1.555257 8.647700
v 0.314669 -1.707943 8.791560
v 0.428146 -1.807464 8.919442
v 0.653965 -1.884523 8.917832
v 0.712564 -1.953474 8.762343
v 0.504336 -1.855012 8.594680
v 0.446151 -1.605031 8.579066
v 0.463314 -1.482568 8.588368
v 0.465528 -1.487258 8.591754
v 0.485226 -1.414829 8.592444
v 0.480914 -1.510240 8.586699
v 0.478035 -1.511906 8.590276
v 0.465326 -1.604569 8.577086
v 0.464363 -1.745215 8.569947
v 0.511986 -1.852091 8.601357
v 0.703057 -1.946694 8.757016
v 0.646558 -1.880926 8.901967
v 0.446861 -1.814106 8.909427
v 0.323845 -1.711574 8.784608
v 0.442733 -1.575302 8.656535
v 0.441169 -1.574140 8.652526
v 0.643303 -1.585242 8.625773
v 0.731795 -1.632830 8.632491
v 0.822394 -1.980358 8.513156
v 0.850833 -1.849884 8.581346
v 0.751395 -1.632045 8.627828
v 0.741977 -1.630859 8.628076
v 0.612719 -1.564760 8.620435
v 0.451395 -1.563789 8.645682
v 0.443200 -1.815757 8.914071
v 0.648305 -1.887081 8.907546
v 0.705116 -1.951142 8.760051
v 0.516818 -1.861792 8.605397
v 0.456204 -1.596453 8.583297
v 0.472536 -1.515469 8.591918
v 0.463117 -1.330413 8.551654
v 0.457596 -1.512258 8.559913
v 0.458236 -1.510746 8.543817
v 0.442416 -1.658465 8.544669
v 0.444915 -1.678488 8.530042
v 0.449301 -1.719054 8.527780
v 0.528821 -1.843281 8.553838
v 0.738320 -1.926886 8.730765
v 0.669141 -1.839012 8.912641
v 0.326729 -1.676805 8.810552
v 0.454994 -1.543139 8.695306
v 0.735781 -1.607526 8.677808
v 0.814056 -1.700618 8.646522
v 0.813404 -1.702641 8.667443
v 0.861957 -1.854348 8.622119
v 0.465330 -1.473274 8.536254
v 0.456288 -1.591604 8.523015
v 0.454168 -1.689392 8.517135
v 0.459134 -1.682975 8.517282
v 0.468430 -1.731080 8.517856
v 0.677999 -1.836166 8.897037
v 0.467763 -1.758791 8.914762
v 0.344739 -1.667489 8.810513
v 0.460547 -1.551447 8.699487
v 0.612965 -1.561790 8.680902
v 0.752567 -1.631976 8.687385
v 0.851207 -1.849931 8.646367
v 0.822108 -1.991296 8.571197
v 0.728556 -2.129604 8.523032
v 0.729872 -2.124919 8.531585
v 0.735644 -2.115715 8.540784
v 0.742948 -2.118543 8.540181
v 0.732451 -2.126807 8.535592
v 0.740007 -2.124157 8.514611
v 0.732799 -2.129673 8.527225
v 0.733322 -2.128373 8.513768
v 0.741194 -2.119076 8.504542
v 0.736342 -2.122275 8.507991
v 0.731570 -2.126035 8.513768
v 0.737523 -2.113432 8.507913
v 0.731687 -2.118485 8.528432
v 0.809315 -2.016648 8.563729
v 0.804970 -2.031356 8.559968
v 0.788081 -2.048418 8.556912
v 0.775165 -2.084215 8.506463
v 0.477582 -1.361018 8.596536
v 0.471466 -1.345082 8.596456
v 0.472473 -1.314573 8.595267
v 0.474557 -1.265774 8.568833
v 0.476060 -1.275239 8.585155
v 0.468970 -1.278148 8.586858
v 0.470817 -1.268664 8.578092
v 0.465611 -1.278492 8.581895
v 0.466121 -1.274570 8.573562
v 0.470146 -1.268361 8.564301
v 0.465529 -1.284579 8.555358
v 0.468272 -1.274210 8.556882
v 0.470986 -1.276723 8.549766
v 0.474018 -1.270869 8.554650
v 0.479689 -1.279751 8.547812
v 0.478695 -1.270686 8.558425
v 0.479617 -1.273423 8.576245
v 0.799873 -2.018111 8.506236
v 0.771103 -2.064962 8.499028
v 0.463975 -1.293153 8.586373
v 0.464131 -1.324324 8.591731
v 0.485035 -1.327678 8.542130
v 0.771336 -2.083440 8.549132
v 0.814707 -1.986362 8.551717
v 0.773908 -2.053591 8.539422
v 0.483446 -1.283417 8.555709
v 0.484827 -1.295896 8.549560
v 0.486376 -1.324366 8.567122
v 0.486499 -1.327963 8.551463
v 0.486444 -1.425696 8.547759
v 0.486170 -1.471460 8.562325
v 0.482556 -1.509475 8.561513
v 0.470496 -1.580736 8.552749
v 0.467610 -1.616726 8.537734
v 0.466811 -1.660037 8.547395
v 0.474817 -1.739484 8.531936
v 0.471642 -1.748403 8.551730
v 0.476653 -1.763261 8.546811
v 0.481843 -1.779221 8.549047
v 0.516892 -1.824754 8.559711
v 0.616586 -1.882829 8.609647
v 0.639803 -1.897897 8.637080
v 0.667591 -1.904806 8.651807
v 0.692150 -1.912400 8.674716
v 0.698925 -1.929420 8.716559
v 0.738409 -1.914165 8.748569
v 0.731656 -1.907480 8.803798
v 0.711514 -1.887112 8.847930
v 0.605412 -1.833948 8.913386
v 0.551282 -1.814600 8.919234
v 0.348821 -1.708605 8.832131
v 0.345192 -1.670756 8.780702
v 0.551663 -1.559983 8.654664
v 0.617608 -1.577775 8.654679
v 0.816704 -1.760730 8.655986
v 0.824529 -1.781400 8.646220
v 0.833704 -1.812529 8.637895
v 0.842661 -1.876823 8.609538
v 0.841530 -1.899943 8.595347
v 0.839435 -1.916480 8.590241
v 0.836011 -1.932028 8.580594
v 0.464474 -1.331313 8.543778
v 0.466119 -1.326888 8.540463
v 0.464231 -1.435932 8.541421
v 0.451112 -1.565973 8.530068
v 0.445683 -1.618309 8.525746
v 0.449213 -1.703252 8.522164
v 0.448905 -1.676446 8.519570
v 0.464732 -1.762609 8.519656
v 0.471230 -1.779136 8.523179
v 0.482365 -1.794781 8.525899
v 0.646073 -1.900177 8.625806
v 0.701591 -1.917819 8.674787
v 0.750619 -1.905759 8.810214
v 0.752920 -1.911566 8.780711
v 0.730151 -1.875916 8.854125
v 0.713513 -1.861470 8.874917
v 0.588075 -1.799069 8.935164
v 0.486670 -1.766824 8.932488
v 0.644864 -1.819904 8.919642
v 0.346775 -1.708536 8.863843
v 0.390207 -1.731441 8.897737
v 0.338911 -1.649999 8.798221
v 0.409300 -1.568733 8.722116
v 0.375178 -1.599940 8.752032
v 0.534049 -1.533318 8.677417
v 0.580363 -1.540833 8.674644
v 0.708827 -1.591486 8.682187
v 0.680253 -1.576987 8.680682
v 0.759745 -1.629631 8.681554
v 0.779070 -1.651188 8.679570
v 0.796001 -1.676749 8.678256
v 0.828743 -1.738512 8.667377
v 0.842388 -1.774841 8.661080
v 0.853064 -1.812617 8.652333
v 0.860612 -1.877146 8.629962
v 0.857107 -1.919178 8.607043
v 0.850274 -1.943133 8.594949
v 0.805896 -2.005905 8.560142
v 0.781570 -2.044492 8.551646
v 0.843899 -1.897811 8.615535
v 0.841411 -1.921075 8.603045
v 0.835043 -1.945041 8.587533
v 0.839246 -1.832694 8.647132
v 0.831082 -1.798936 8.657220
v 0.820198 -1.765299 8.665441
v 0.788586 -1.698898 8.675166
v 0.768290 -1.669321 8.679616
v 0.770320 -1.667212 8.683286
v 0.705175 -1.613644 8.682300
v 0.664320 -1.590872 8.681466
v 0.592018 -1.566637 8.672311
v 0.572554 -1.559717 8.675593
v 0.350979 -1.656543 8.790898
v 0.372179 -1.722037 8.863765
v 0.426629 -1.749069 8.897548
v 0.351834 -1.698058 8.837146
v 0.557004 -1.790608 8.920789
v 0.611413 -1.813236 8.913447
v 0.601034 -1.803444 8.918288
v 0.719492 -1.873691 8.844590
v 0.739487 -1.897896 8.799438
v 0.742984 -1.907040 8.774852
v 0.732582 -1.885954 8.823113
v 0.565792 -1.855042 8.572963
v 0.591809 -1.869768 8.588813
v 0.668524 -1.904028 8.643210
v 0.470955 -1.719165 8.521174
v 0.478844 -1.754843 8.524022
v 0.467762 -1.684013 8.523721
v 0.464465 -1.658058 8.521430
v 0.469717 -1.570493 8.529767
v 0.483793 -1.458406 8.539052
v 0.792529 -2.059849 8.505351
v 0.816210 -2.022181 8.508750
v 0.839277 -1.976593 8.523524
v 0.846433 -1.957879 8.532014
v 0.862178 -1.873346 8.579610
v 0.857485 -1.911522 8.554440
v 0.847679 -1.946599 8.532853
v 0.860424 -1.869568 8.575734
v 0.856117 -1.819546 8.597762
v 0.834910 -1.748355 8.614892
v 0.843593 -1.777564 8.606725
v 0.774698 -1.645811 8.629838
v 0.799702 -1.683073 8.622172
v 0.762641 -1.631879 8.632611
v 0.475762 -1.544728 8.639283
v 0.596859 -1.548329 8.625922
v 0.499489 -1.542724 8.630380
v 0.522659 -1.542086 8.625318
v 0.318782 -1.685132 8.773767
v 0.426863 -1.567582 8.660447
v 0.403514 -1.584814 8.674411
v 0.381321 -1.603212 8.691627
v 0.361112 -1.623471 8.710458
v 0.343590 -1.644783 8.730432
v 0.342280 -1.760843 8.870353
v 0.380119 -1.783102 8.899268
v 0.313795 -1.719664 8.816195
v 0.318218 -1.738140 8.833735
v 0.358774 -1.777256 8.883418
v 0.402567 -1.797967 8.909263
v 0.341773 -1.766802 8.866834
v 0.379429 -1.789146 8.895909
v 0.515235 -1.830067 8.938989
v 0.544464 -1.843176 8.939448
v 0.484560 -1.824711 8.934072
v 0.601671 -1.862784 8.933936
v 0.628000 -1.874513 8.926890
v 0.512991 -1.835802 8.936042
v 0.710542 -1.921030 8.872737
v 0.729023 -1.948286 8.810000
v 0.676935 -1.895241 8.905412
v 0.694859 -1.909417 8.890090
v 0.720126 -1.932768 8.853799
v 0.672960 -1.898149 8.904168
v 0.673029 -1.943189 8.713069
v 0.645625 -1.933590 8.690370
v 0.616341 -1.920829 8.666810
v 0.690874 -1.949535 8.738202
v 0.485606 -1.837797 8.583282
v 0.449542 -1.770959 8.566754
v 0.446236 -1.748794 8.567323
v 0.461085 -1.803536 8.570912
v 0.454891 -1.788086 8.570006
v 0.442260 -1.670020 8.564370
v 0.442960 -1.662217 8.571963
v 0.443897 -1.649448 8.574967
v 0.460027 -1.511970 8.586713
v 0.450115 -1.573670 8.582400
v 0.464158 -1.408043 8.585631
v 0.466118 -1.428205 8.591437
v 0.485077 -1.312490 8.580703
v 0.484241 -1.323134 8.588653
v 0.480922 -1.306748 8.592326
v 0.484886 -1.466945 8.590095
v 0.481797 -1.478040 8.592360
v 0.468423 -1.573492 8.582055
v 0.463753 -1.660841 8.572232
v 0.461787 -1.653089 8.576093
v 0.473125 -1.802021 8.578635
v 0.482613 -1.818631 8.583760
v 0.585102 -1.901666 8.648675
v 0.717584 -1.940869 8.800109
v 0.685117 -1.905595 8.876325
v 0.667292 -1.894320 8.890943
v 0.710099 -1.927740 8.842399
v 0.713240 -1.948280 8.780793
v 0.516064 -1.833514 8.920550
v 0.488918 -1.821918 8.916348
v 0.461934 -1.813394 8.910661
v 0.623424 -1.872912 8.911780
v 0.598209 -1.863920 8.919446
v 0.570927 -1.853426 8.922479
v 0.496038 -1.830805 8.921052
v 0.411538 -1.797975 8.893706
v 0.390186 -1.786519 8.881999
v 0.370825 -1.776511 8.869065
v 0.341432 -1.753678 8.839076
v 0.330783 -1.742531 8.822326
v 0.324013 -1.728535 8.803554
v 0.373905 -1.785409 8.876098
v 0.398631 -1.604085 8.684398
v 0.345127 -1.662321 8.736928
v 0.475116 -1.563266 8.640021
v 0.507820 -1.558110 8.631959
v 0.551361 -1.560897 8.629443
v 0.580119 -1.565848 8.624946
v 0.526937 -1.555784 8.625422
v 0.674610 -1.600201 8.631045
v 0.708521 -1.617359 8.631867
v 0.751833 -1.648465 8.629947
v 0.769469 -1.668571 8.629272
v 0.785142 -1.689731 8.625922
v 0.813771 -1.742539 8.617251
v 0.825749 -1.772168 8.611732
v 0.835524 -1.803588 8.603770
v 0.831170 -1.951779 8.530421
v 0.840587 -1.917837 8.547738
v 0.845375 -1.863094 8.577361
v 0.844948 -1.884176 8.566705
v 0.756394 -2.102283 8.498803
v 0.769970 -2.083034 8.496655
v 0.791371 -2.049888 8.497451
v 0.812359 -2.013878 8.503287
v 0.835396 -1.971479 8.518260
v 0.843129 -1.943747 8.530629
v 0.846298 -1.921909 8.541768
v 0.857036 -1.852488 8.581367
v 0.848248 -1.825784 8.591281
v 0.842911 -1.800967 8.599540
v 0.832852 -1.768468 8.607501
v 0.793959 -1.686347 8.621068
v 0.777211 -1.664968 8.624475
v 0.769295 -1.662009 8.626245
v 0.574287 -1.553584 8.619681
v 0.545920 -1.551461 8.621205
v 0.508043 -1.549677 8.626773
v 0.475035 -1.552076 8.636394
v 0.428223 -1.575488 8.657777
v 0.314586 -1.725616 8.811442
v 0.328921 -1.755626 8.848298
v 0.351697 -1.775122 8.867808
v 0.391344 -1.796260 8.895051
v 0.461181 -1.820500 8.926597
v 0.573231 -1.856093 8.934693
v 0.558438 -1.851527 8.927623
v 0.615536 -1.872159 8.923625
v 0.678884 -1.903776 8.892083
v 0.709246 -1.926991 8.858172
v 0.722621 -1.953240 8.787976
v 0.666409 -1.940944 8.713077
v 0.586976 -1.905937 8.649579
v 0.528190 -1.872533 8.609548
v 0.487212 -1.835953 8.587834
v 0.470726 -1.817763 8.578116
v 0.451003 -1.756332 8.570880
v 0.454648 -1.742706 8.572885
v 0.457416 -1.652748 8.578443
v 0.476922 -1.478417 8.594308
v 0.476047 -1.434913 8.596074
v 0.463484 -1.287556 8.578156
v 0.462202 -1.315320 8.581759
v 0.462944 -1.435125 8.567008
v 0.462206 -1.459532 8.553241
v 0.447127 -1.581750 8.533183
v 0.445601 -1.583628 8.553542
v 0.445969 -1.752790 8.563048
v 0.452815 -1.741288 8.528302
v 0.450629 -1.771836 8.558015
v 0.462841 -1.803187 8.562505
v 0.472764 -1.821217 8.571324
v 0.490688 -1.836403 8.572869
v 0.560497 -1.891101 8.624167
v 0.593608 -1.906841 8.642659
v 0.658244 -1.926952 8.676408
v 0.702033 -1.946534 8.732345
v 0.736023 -1.941311 8.775544
v 0.739409 -1.936935 8.800958
v 0.730054 -1.920158 8.848317
v 0.720512 -1.904037 8.867600
v 0.701920 -1.897178 8.887975
v 0.683158 -1.882520 8.903857
v 0.633325 -1.863475 8.927976
v 0.607880 -1.848156 8.935126
v 0.576547 -1.848709 8.939174
v 0.550247 -1.820330 8.941169
v 0.520190 -1.810835 8.940293
v 0.487443 -1.814685 8.936315
v 0.457677 -1.811471 8.930083
v 0.405276 -1.786959 8.912608
v 0.385752 -1.764596 8.902511
v 0.363487 -1.761163 8.888726
v 0.348715 -1.743066 8.874930
v 0.324001 -1.722087 8.840686
v 0.319154 -1.706802 8.822497
v 0.329435 -1.659910 8.755794
v 0.344993 -1.635772 8.737500
v 0.406808 -1.574631 8.683734
v 0.477654 -1.538880 8.659371
v 0.500423 -1.537427 8.638267
v 0.666490 -1.570594 8.640084
v 0.798031 -1.673264 8.650186
v 0.862609 -1.888782 8.592778
v 0.852717 -1.941360 8.545598
v 0.844843 -1.967818 8.548703
v 0.471136 -1.287423 8.543452
v 0.469947 -1.300597 8.540538
v 0.479649 -1.303791 8.540090
v 0.471106 -1.315156 8.538255
v 0.474617 -1.348266 8.536489
v 0.478478 -1.450013 8.535653
v 0.473664 -1.422798 8.535687
v 0.472406 -1.477920 8.533994
v 0.466488 -1.523661 8.530606
v 0.474029 -1.773342 8.519685
v 0.494339 -1.801236 8.527989
v 0.513271 -1.817514 8.538363
v 0.524413 -1.833767 8.544881
v 0.558127 -1.853684 8.564048
v 0.596225 -1.873830 8.588529
v 0.647762 -1.897311 8.625525
v 0.721701 -1.918787 8.698585
v 0.748296 -1.916773 8.751779
v 0.748920 -1.906059 8.782733
v 0.750321 -1.901357 8.806073
v 0.632098 -1.812988 8.915885
v 0.575107 -1.791522 8.930509
v 0.435927 -1.747524 8.912826
v 0.390674 -1.728842 8.891175
v 0.345460 -1.691868 8.845433
v 0.340979 -1.679030 8.829949
v 0.346401 -1.650396 8.796441
v 0.354764 -1.633334 8.780231
v 0.366295 -1.615539 8.764319
v 0.382218 -1.601766 8.747977
v 0.398690 -1.583765 8.734088
v 0.418472 -1.572417 8.720422
v 0.438837 -1.557792 8.709077
v 0.475629 -1.541144 8.693017
v 0.512603 -1.540780 8.684644
v 0.574265 -1.550258 8.679795
v 0.702567 -1.594253 8.686524
v 0.715386 -1.608069 8.687808
v 0.772825 -1.658052 8.685391
v 0.831228 -1.767415 8.669051
v 0.845030 -1.815356 8.657996
v 0.854819 -1.878855 8.632957
v 0.846998 -1.911885 8.612287
v 0.842574 -1.954021 8.589702
v 0.837835 -1.948456 8.589980
v 0.626441 -1.376120 8.565042
v 0.622461 -1.351188 8.565042
v 0.611487 -1.332981 8.554860
v 0.596733 -1.326257 8.572829
v 0.581958 -1.332903 8.571965
v 0.571010 -1.351188 8.565042
v 0.567030 -1.376120 8.565042
v 0.571010 -1.401051 8.565042
v 0.581948 -1.419337 8.559333
v 0.596719 -1.426022 8.572829
v 0.611487 -1.419258 8.575225
v 0.622461 -1.401051 8.565042
v 0.625171 -1.376120 8.584428
v 0.621225 -1.351189 8.583909
v 0.610445 -1.332937 8.582490
v 0.570213 -1.351188 8.577193
v 0.566268 -1.376120 8.576674
v 0.570213 -1.401051 8.577193
v 0.580993 -1.419302 8.578612
v 0.621225 -1.401051 8.583909
v 0.621380 -1.376120 8.603484
v 0.617536 -1.351188 8.602454
v 0.607033 -1.332937 8.599639
v 0.592687 -1.326257 8.595796
v 0.576157 -1.332942 8.599669
v 0.567838 -1.351188 8.589137
v 0.563993 -1.376120 8.588107
v 0.567837 -1.401051 8.589137
v 0.576157 -1.419297 8.599669
v 0.590873 -1.425964 8.602530
v 0.607033 -1.419302 8.599639
v 0.617536 -1.401051 8.602454
v 0.615135 -1.376120 8.621881
v 0.611458 -1.351188 8.620358
v 0.598022 -1.332864 8.624002
v 0.584296 -1.326238 8.618407
v 0.563923 -1.351188 8.600669
v 0.560246 -1.376120 8.599145
v 0.563923 -1.401051 8.600669
v 0.597886 -1.419429 8.624206
v 0.611458 -1.401051 8.620358
v 0.606542 -1.376120 8.639306
v 0.603095 -1.351188 8.637317
v 0.564335 -1.332994 8.623015
v 0.558537 -1.351188 8.611590
v 0.555090 -1.376120 8.609601
v 0.558537 -1.401051 8.611590
v 0.563925 -1.419337 8.623845
v 0.580816 -1.425983 8.624454
v 0.603096 -1.401051 8.637317
v 0.595748 -1.376120 8.655459
v 0.592591 -1.351188 8.653037
v 0.583965 -1.332937 8.646419
v 0.563134 -1.326290 8.648677
v 0.551772 -1.351188 8.621716
v 0.548614 -1.376120 8.619292
v 0.551772 -1.401051 8.621715
v 0.567428 -1.426022 8.643544
v 0.583965 -1.419302 8.646419
v 0.592591 -1.401051 8.653037
v 0.582938 -1.376120 8.670068
v 0.580124 -1.351188 8.667253
v 0.566112 -1.332811 8.665614
v 0.551431 -1.332937 8.638560
v 0.543742 -1.351188 8.630872
v 0.540928 -1.376120 8.628057
v 0.543742 -1.401051 8.630872
v 0.551431 -1.419302 8.638560
v 0.565949 -1.419376 8.665799
v 0.580124 -1.401051 8.667253
v 0.568331 -1.376120 8.682878
v 0.565908 -1.351188 8.679719
v 0.535571 -1.332994 8.651675
v 0.534587 -1.351188 8.638900
v 0.532164 -1.376120 8.635743
v 0.534587 -1.401051 8.638900
v 0.534776 -1.419297 8.652320
v 0.544068 -1.425983 8.664050
v 0.565908 -1.401051 8.679719
v 0.552177 -1.376120 8.693671
v 0.550187 -1.351188 8.690225
v 0.544751 -1.332937 8.680808
v 0.525443 -1.326257 8.674651
v 0.524461 -1.351188 8.645665
v 0.522471 -1.376120 8.642219
v 0.524461 -1.401051 8.645665
v 0.538210 -1.419341 8.684613
v 0.550187 -1.401051 8.690225
v 0.534752 -1.376120 8.702264
v 0.533229 -1.351188 8.698586
v 0.529068 -1.332937 8.688542
v 0.517701 -1.332937 8.661098
v 0.513540 -1.351188 8.651052
v 0.512017 -1.376120 8.647376
v 0.513540 -1.401051 8.651052
v 0.510249 -1.419297 8.664063
v 0.516936 -1.425963 8.677482
v 0.533229 -1.401051 8.698586
v 0.516355 -1.376120 8.708508
v 0.515325 -1.351188 8.704665
v 0.512511 -1.332937 8.694161
v 0.497153 -1.332903 8.667441
v 0.502008 -1.351188 8.654967
v 0.500978 -1.376120 8.651122
v 0.502008 -1.401051 8.654967
v 0.512511 -1.419302 8.694161
v 0.515325 -1.401051 8.704665
v 0.497300 -1.376120 8.712298
v 0.496780 -1.351188 8.708354
v 0.495361 -1.332937 8.697574
v 0.479880 -1.326257 8.684495
v 0.490065 -1.351188 8.657342
v 0.489545 -1.376120 8.653396
v 0.490065 -1.401051 8.657342
v 0.483518 -1.419297 8.669059
v 0.486276 -1.426002 8.683854
v 0.495361 -1.419302 8.697574
v 0.496780 -1.401051 8.708354
v 0.477913 -1.376120 8.713571
v 0.477913 -1.351189 8.709590
v 0.469164 -1.332811 8.698524
v 0.471108 -1.333036 8.668860
v 0.477913 -1.351189 8.658139
v 0.477913 -1.376120 8.654159
v 0.477913 -1.401051 8.658139
v 0.477913 -1.419302 8.698718
v 0.477913 -1.401051 8.709590
v 0.458526 -1.376120 8.712298
v 0.459046 -1.351188 8.708354
v 0.465762 -1.351188 8.657342
v 0.466281 -1.376120 8.653396
v 0.465761 -1.401051 8.657342
v 0.456406 -1.419297 8.666965
v 0.455489 -1.425963 8.681928
v 0.460465 -1.419302 8.697574
v 0.459046 -1.401051 8.708354
v 0.439471 -1.376120 8.708508
v 0.440501 -1.351188 8.704665
v 0.436204 -1.332981 8.692344
v 0.440171 -1.326238 8.678012
v 0.445314 -1.332968 8.663964
v 0.453818 -1.351188 8.654967
v 0.454848 -1.376120 8.651122
v 0.453818 -1.401051 8.654967
v 0.443315 -1.419302 8.694161
v 0.440501 -1.401051 8.704665
v 0.421074 -1.376120 8.702264
v 0.422597 -1.351188 8.698586
v 0.442286 -1.351188 8.651052
v 0.443810 -1.376120 8.647376
v 0.442287 -1.401051 8.651052
v 0.431715 -1.419245 8.658292
v 0.432442 -1.425983 8.674819
v 0.417390 -1.419258 8.684552
v 0.422597 -1.401051 8.698586
v 0.403649 -1.376120 8.693671
v 0.405639 -1.351188 8.690225
v 0.411075 -1.332937 8.680808
v 0.412465 -1.326276 8.664449
v 0.425928 -1.332937 8.655082
v 0.431365 -1.351188 8.645665
v 0.433355 -1.376120 8.642219
v 0.431365 -1.401051 8.645665
v 0.411758 -1.425983 8.664050
v 0.405639 -1.401051 8.690225
v 0.387495 -1.376120 8.682878
v 0.389918 -1.351188 8.679719
v 0.396537 -1.332937 8.671094
v 0.410051 -1.332903 8.644103
v 0.421240 -1.351188 8.638900
v 0.423662 -1.376120 8.635743
v 0.421239 -1.401051 8.638900
v 0.410051 -1.419337 8.644103
v 0.396537 -1.419302 8.671094
v 0.389918 -1.401051 8.679719
v 0.372888 -1.376120 8.670068
v 0.375702 -1.351188 8.667253
v 0.376201 -1.332931 8.652173
v 0.393893 -1.326257 8.649062
v 0.412084 -1.351188 8.630872
v 0.414898 -1.376120 8.628057
v 0.412084 -1.401051 8.630872
v 0.388967 -1.426002 8.644124
v 0.383390 -1.419302 8.659564
v 0.375702 -1.401051 8.667253
v 0.360078 -1.376120 8.655459
v 0.363235 -1.351188 8.653037
v 0.378163 -1.326257 8.630031
v 0.395428 -1.332937 8.628335
v 0.404055 -1.351188 8.621716
v 0.407212 -1.376120 8.619292
v 0.404054 -1.401051 8.621716
v 0.395428 -1.419302 8.628335
v 0.371861 -1.419302 8.646419
v 0.363235 -1.401051 8.653037
v 0.349284 -1.376120 8.639306
v 0.352731 -1.351188 8.637317
v 0.357144 -1.332981 8.623012
v 0.384961 -1.332903 8.612115
v 0.397289 -1.351188 8.611590
v 0.400736 -1.376120 8.609601
v 0.397289 -1.401051 8.611590
v 0.383981 -1.419337 8.610129
v 0.371052 -1.425983 8.617740
v 0.358403 -1.419258 8.625566
v 0.352731 -1.401051 8.637317
v 0.340691 -1.376120 8.621881
v 0.344368 -1.351188 8.620358
v 0.364954 -1.326238 8.602530
v 0.391903 -1.351188 8.600669
v 0.395580 -1.376120 8.599145
v 0.391903 -1.401051 8.600669
v 0.344368 -1.401051 8.620358
v 0.334446 -1.376120 8.603484
v 0.338290 -1.351188 8.602454
v 0.348793 -1.332937 8.599639
v 0.377486 -1.332937 8.591950
v 0.387989 -1.351188 8.589137
v 0.391833 -1.376120 8.588107
v 0.387989 -1.401051 8.589137
v 0.375883 -1.419245 8.585530
v 0.359389 -1.426016 8.579515
v 0.348793 -1.419302 8.599639
v 0.338290 -1.401051 8.602454
v 0.330656 -1.376120 8.584428
v 0.334601 -1.351188 8.583909
v 0.345381 -1.332937 8.582490
v 0.359093 -1.326257 8.572829
v 0.374045 -1.332967 8.572780
v 0.385613 -1.351188 8.577193
v 0.389559 -1.376120 8.576674
v 0.385613 -1.401051 8.577193
v 0.345381 -1.419302 8.582490
v 0.334601 -1.401051 8.583909
v 0.329385 -1.376120 8.565042
v 0.333365 -1.351188 8.565042
v 0.344432 -1.332811 8.556293
v 0.384816 -1.351188 8.565042
v 0.388796 -1.376120 8.565042
v 0.384816 -1.401051 8.565042
v 0.373943 -1.419302 8.565042
v 0.344238 -1.419302 8.565042
v 0.333365 -1.401051 8.565042
v 0.330656 -1.376120 8.545655
v 0.334601 -1.351188 8.546174
v 0.361027 -1.326276 8.542617
v 0.374833 -1.332937 8.551471
v 0.385613 -1.351188 8.552890
v 0.389559 -1.376120 8.553411
v 0.385613 -1.401051 8.552890
v 0.375816 -1.419297 8.544734
v 0.361140 -1.425943 8.541814
v 0.345381 -1.419302 8.547593
v 0.334601 -1.401051 8.546174
v 0.334446 -1.376120 8.526601
v 0.338290 -1.351188 8.527631
v 0.348793 -1.332937 8.530444
v 0.379393 -1.333036 8.531598
v 0.387989 -1.351188 8.540946
v 0.391833 -1.376120 8.541976
v 0.387989 -1.401051 8.540946
v 0.348793 -1.419302 8.530444
v 0.338290 -1.401051 8.527631
v 0.340691 -1.376120 8.508203
v 0.344368 -1.351188 8.509727
v 0.358403 -1.332981 8.504519
v 0.371052 -1.326257 8.512343
v 0.391903 -1.351188 8.529416
v 0.395580 -1.376120 8.530938
v 0.391903 -1.401051 8.529416
v 0.383959 -1.419297 8.520059
v 0.373949 -1.426016 8.506314
v 0.358491 -1.419309 8.504416
v 0.344368 -1.401051 8.509727
v 0.349284 -1.376120 8.490777
v 0.352730 -1.351188 8.492768
v 0.387873 -1.332937 8.513057
v 0.397289 -1.351188 8.518493
v 0.400736 -1.376120 8.520484
v 0.397289 -1.401051 8.518493
v 0.352730 -1.401051 8.492768
v 0.360078 -1.376120 8.474624
v 0.363235 -1.351188 8.477046
v 0.377156 -1.332864 8.477006
v 0.389322 -1.326257 8.485511
v 0.398803 -1.332942 8.497273
v 0.404054 -1.351188 8.508368
v 0.407212 -1.376120 8.510791
v 0.404054 -1.401051 8.508368
v 0.395428 -1.419302 8.501750
v 0.377478 -1.419376 8.476638
v 0.363235 -1.401051 8.477046
v 0.372888 -1.376120 8.460017
v 0.375702 -1.351188 8.462831
v 0.412084 -1.351188 8.499213
v 0.414898 -1.376120 8.502027
v 0.412084 -1.401051 8.499213
v 0.410051 -1.419337 8.485980
v 0.399353 -1.425983 8.475461
v 0.375702 -1.401051 8.462831
v 0.387495 -1.376120 8.447207
v 0.389917 -1.351188 8.450364
v 0.396537 -1.332937 8.458991
v 0.419185 -1.326224 8.461078
v 0.414620 -1.332937 8.482558
v 0.421239 -1.351188 8.491183
v 0.423662 -1.376120 8.494340
v 0.421239 -1.401051 8.491183
v 0.396537 -1.419302 8.458991
v 0.389918 -1.401051 8.450364
v 0.403649 -1.376120 8.436414
v 0.405639 -1.351188 8.439860
v 0.411075 -1.332937 8.449275
v 0.432929 -1.332942 8.471087
v 0.431365 -1.351188 8.484418
v 0.433355 -1.376120 8.487864
v 0.431365 -1.401051 8.484418
v 0.425928 -1.419302 8.475001
v 0.432249 -1.425983 8.454799
v 0.411075 -1.419302 8.449275
v 0.405639 -1.401051 8.439860
v 0.421074 -1.376120 8.427819
v 0.422597 -1.351188 8.431497
v 0.434673 -1.332864 8.438422
v 0.442287 -1.351188 8.479032
v 0.443810 -1.376120 8.482709
v 0.442287 -1.401051 8.479032
v 0.445577 -1.419297 8.466020
v 0.435136 -1.419376 8.438264
v 0.422597 -1.401051 8.431497
v 0.439471 -1.376120 8.421575
v 0.440501 -1.351188 8.425420
v 0.454685 -1.326297 8.448270
v 0.457605 -1.332943 8.462945
v 0.453818 -1.351188 8.475118
v 0.454848 -1.376120 8.478961
v 0.453818 -1.401051 8.475118
v 0.440501 -1.401051 8.425420
v 0.458526 -1.376120 8.417785
v 0.459045 -1.351188 8.421731
v 0.460465 -1.332937 8.432509
v 0.465762 -1.351188 8.472741
v 0.466281 -1.376120 8.476687
v 0.465761 -1.401051 8.472741
v 0.471296 -1.419245 8.461186
v 0.468748 -1.425983 8.446342
v 0.460465 -1.419302 8.432509
v 0.459046 -1.401051 8.421731
v 0.477913 -1.376120 8.416514
v 0.477913 -1.351188 8.420493
v 0.488095 -1.332981 8.431468
v 0.485700 -1.326217 8.446237
v 0.483707 -1.332995 8.461064
v 0.477913 -1.351189 8.471946
v 0.477913 -1.376120 8.475924
v 0.477913 -1.401051 8.471946
v 0.485253 -1.419258 8.431281
v 0.477913 -1.401051 8.420493
v 0.497300 -1.376120 8.417785
v 0.496780 -1.351188 8.421731
v 0.490065 -1.351188 8.472741
v 0.489545 -1.376120 8.476687
v 0.490065 -1.401051 8.472741
v 0.491484 -1.419302 8.461963
v 0.501158 -1.425982 8.448182
v 0.496780 -1.401051 8.421731
v 0.516355 -1.376120 8.421575
v 0.515325 -1.351188 8.425420
v 0.512511 -1.332937 8.435922
v 0.516184 -1.326296 8.452300
v 0.510354 -1.332903 8.466029
v 0.502008 -1.351188 8.475118
v 0.500978 -1.376120 8.478961
v 0.502008 -1.401051 8.475118
v 0.512452 -1.419337 8.466741
v 0.512511 -1.419302 8.435922
v 0.515325 -1.401051 8.425420
v 0.534752 -1.376120 8.427819
v 0.533229 -1.351188 8.431497
v 0.529068 -1.332937 8.441543
v 0.513540 -1.351188 8.479032
v 0.512016 -1.376120 8.482709
v 0.513540 -1.401051 8.479032
v 0.531279 -1.425964 8.458659
v 0.529068 -1.419302 8.441543
v 0.533229 -1.401051 8.431497
v 0.552177 -1.376120 8.436414
v 0.550187 -1.351188 8.439860
v 0.553608 -1.332931 8.454555
v 0.549708 -1.326224 8.469632
v 0.535759 -1.332903 8.478284
v 0.524462 -1.351188 8.484418
v 0.522471 -1.376120 8.487864
v 0.524461 -1.401051 8.484418
v 0.536548 -1.419272 8.478959
v 0.544751 -1.419302 8.449275
v 0.550187 -1.401051 8.439860
v 0.568331 -1.376120 8.447207
v 0.565908 -1.351188 8.450364
v 0.534587 -1.351188 8.491183
v 0.532164 -1.376120 8.494340
v 0.534587 -1.401051 8.491183
v 0.555776 -1.426002 8.475028
v 0.566317 -1.419376 8.464608
v 0.565908 -1.401051 8.450364
v 0.582938 -1.376120 8.460017
v 0.580124 -1.351188 8.462831
v 0.579564 -1.332982 8.477790
v 0.556136 -1.333036 8.496442
v 0.543742 -1.351188 8.499213
v 0.540928 -1.376120 8.502027
v 0.543742 -1.401051 8.499213
v 0.556029 -1.419245 8.496284
v 0.580124 -1.401051 8.462831
v 0.595748 -1.376120 8.474624
v 0.592591 -1.351188 8.477046
v 0.576127 -1.326257 8.497754
v 0.551772 -1.351188 8.508368
v 0.548614 -1.376120 8.510791
v 0.551772 -1.401051 8.508368
v 0.576627 -1.425963 8.498393
v 0.583965 -1.419302 8.483666
v 0.592591 -1.401051 8.477046
v 0.606542 -1.376120 8.490777
v 0.603095 -1.351188 8.492768
v 0.593679 -1.332937 8.498204
v 0.570913 -1.332968 8.518144
v 0.558537 -1.351188 8.518493
v 0.555090 -1.376120 8.520484
v 0.558537 -1.401051 8.518493
v 0.570797 -1.419297 8.517888
v 0.598022 -1.419376 8.506083
v 0.603096 -1.401051 8.492768
v 0.615135 -1.376120 8.508203
v 0.611458 -1.351188 8.509727
v 0.604690 -1.332864 8.522265
v 0.590196 -1.326257 8.525468
v 0.563923 -1.351188 8.529416
v 0.560246 -1.376120 8.530938
v 0.563923 -1.401051 8.529416
v 0.590352 -1.426002 8.526019
v 0.611458 -1.401051 8.509727
v 0.621380 -1.376120 8.526601
v 0.617536 -1.351188 8.527631
v 0.579882 -1.332968 8.543813
v 0.567838 -1.351188 8.540946
v 0.563993 -1.376120 8.541976
v 0.567837 -1.401051 8.540946
v 0.578340 -1.419302 8.538133
v 0.607033 -1.419302 8.530444
v 0.617536 -1.401051 8.527631
v 0.625171 -1.376120 8.545655
v 0.621225 -1.351189 8.546174
v 0.595719 -1.326257 8.549533
v 0.570213 -1.351188 8.552890
v 0.566268 -1.376120 8.553411
v 0.570213 -1.401051 8.552890
v 0.595719 -1.425983 8.549533
v 0.610445 -1.419302 8.547593
v 0.621225 -1.401051 8.546174
vn 0.5714 -0.6836 -0.4540
vn 0.5188 -0.6207 -0.5878
vn 0.4535 -0.5425 -0.7071
vn 0.3770 -0.4510 -0.8090
vn 0.2912 -0.3483 -0.8910
vn 0.1982 -0.2371 -0.9511
vn 0.1003 -0.1200 -0.9877
vn -0.0000 -0.0000 -1.0000
vn -0.1003 0.1200 -0.9877
vn -0.1982 0.2371 -0.9511
vn -0.2912 0.3483 -0.8910
vn -0.3770 0.4510 -0.8090
vn -0.4535 0.5425 -0.7071
vn -0.5188 0.6207 -0.5878
vn -0.5714 0.6836 -0.4540
vn -0.6099 0.7297 -0.3090
vn -0.6334 0.7578 -0.1564
vn -0.6413 0.7673 -0.0000
vn -0.6334 0.7578 0.1564
vn -0.6099 0.7297 0.3090
vn -0.5714 0.6836 0.4540
vn -0.5188 0.6207 0.5878
vn -0.4535 0.5425 0.7071
vn -0.3770 0.4510 0.8090
vn -0.2912 0.3483 0.8910
vn -0.1982 0.2371 0.9511
vn -0.1003 0.1200 0.9877
vn -0.0000 -0.0000 1.0000
vn 0.1003 -0.1200 0.9877
vn 0.1982 -0.2371 0.9511
vn 0.2912 -0.3483 0.8910
vn 0.3770 -0.4510 0.8090
vn 0.4535 -0.5425 0.7071
vn 0.6334 -0.7578 0.1564
vn 0.6099 -0.7297 0.3090
vn 0.5188 -0.6207 0.5878
vn 0.5714 -0.6836 0.4540
vn 0.6413 -0.7673 -0.0000
vn 0.6099 -0.7297 -0.3090
vn 0.7673 0.6413 -0.0000
vn 0.6334 -0.7578 -0.1564
vn -0.7673 -0.6413 -0.0000
vn 0.9969 0.0785 -0.0000
vn 0.9724 0.2334 -0.0000
vn 0.9239 0.3827 -0.0000
vn 0.8526 0.5225 -0.0000
vn 0.7604 0.6494 -0.0000
vn 0.6494 0.7604 -0.0000
vn 0.5225 0.8526 -0.0000
vn 0.3827 0.9239 -0.0000
vn 0.2334 0.9724 -0.0000
vn 0.0785 0.9969 -0.0000
vn -0.0785 0.9969 -0.0000
vn -0.2334 0.9724 -0.0000
vn -0.3827 0.9239 -0.0000
vn -0.5225 0.8526 -0.0000
vn -0.6494 0.7604 -0.0000
vn -0.7604 0.6494 -0.0000
vn -0.8526 0.5225 -0.0000
vn -0.9239 0.3827 -0.0000
vn -0.9724 0.2334 -0.0000
vn -0.9969 0.0785 -0.0000
vn -0.9969 -0.0785 -0.0000
vn -0.9724 -0.2334 -0.0000
vn -0.9239 -0.3827 -0.0000
vn -0.8526 -0.5225 -0.0000
vn -0.7604 -0.6494 -0.0000
vn -0.6494 -0.7604 -0.0000
vn -0.5225 -0.8526 -0.0000
vn -0.3827 -0.9239 -0.0000
vn -0.2334 -0.9724 -0.0000
vn -0.0785 -0.9969 -0.0000
vn 0.0785 -0.9969 -0.0000
vn 0.2334 -0.9724 -0.0000
vn 0.3827 -0.9239 -0.0000
vn 0.5225 -0.8526 -0.0000
vn 0.6494 -0.7604 -0.0000
vn 0.7604 -0.6494 -0.0000
vn 0.8526 -0.5225 -0.0000
vn 0.9239 -0.3827 -0.0000
vn 0.9724 -0.2334 -0.0000
vn 0.9969 -0.0785 -0.0000
vn 0.9560 0.2935 -0.0000
vn 0.9948 0.1019 -0.0000
vn 0.9879 0.1102 -0.1092
vn 0.9512 0.2992 -0.0757
vn 0.4804 -0.8771 -0.0000
vn 0.3011 -0.9536 -0.0000
vn 0.2897 -0.9400 -0.1804
vn 0.4683 -0.8626 -0.1914
vn 0.8805 0.4740 -0.0000
vn 0.8780 0.4770 -0.0392
vn 0.6290 -0.7525 -0.1951
vn -0.6227 -0.7824 -0.0000
vn -0.6252 -0.7795 -0.0392
vn 0.7780 -0.6283 -0.0000
vn 0.7659 -0.6139 -0.1914
vn -0.4584 -0.8887 -0.0000
vn -0.4632 -0.8830 -0.0757
vn 0.8851 -0.4655 -0.0000
vn 0.8737 -0.4519 -0.1804
vn -0.2768 -0.9609 -0.0000
vn -0.2837 -0.9527 -0.1092
vn 0.9586 -0.2849 -0.0000
vn 0.9483 -0.2726 -0.1626
vn -0.0848 -0.9964 -0.0000
vn -0.0935 -0.9859 -0.1385
vn 0.9956 -0.0933 -0.0000
vn 0.9869 -0.0829 -0.1385
vn 0.1103 -0.9939 -0.0000
vn 0.1001 -0.9816 -0.1626
vn -0.1194 -0.9549 -0.2718
vn 0.0696 -0.9452 -0.3189
vn 0.9610 -0.0519 -0.2718
vn 0.9675 0.1346 -0.2142
vn 0.2560 -0.8996 -0.3539
vn 0.9370 0.3162 -0.1484
vn 0.4325 -0.8198 -0.3754
vn 0.8707 0.4858 -0.0769
vn 0.5925 -0.7089 -0.3827
vn -0.6325 -0.7707 -0.0769
vn 0.7301 -0.5710 -0.3754
vn -0.4774 -0.8661 -0.1484
vn 0.8399 -0.4115 -0.3539
vn -0.3041 -0.9282 -0.2142
vn 0.9179 -0.2362 -0.3189
vn 0.5332 -0.6380 -0.5556
vn 0.6719 -0.5015 -0.5450
vn -0.6444 -0.7565 -0.1117
vn -0.5004 -0.8386 -0.2155
vn 0.7851 -0.3459 -0.5138
vn -0.3373 -0.8885 -0.3110
vn 0.8685 -0.1771 -0.4630
vn -0.1615 -0.9046 -0.3945
vn 0.9189 -0.0015 -0.3945
vn 0.0203 -0.8861 -0.4630
vn 0.9343 0.1743 -0.3110
vn 0.2012 -0.8340 -0.5138
vn 0.9140 0.3437 -0.2155
vn 0.3743 -0.7502 -0.5450
vn 0.8588 0.5000 -0.1117
vn 0.8622 0.0663 -0.5021
vn 0.8896 0.2277 -0.3958
vn -0.0462 -0.8066 -0.5893
vn 0.1274 -0.7458 -0.6539
vn 0.8831 0.3807 -0.2743
vn 0.2961 -0.6566 -0.6937
vn 0.8427 0.5192 -0.1421
vn -0.6605 -0.7373 -0.1421
vn 0.5937 -0.4079 -0.6937
vn -0.5313 -0.8016 -0.2743
vn 0.7113 -0.2577 -0.6539
vn -0.3819 -0.8351 -0.3958
vn 0.8020 -0.0976 -0.5893
vn -0.2182 -0.8368 -0.5021
vn 0.4983 -0.2938 -0.8157
vn 0.6215 -0.1501 -0.7689
vn -0.5690 -0.7565 -0.3225
vn -0.4363 -0.7701 -0.4654
vn 0.7210 -0.0007 -0.6929
vn -0.2872 -0.7542 -0.5905
vn 0.7932 0.1488 -0.5905
vn -0.1272 -0.7097 -0.6929
vn 0.8352 0.2928 -0.4654
vn 0.0375 -0.6382 -0.7689
vn 0.8454 0.4258 -0.3225
vn 0.2007 -0.5426 -0.8157
vn 0.8232 0.5426 -0.1671
vn 0.3563 -0.4263 -0.8315
vn -0.6800 -0.7139 -0.1671
vn 0.7732 0.3671 -0.5172
vn 0.8024 0.4772 -0.3584
vn -0.0650 -0.5156 -0.8544
vn 0.0920 -0.4124 -0.9063
vn 0.8009 0.5692 -0.1857
vn 0.2454 -0.2936 -0.9239
vn -0.7023 -0.6873 -0.1857
vn 0.3896 -0.1637 -0.9063
vn -0.6120 -0.7050 -0.3584
vn 0.5189 -0.0275 -0.8544
vn -0.4984 -0.6958 -0.5172
vn 0.6286 0.1098 -0.7699
vn -0.3659 -0.6600 -0.6561
vn 0.7145 0.2430 -0.6561
vn -0.2196 -0.5992 -0.7699
vn -0.6587 -0.6492 -0.3804
vn -0.5658 -0.6152 -0.5490
vn 0.4077 0.1056 -0.9070
vn 0.5284 0.2298 -0.8173
vn -0.4513 -0.5578 -0.6965
vn 0.6291 0.3452 -0.6965
vn -0.3198 -0.4792 -0.8173
vn 0.7058 0.4476 -0.5490
vn -0.1763 -0.3825 -0.9070
vn 0.7557 0.5331 -0.3804
vn -0.0261 -0.2712 -0.9622
vn 0.7768 0.5982 -0.1971
vn 0.1251 -0.1497 -0.9808
vn -0.7265 -0.6583 -0.1971
vn 0.2715 -0.0225 -0.9622
vn -0.2920 -0.2441 -0.9248
vn -0.1488 -0.1244 -0.9810
vn 0.7072 0.5911 -0.3879
vn 0.7516 0.6282 -0.2010
vn -0.7516 -0.6282 -0.2010
vn 0.1488 0.1244 -0.9810
vn -0.7072 -0.5911 -0.3879
vn 0.2920 0.2440 -0.9248
vn -0.6358 -0.5314 -0.5598
vn 0.4241 0.3545 -0.8333
vn -0.5402 -0.4515 -0.7101
vn 0.5402 0.4515 -0.7101
vn -0.4241 -0.3545 -0.8333
vn 0.6358 0.5314 -0.5598
vn 0.1763 0.3825 -0.9070
vn 0.3198 0.4792 -0.8173
vn -0.7058 -0.4476 -0.5490
vn -0.6291 -0.3452 -0.6965
vn 0.4513 0.5578 -0.6965
vn -0.5284 -0.2298 -0.8173
vn 0.5658 0.6152 -0.5490
vn -0.4077 -0.1056 -0.9070
vn 0.6587 0.6492 -0.3804
vn -0.2715 0.0225 -0.9622
vn 0.7265 0.6583 -0.1971
vn -0.1251 0.1497 -0.9808
vn -0.7768 -0.5982 -0.1971
vn 0.0261 0.2712 -0.9622
vn -0.7557 -0.5331 -0.3804
vn 0.6120 0.7050 -0.3584
vn 0.7023 0.6873 -0.1857
vn -0.3896 0.1637 -0.9063
vn -0.2454 0.2936 -0.9239
vn -0.8009 -0.5692 -0.1857
vn -0.0920 0.4124 -0.9063
vn -0.8024 -0.4772 -0.3584
vn 0.0650 0.5156 -0.8544
vn -0.7732 -0.3671 -0.5172
vn 0.2196 0.5992 -0.7699
vn -0.7145 -0.2430 -0.6561
vn 0.3659 0.6600 -0.6561
vn -0.6286 -0.1098 -0.7699
vn 0.4984 0.6958 -0.5172
vn -0.5189 0.0275 -0.8544
vn -0.8352 -0.2928 -0.4654
vn -0.7932 -0.1488 -0.5905
vn 0.1272 0.7097 -0.6929
vn 0.2872 0.7542 -0.5905
vn -0.7210 0.0007 -0.6929
vn 0.4363 0.7700 -0.4654
vn -0.6215 0.1501 -0.7689
vn 0.5690 0.7565 -0.3225
vn -0.4983 0.2938 -0.8157
vn 0.6800 0.7139 -0.1671
vn -0.3563 0.4263 -0.8315
vn -0.8232 -0.5426 -0.1671
vn -0.2007 0.5425 -0.8157
vn -0.8454 -0.4258 -0.3225
vn -0.0375 0.6382 -0.7689
vn -0.5937 0.4079 -0.6937
vn -0.8427 -0.5192 -0.1421
vn 0.6605 0.7373 -0.1421
vn -0.2961 0.6566 -0.6937
vn -0.8831 -0.3807 -0.2743
vn -0.1274 0.7458 -0.6539
vn -0.8896 -0.2277 -0.3958
vn 0.0462 0.8066 -0.5893
vn -0.8622 -0.0663 -0.5021
vn 0.2182 0.8368 -0.5021
vn -0.8020 0.0976 -0.5893
vn 0.3819 0.8351 -0.3958
vn -0.7113 0.2577 -0.6539
vn 0.5313 0.8016 -0.2743
vn -0.0203 0.8861 -0.4630
vn 0.1615 0.9046 -0.3945
vn -0.9189 0.0015 -0.3945
vn -0.8685 0.1771 -0.4630
vn 0.3373 0.8885 -0.3110
vn -0.7851 0.3459 -0.5138
vn 0.5004 0.8386 -0.2155
vn -0.6719 0.5015 -0.5450
vn 0.6444 0.7565 -0.1117
vn -0.5332 0.6380 -0.5556
vn -0.8588 -0.5000 -0.1117
vn -0.3743 0.7502 -0.5450
vn -0.9140 -0.3437 -0.2155
vn -0.2012 0.8340 -0.5138
vn -0.9343 -0.1743 -0.3110
vn 0.6325 0.7707 -0.0769
vn -0.5925 0.7089 -0.3827
vn -0.4325 0.8198 -0.3754
vn -0.8707 -0.4858 -0.0769
vn -0.9370 -0.3162 -0.1484
vn -0.2560 0.8996 -0.3539
vn -0.9675 -0.1346 -0.2142
vn -0.0696 0.9452 -0.3189
vn -0.9610 0.0519 -0.2718
vn 0.1194 0.9549 -0.2718
vn -0.9179 0.2362 -0.3189
vn 0.3041 0.9282 -0.2142
vn -0.8399 0.4115 -0.3539
vn 0.4774 0.8661 -0.1484
vn -0.7301 0.5710 -0.3754
vn 0.0935 0.9859 -0.1385
vn 0.2837 0.9527 -0.1092
vn -0.9483 0.2726 -0.1626
vn -0.8737 0.4519 -0.1804
vn 0.4632 0.8830 -0.0757
vn -0.7659 0.6139 -0.1914
vn 0.6252 0.7795 -0.0392
vn -0.6290 0.7525 -0.1951
vn -0.8780 -0.4770 -0.0392
vn -0.4683 0.8626 -0.1914
vn -0.9512 -0.2992 -0.0757
vn -0.2897 0.9400 -0.1804
vn -0.9879 -0.1102 -0.1092
vn -0.1001 0.9816 -0.1626
vn -0.9869 0.0829 -0.1385
vn -0.8805 -0.4740 -0.0000
vn -0.9560 -0.2935 -0.0000
vn -0.4804 0.8771 -0.0000
vn -0.3011 0.9536 -0.0000
vn -0.9948 -0.1019 -0.0000
vn -0.1103 0.9939 -0.0000
vn -0.9956 0.0933 -0.0000
vn 0.0848 0.9964 -0.0000
vn -0.9586 0.2849 -0.0000
vn 0.2768 0.9609 -0.0000
vn -0.8851 0.4655 -0.0000
vn 0.4584 0.8887 -0.0000
vn -0.7780 0.6283 -0.0000
vn 0.6227 0.7824 -0.0000
vn -0.9483 0.2726 0.1626
vn -0.8737 0.4519 0.1804
vn 0.2837 0.9527 0.1092
vn 0.4632 0.8830 0.0757
vn -0.7659 0.6139 0.1914
vn 0.6252 0.7795 0.0392
vn -0.6290 0.7525 0.1951
vn -0.8780 -0.4770 0.0392
vn -0.4683 0.8626 0.1914
vn -0.9512 -0.2992 0.0757
vn -0.2897 0.9400 0.1804
vn -0.9879 -0.1102 0.1092
vn -0.1001 0.9816 0.1626
vn -0.9869 0.0829 0.1385
vn 0.0935 0.9859 0.1385
vn -0.4325 0.8198 0.3754
vn -0.2560 0.8996 0.3539
vn -0.9370 -0.3162 0.1484
vn -0.9675 -0.1346 0.2142
vn -0.0696 0.9452 0.3189
vn -0.9610 0.0519 0.2718
vn 0.1194 0.9549 0.2718
vn -0.9179 0.2362 0.3189
vn 0.3041 0.9282 0.2142
vn -0.8399 0.4115 0.3539
vn 0.4774 0.8661 0.1484
vn -0.7301 0.5710 0.3754
vn 0.6325 0.7707 0.0769
vn -0.5925 0.7089 0.3827
vn -0.8707 -0.4858 0.0769
vn 0.3373 0.8885 0.3110
vn 0.5004 0.8386 0.2155
vn -0.7851 0.3459 0.5138
vn -0.6719 0.5015 0.5450
vn 0.6444 0.7565 0.1117
vn -0.5332 0.6380 0.5556
vn -0.8588 -0.5000 0.1117
vn -0.3743 0.7502 0.5450
vn -0.9140 -0.3437 0.2155
vn -0.2012 0.8340 0.5138
vn -0.9343 -0.1743 0.3110
vn -0.0203 0.8861 0.4630
vn -0.9189 0.0015 0.3945
vn 0.1615 0.9046 0.3945
vn -0.8685 0.1771 0.4630
vn -0.8831 -0.3807 0.2743
vn -0.8896 -0.2277 0.3958
vn -0.1274 0.7458 0.6539
vn 0.0462 0.8066 0.5893
vn -0.8622 -0.0663 0.5021
vn 0.2182 0.8368 0.5021
vn -0.8020 0.0976 0.5893
vn 0.3819 0.8351 0.3958
vn -0.7113 0.2577 0.6539
vn 0.5313 0.8016 0.2743
vn -0.5937 0.4079 0.6937
vn 0.6605 0.7373 0.1421
vn -0.8427 -0.5192 0.1421
vn -0.2961 0.6566 0.6937
vn -0.6215 0.1501 0.7689
vn -0.4983 0.2938 0.8157
vn 0.5690 0.7565 0.3225
vn 0.6800 0.7139 0.1671
vn -0.3563 0.4263 0.8315
vn -0.8232 -0.5426 0.1671
vn -0.2007 0.5425 0.8157
vn -0.8454 -0.4258 0.3225
vn -0.0375 0.6382 0.7689
vn -0.8352 -0.2928 0.4654
vn 0.1272 0.7097 0.6929
vn -0.7932 -0.1488 0.5905
vn 0.2872 0.7542 0.5905
vn -0.7210 0.0007 0.6929
vn 0.4363 0.7701 0.4654
vn 0.0650 0.5156 0.8544
vn 0.2196 0.5992 0.7699
vn -0.7732 -0.3671 0.5172
vn -0.7145 -0.2430 0.6561
vn 0.3659 0.6600 0.6561
vn -0.6286 -0.1098 0.7699
vn 0.4984 0.6958 0.5172
vn -0.5189 0.0275 0.8544
vn 0.6120 0.7050 0.3584
vn -0.3896 0.1637 0.9063
vn 0.7023 0.6873 0.1857
vn -0.2454 0.2936 0.9239
vn -0.8009 -0.5692 0.1857
vn -0.0920 0.4124 0.9063
vn -0.8024 -0.4772 0.3584
vn 0.6587 0.6492 0.3804
vn 0.7265 0.6583 0.1971
vn -0.2715 0.0225 0.9622
vn -0.1251 0.1497 0.9808
vn -0.7768 -0.5982 0.1971
vn 0.0261 0.2712 0.9622
vn -0.7557 -0.5331 0.3804
vn 0.1763 0.3825 0.9070
vn -0.7058 -0.4476 0.5490
vn 0.3198 0.4792 0.8173
vn -0.6291 -0.3452 0.6965
vn 0.4513 0.5578 0.6965
vn -0.5284 -0.2298 0.8173
vn 0.5658 0.6152 0.5490
vn -0.4077 -0.1056 0.9070
vn 0.4241 0.3545 0.8333
vn 0.5402 0.4515 0.7101
vn -0.5402 -0.4515 0.7101
vn -0.4241 -0.3545 0.8333
vn 0.6358 0.5314 0.5598
vn -0.2920 -0.2441 0.9248
vn 0.7072 0.5911 0.3879
vn -0.1488 -0.1244 0.9810
vn 0.7516 0.6282 0.2010
vn -0.7516 -0.6282 0.2010
vn 0.1488 0.1244 0.9810
vn -0.7072 -0.5911 0.3879
vn 0.2920 0.2441 0.9248
vn -0.6358 -0.5314 0.5598
vn -0.7265 -0.6583 0.1971
vn 0.7768 0.5982 0.1971
vn 0.1251 -0.1497 0.9808
vn 0.2715 -0.0225 0.9622
vn -0.6587 -0.6492 0.3804
vn 0.4077 0.1056 0.9070
vn -0.5658 -0.6152 0.5490
vn 0.5284 0.2298 0.8173
vn -0.4513 -0.5578 0.6965
vn 0.6291 0.3452 0.6965
vn -0.3198 -0.4792 0.8173
vn 0.7058 0.4476 0.5490
vn -0.1763 -0.3825 0.9070
vn 0.7557 0.5331 0.3804
vn -0.0261 -0.2712 0.9622
vn -0.3659 -0.6600 0.6561
vn -0.2196 -0.5992 0.7699
vn 0.7145 0.2430 0.6561
vn 0.7732 0.3671 0.5172
vn -0.0650 -0.5156 0.8544
vn 0.8024 0.4772 0.3584
vn 0.0920 -0.4124 0.9063
vn 0.8009 0.5692 0.1857
vn 0.2454 -0.2936 0.9239
vn -0.7023 -0.6873 0.1857
vn 0.3896 -0.1637 0.9063
vn -0.6120 -0.7050 0.3584
vn 0.5189 -0.0275 0.8544
vn -0.4984 -0.6958 0.5172
vn 0.6286 0.1098 0.7699
vn 0.3563 -0.4263 0.8315
vn 0.4983 -0.2938 0.8157
vn -0.6800 -0.7139 0.1671
vn -0.5690 -0.7565 0.3225
vn 0.6215 -0.1501 0.7689
vn -0.4363 -0.7700 0.4654
vn 0.7210 -0.0007 0.6929
vn -0.2872 -0.7542 0.5905
vn 0.7932 0.1488 0.5905
vn -0.1272 -0.7097 0.6929
vn 0.8352 0.2928 0.4654
vn 0.0375 -0.6382 0.7689
vn 0.8454 0.4258 0.3225
vn 0.2007 -0.5425 0.8157
vn 0.8232 0.5426 0.1671
vn 0.8622 0.0663 0.5021
vn 0.8896 0.2277 0.3958
vn -0.0462 -0.8066 0.5893
vn 0.1274 -0.7458 0.6539
vn 0.8831 0.3807 0.2743
vn 0.2961 -0.6566 0.6937
vn 0.8427 0.5192 0.1421
vn -0.6605 -0.7373 0.1421
vn 0.5937 -0.4079 0.6937
vn -0.5313 -0.8016 0.2743
vn 0.7113 -0.2577 0.6539
vn -0.3819 -0.8351 0.3958
vn 0.8020 -0.0976 0.5893
vn -0.2182 -0.8368 0.5021
vn -0.6444 -0.7565 0.1116
vn -0.5004 -0.8386 0.2155
vn 0.6719 -0.5015 0.5450
vn 0.7851 -0.3459 0.5138
vn -0.3373 -0.8885 0.3110
vn 0.8685 -0.1771 0.4630
vn -0.1615 -0.9046 0.3945
vn 0.9189 -0.0015 0.3945
vn 0.0203 -0.8861 0.4630
vn 0.9343 0.1743 0.3110
vn 0.2012 -0.8340 0.5138
vn 0.9140 0.3437 0.2155
vn 0.3743 -0.7502 0.5450
vn 0.8588 0.5000 0.1117
vn 0.5332 -0.6380 0.5556
vn 0.0696 -0.9452 0.3189
vn 0.2560 -0.8996 0.3539
vn 0.9675 0.1346 0.2142
vn 0.9370 0.3162 0.1484
vn 0.4325 -0.8198 0.3754
vn 0.8707 0.4858 0.0769
vn 0.5925 -0.7089 0.3827
vn -0.6325 -0.7707 0.0769
vn 0.7301 -0.5710 0.3754
vn -0.4774 -0.8661 0.1484
vn 0.8399 -0.4115 0.3539
vn -0.3041 -0.9282 0.2142
vn 0.9179 -0.2362 0.3189
vn -0.1194 -0.9549 0.2718
vn 0.9610 -0.0519 0.2718
vn 0.7659 -0.6139 0.1914
vn 0.8737 -0.4519 0.1804
vn -0.4632 -0.8830 0.0757
vn -0.2837 -0.9527 0.1092
vn 0.9483 -0.2726 0.1626
vn -0.0935 -0.9859 0.1385
vn 0.9869 -0.0829 0.1385
vn 0.1001 -0.9816 0.1626
vn 0.9879 0.1102 0.1092
vn 0.2897 -0.9400 0.1804
vn 0.9512 0.2992 0.0757
vn 0.4683 -0.8626 0.1914
vn 0.8780 0.4770 0.0392
vn 0.6290 -0.7525 0.1951
vn -0.6252 -0.7795 0.0392
vn 0.4650 -0.0023 -0.8853
vn 0.3866 0.0019 -0.9222
vn 0.5476 0.0010 -0.8367
vn 0.8853 0.0023 -0.4650
vn 0.9793 0.0009 -0.2022
vn 0.9222 -0.0019 -0.3866
vn 0.7071 -0.0000 -0.7071
vn 0.8367 -0.0010 -0.5476
vn 0.2022 -0.0009 -0.9793
vn -0.2123 -0.0009 -0.9772
vn -0.4694 -0.0000 -0.8830
vn -0.4734 -0.0000 -0.8808
vn -0.7071 -0.0000 -0.7071
vn -0.8808 -0.0000 -0.4734
vn -0.8830 -0.0000 -0.4694
vn -0.9772 0.0009 -0.2123
vn -1.0000 -0.0000 -0.0000
vn -0.9793 0.0009 0.2022
vn -0.8853 0.0023 0.4650
vn -0.9222 -0.0019 0.3866
vn -0.7043 0.0008 0.7099
vn -0.8367 -0.0010 0.5476
vn -0.4734 -0.0000 0.8808
vn -0.4694 -0.0000 0.8830
vn -0.2123 0.0009 0.9772
vn 0.2123 -0.0009 0.9772
vn 0.4694 -0.0000 0.8830
vn 0.4734 -0.0000 0.8808
vn 0.7071 -0.0000 0.7071
vn 1.0000 -0.0000 -0.0000
vn 0.8808 -0.0000 0.4734
vn 0.8830 -0.0000 0.4694
vn 0.9772 0.0009 0.2123
vn -0.0000 -1.0000 -0.0000
vn -0.0000 1.0000 -0.0000
vn 0.7865 -0.6175 -0.0000
vn 0.7745 -0.6031 -0.1908
vn 0.7388 -0.5604 -0.3744
vn 0.6808 -0.4910 -0.5435
vn 0.6028 -0.3977 -0.6917
vn 0.5077 -0.2840 -0.8134
vn 0.3993 -0.1542 -0.9038
vn 0.2816 -0.0134 -0.9594
vn 0.1592 0.1330 -0.9782
vn 0.0368 0.2795 -0.9594
vn -0.0809 0.4203 -0.9038
vn -0.1894 0.5500 -0.8134
vn -0.2845 0.6638 -0.6917
vn -0.3625 0.7571 -0.5435
vn -0.4205 0.8265 -0.3744
vn -0.4562 0.8692 -0.1908
vn -0.4682 0.8836 -0.0000
vn -0.4562 0.8692 0.1908
vn -0.4205 0.8265 0.3744
vn -0.3625 0.7571 0.5435
vn -0.2845 0.6638 0.6917
vn -0.1894 0.5500 0.8134
vn -0.0809 0.4203 0.9038
vn 0.0368 0.2795 0.9594
vn 0.1592 0.1330 0.9782
vn 0.2816 -0.0134 0.9594
vn 0.3993 -0.1542 0.9038
vn 0.5077 -0.2840 0.8134
vn 0.6028 -0.3977 0.6917
vn 0.6808 -0.4910 0.5435
vn 0.7388 -0.5604 0.3744
vn 0.7745 -0.6031 0.1908
vn 0.6843 -0.4868 -0.5428
vn 0.7422 -0.5561 -0.3739
vn 0.7899 -0.6132 -0.0000
vn 0.7779 -0.5988 0.1906
vn -0.2798 0.6666 -0.6909
vn -0.1848 0.5530 -0.8124
vn -0.1848 0.5530 0.8124
vn -0.2798 0.6666 0.6909
vn 0.7422 -0.5561 0.3739
vn 0.6843 -0.4868 0.5428
vn 0.1633 0.1365 -0.9771
vn 0.2856 -0.0098 -0.9583
vn -0.4513 0.8718 0.1906
vn -0.4633 0.8862 -0.0000
vn 0.4031 -0.1504 0.9027
vn 0.2856 -0.0098 0.9583
vn 0.6064 -0.3936 -0.6909
vn -0.3577 0.7598 -0.5428
vn -0.0765 0.4234 0.9027
vn 0.0411 0.2828 -0.9583
vn -0.4156 0.8291 0.3739
vn 0.5114 -0.2800 0.8124
vn 0.5114 -0.2800 -0.8124
vn -0.4156 0.8291 -0.3739
vn 0.0411 0.2828 0.9583
vn 0.7779 -0.5988 -0.1906
vn -0.0765 0.4234 -0.9027
vn -0.3577 0.7598 0.5428
vn 0.6064 -0.3936 0.6909
vn 0.4031 -0.1504 -0.9027
vn -0.4513 0.8718 -0.1906
vn 0.1633 0.1365 0.9771
vn -0.6382 0.7636 0.0980
vn -0.6137 0.7342 0.2903
vn -0.5656 0.6767 0.4714
vn -0.4958 0.5931 0.6344
vn -0.4069 0.4867 0.7730
vn -0.3023 0.3617 0.8819
vn -0.1862 0.2227 0.9569
vn -0.0629 0.0752 0.9952
vn 0.0629 -0.0752 0.9952
vn 0.1862 -0.2227 0.9569
vn 0.3023 -0.3617 0.8819
vn 0.4069 -0.4867 0.7730
vn 0.4958 -0.5931 0.6344
vn 0.5656 -0.6767 0.4714
vn 0.6137 -0.7342 0.2903
vn 0.6382 -0.7636 0.0980
vn 0.6382 -0.7636 -0.0980
vn 0.6137 -0.7342 -0.2903
vn 0.5656 -0.6767 -0.4714
vn 0.4958 -0.5931 -0.6344
vn 0.4069 -0.4867 -0.7730
vn 0.3023 -0.3617 -0.8819
vn 0.1862 -0.2227 -0.9569
vn 0.0629 -0.0752 -0.9952
vn -0.0629 0.0752 -0.9952
vn -0.1862 0.2227 -0.9569
vn -0.3023 0.3617 -0.8819
vn -0.4069 0.4867 -0.7730
vn -0.4958 0.5931 -0.6344
vn -0.5656 0.6767 -0.4714
vn -0.6137 0.7342 -0.2903
vn -0.6382 0.7636 -0.0980
vn -0.3736 0.4469 -0.8128
vn -0.4681 0.5600 -0.6836
vn -0.5446 0.6516 -0.5281
vn -0.6002 0.7181 -0.3523
vn -0.6328 0.7570 -0.1629
vn -0.6410 0.7669 0.0327
vn -0.6246 0.7472 0.2271
vn -0.5842 0.6989 0.4127
vn -0.5213 0.6237 0.5825
vn -0.4384 0.5245 0.7299
vn -0.3387 0.4052 0.8492
vn -0.2259 0.2703 0.9359
vn -0.1045 0.1250 0.9866
vn 0.0210 -0.0251 0.9995
vn 0.1456 -0.1742 0.9739
vn 0.2647 -0.3167 0.9109
vn 0.3736 -0.4469 0.8128
vn 0.4681 -0.5600 0.6836
vn 0.5446 -0.6516 0.5281
vn 0.6002 -0.7181 0.3523
vn 0.6328 -0.7570 0.1629
vn 0.6410 -0.7669 -0.0327
vn 0.6246 -0.7472 -0.2271
vn 0.5842 -0.6989 -0.4127
vn 0.5213 -0.6237 -0.5825
vn 0.4384 -0.5245 -0.7299
vn 0.3387 -0.4052 -0.8492
vn 0.2259 -0.2703 -0.9359
vn 0.1045 -0.1250 -0.9866
vn -0.0210 0.0251 -0.9995
vn -0.1456 0.1742 -0.9739
vn -0.2647 0.3167 -0.9109
vn 0.2647 -0.3167 -0.9109
vn 0.1456 -0.1742 -0.9739
vn 0.0210 -0.0251 -0.9995
vn -0.1045 0.1250 -0.9866
vn -0.2259 0.2703 -0.9359
vn -0.3387 0.4052 -0.8492
vn -0.4384 0.5245 -0.7299
vn -0.5213 0.6237 -0.5825
vn -0.5842 0.6989 -0.4127
vn -0.6246 0.7472 -0.2271
vn -0.6410 0.7669 -0.0327
vn -0.6328 0.7570 0.1629
vn -0.6002 0.7181 0.3522
vn -0.5446 0.6516 0.5281
vn -0.4681 0.5600 0.6836
vn -0.3736 0.4469 0.8128
vn -0.2647 0.3167 0.9109
vn -0.1456 0.1742 0.9739
vn -0.0210 0.0251 0.9995
vn 0.1045 -0.1250 0.9866
vn 0.2259 -0.2703 0.9359
vn 0.3387 -0.4052 0.8492
vn 0.4384 -0.5245 0.7299
vn 0.5213 -0.6237 0.5825
vn 0.5842 -0.6989 0.4127
vn 0.6246 -0.7472 0.2271
vn 0.6410 -0.7669 0.0327
vn 0.6328 -0.7570 -0.1629
vn 0.6002 -0.7181 -0.3523
vn 0.5446 -0.6516 -0.5281
vn 0.4681 -0.5600 -0.6836
vn 0.3736 -0.4469 -0.8128
vn 0.6002 -0.7181 -0.3522
vn -0.6002 0.7181 0.3523
vn -0.0005 -1.0000 -0.0000
vn -0.0000 0.7071 -0.7071
vn -0.0499 -0.0499 0.9975
vn -0.0000 0.7071 0.7071
vn -0.0499 -0.0376 0.9980
vn -0.0000 -0.7071 0.7071
vn -0.0000 0.0401 -0.9992
vn -0.0499 -0.0376 -0.9980
vn -0.0000 -0.7071 -0.7071
vn -0.0000 0.0401 0.9992
vn -0.0499 -0.0499 -0.9975
vn 0.6431 -0.7658 -0.0000
vn 0.6307 -0.7511 -0.1951
vn 0.5941 -0.7075 -0.3827
vn 0.5347 -0.6367 -0.5556
vn 0.4547 -0.5415 -0.7071
vn 0.3573 -0.4255 -0.8315
vn 0.2461 -0.2931 -0.9239
vn 0.1255 -0.1494 -0.9808
vn -0.1255 0.1494 -0.9808
vn -0.2461 0.2931 -0.9239
vn -0.3573 0.4255 -0.8315
vn -0.4547 0.5415 -0.7071
vn -0.5347 0.6367 -0.5556
vn -0.5941 0.7075 -0.3827
vn -0.6307 0.7511 -0.1951
vn -0.6431 0.7658 -0.0000
vn -0.6307 0.7511 0.1951
vn -0.5941 0.7075 0.3827
vn -0.5347 0.6368 0.5556
vn -0.4547 0.5415 0.7071
vn -0.3573 0.4255 0.8315
vn -0.2461 0.2931 0.9239
vn -0.1255 0.1494 0.9808
vn 0.1255 -0.1494 0.9808
vn 0.2461 -0.2931 0.9239
vn 0.3573 -0.4255 0.8315
vn 0.4547 -0.5415 0.7071
vn 0.5347 -0.6368 0.5556
vn 0.5941 -0.7075 0.3827
vn -0.7658 -0.6431 -0.0000
vn 0.6307 -0.7511 0.1951
vn 0.5196 -0.4836 -0.7044
vn 0.4225 -0.3680 -0.8283
vn 0.7658 0.6431 -0.0000
vn 0.6949 -0.6924 0.1944
vn 0.7072 -0.7070 -0.0000
vn -0.5253 0.7607 0.3812
vn -0.4661 0.6902 0.5535
vn 0.3117 -0.2361 -0.9204
vn -0.3864 0.5954 0.7044
vn 0.1915 -0.0929 -0.9771
vn -0.2894 0.4797 0.8283
vn 0.0666 0.0559 -0.9962
vn -0.1786 0.3478 0.9204
vn -0.0584 0.2047 -0.9771
vn -0.0584 0.2047 0.9771
vn -0.1786 0.3478 -0.9204
vn 0.0666 0.0559 0.9962
vn -0.2894 0.4797 -0.8283
vn 0.1915 -0.0929 0.9771
vn -0.3864 0.5954 -0.7044
vn 0.3117 -0.2361 0.9204
vn -0.4661 0.6902 -0.5535
vn 0.4225 -0.3680 0.8283
vn -0.5253 0.7607 -0.3812
vn 0.6949 -0.6924 -0.1944
vn 0.5196 -0.4836 0.7044
vn -0.5618 0.8042 -0.1944
vn 0.6584 -0.6489 -0.3812
vn 0.5992 -0.5784 0.5535
vn -0.5741 0.8188 -0.0000
vn 0.5992 -0.5784 -0.5535
vn 0.6584 -0.6489 0.3812
vn -0.5618 0.8042 0.1944
vn 0.5347 -0.6368 -0.5556
vn 0.5181 -0.7379 -0.4324
vn 0.4825 -0.8048 -0.3458
vn 0.4384 -0.6365 -0.6345
vn -0.3796 -0.3002 -0.8751
vn -0.4028 -0.2296 -0.8860
vn -0.4220 -0.0650 -0.9043
vn 0.6242 -0.7712 0.1250
vn 0.5180 -0.8530 -0.0631
vn 0.7325 -0.6654 -0.1438
vn -0.8277 0.2836 0.4843
vn -0.5717 0.0372 0.8196
vn -0.5564 0.1425 0.8186
vn -0.9163 0.4002 -0.0129
vn -0.8428 0.5261 0.1139
vn -0.9591 -0.0044 -0.2831
vn -0.8913 0.3695 -0.2628
vn 0.4759 -0.8672 0.1469
vn -0.3080 -0.9039 -0.2968
vn 0.0757 -0.9928 0.0930
vn -0.8442 0.4890 -0.2196
vn -0.2105 -0.0556 -0.9760
vn -0.7849 0.4375 -0.4388
vn 0.6215 -0.6236 -0.4742
vn 0.6037 -0.6801 0.4160
vn 0.7437 -0.6662 0.0558
vn 0.5562 -0.7538 0.3498
vn -0.2087 -0.0590 0.9762
vn 0.6989 -0.6106 0.3725
vn -0.8030 0.4700 0.3663
vn -0.7394 0.4538 0.4973
vn -0.2520 -0.1115 -0.9613
vn -0.3335 0.0557 -0.9411
vn -0.5759 0.1228 -0.8082
vn 0.0766 -0.2630 -0.9617
vn -0.1879 -0.0428 -0.9813
vn 0.0683 -0.4115 -0.9089
vn -0.3457 -0.1282 -0.9295
vn 0.8612 -0.5061 0.0459
vn 0.8227 -0.5617 -0.0873
vn 0.8638 -0.4978 -0.0779
vn -0.1508 0.0131 -0.9885
vn -0.4918 0.1056 -0.8643
vn -0.0619 0.0678 -0.9958
vn 0.1872 0.1620 -0.9689
vn -0.1053 0.2486 -0.9629
vn -0.0645 0.3034 -0.9507
vn -0.5417 0.0100 -0.8405
vn 0.1895 0.0006 -0.9819
vn 0.3779 0.0536 -0.9243
vn 0.7245 0.0212 -0.6889
vn -0.9171 0.3979 -0.0266
vn -0.8848 0.3632 -0.2918
vn -0.9912 0.1266 -0.0382
vn -0.8090 0.4955 0.3162
vn -0.6173 0.7628 0.1926
vn -0.9558 0.2109 0.2050
vn 0.1000 0.5390 0.8364
vn 0.0180 0.5780 0.8158
vn 0.0614 0.3540 0.9332
vn 0.3124 0.8479 0.4283
vn -0.0781 0.8267 0.5572
vn 0.9191 0.3651 -0.1481
vn 0.9079 0.4169 0.0433
vn 0.9622 0.2483 0.1117
vn 0.4993 0.7672 -0.4027
vn 0.4997 0.7710 -0.3948
vn 0.5011 0.7868 -0.3604
vn -0.7569 0.4489 0.4749
vn 0.9010 0.3115 0.3020
vn -0.3773 0.9208 0.0991
vn -0.7678 0.6198 -0.1622
vn -0.0473 0.4917 -0.8695
vn -0.0441 0.5826 -0.8116
vn 0.8048 0.3819 -0.4544
vn 0.8359 0.2508 -0.4882
vn 0.6869 0.2583 -0.6793
vn -0.7675 0.4123 -0.4908
vn -0.8632 0.1867 -0.4691
vn -0.8219 0.2258 0.5230
vn -0.6675 0.3095 0.6773
vn 0.0772 0.2779 0.9575
vn -0.7848 0.5219 0.3342
vn -0.6892 0.4651 0.5556
vn -0.6747 0.4983 0.5445
vn -0.5124 0.4616 0.7241
vn -0.7492 0.5091 0.4237
vn -0.5451 0.3981 0.7378
vn -0.8464 0.4784 0.2339
vn -0.9438 0.1096 -0.3117
vn -0.9962 0.0231 -0.0845
vn -0.8703 0.0174 -0.4922
vn -0.8761 -0.0079 -0.4821
vn -0.3355 -0.0187 -0.9419
vn -0.9843 -0.0143 -0.1759
vn 0.9967 0.0267 0.0768
vn 0.9657 0.1319 0.2235
vn 0.9176 0.0451 0.3948
vn 0.8705 0.1822 0.4571
vn 0.6133 0.0638 0.7873
vn 0.7818 -0.5993 -0.1723
vn 0.8282 -0.5290 -0.1850
vn 0.5165 -0.5124 -0.6861
vn 0.3284 -0.3925 -0.8591
vn -0.8557 0.5174 0.0003
vn -0.8302 0.5568 -0.0289
vn -0.9000 0.4326 -0.0542
vn -0.8742 0.4779 0.0863
vn 0.9987 0.0390 -0.0316
vn 0.9880 0.0779 -0.1332
vn 1.0000 -0.0080 -0.0053
vn 0.9812 0.0169 -0.1922
vn 0.9921 -0.1252 -0.0014
vn 0.9876 -0.1261 -0.0935
vn 0.9701 -0.1789 -0.1640
vn 0.9987 0.0186 -0.0473
vn 0.9870 0.0220 -0.1595
vn 0.9938 -0.0441 -0.1025
vn 0.9960 0.0884 0.0097
vn 0.9761 0.0710 -0.2055
vn 0.9879 -0.1015 0.1172
vn 0.9980 -0.0370 0.0516
vn 0.9489 0.0245 -0.3146
vn 0.9735 0.1899 -0.1273
vn 0.9436 0.1432 -0.2985
vn 0.8278 0.3990 -0.3943
vn 0.7633 0.5664 -0.3109
vn 0.6714 0.4900 -0.5560
vn 0.9218 0.3423 -0.1818
vn 0.9040 0.2622 -0.3375
vn 0.5022 0.7520 -0.4269
vn 0.3853 0.8182 -0.4267
vn 0.3043 0.7743 -0.5548
vn 0.2765 0.6430 -0.7142
vn 0.5497 0.6188 -0.5612
vn 0.2460 0.8633 -0.4408
vn 0.0250 0.7405 -0.6715
vn 0.2231 0.8035 -0.5519
vn 0.2251 0.9332 -0.2800
vn 0.0645 0.8972 -0.4369
vn 0.0513 0.8351 -0.5477
vn 0.0754 0.9557 -0.2844
vn -0.0071 0.9650 -0.2622
vn -0.1992 0.8645 -0.4615
vn -0.3271 0.8728 -0.3623
vn -0.3209 0.8654 -0.3848
vn -0.5115 0.8291 -0.2257
vn -0.5312 0.8006 -0.2772
vn -0.3692 0.8235 -0.4308
vn -0.8130 0.5641 0.1446
vn -0.8428 0.4172 0.3401
vn -0.9265 0.2604 0.2717
vn -0.7727 0.3584 0.5239
vn -0.8807 0.1307 0.4553
vn -0.7533 0.1875 0.6304
vn -0.8296 -0.0506 0.5560
vn -0.6845 0.0693 0.7257
vn -0.3774 0.3484 0.8580
vn -0.5764 0.0048 0.8171
vn -0.6790 0.7312 -0.0660
vn -0.7787 0.6076 -0.1566
vn -0.6533 0.1533 0.7414
vn -0.2090 0.0049 0.9779
vn -0.0575 0.1203 0.9911
vn -0.1542 -0.1929 0.9690
vn -0.0187 -0.0094 0.9998
vn 0.1084 0.2146 0.9707
vn 0.0628 -0.0373 0.9973
vn 0.2227 -0.0451 0.9738
vn 0.3143 0.0231 0.9490
vn 0.2642 -0.2084 0.9417
vn -0.0434 -0.1035 0.9937
vn -0.3315 -0.0425 0.9425
vn -0.2670 -0.2180 0.9387
vn 0.5548 -0.1017 0.8257
vn 0.6710 -0.0714 0.7380
vn 0.5206 -0.3319 0.7867
vn 0.7314 -0.1859 0.6561
vn 0.8569 -0.1469 0.4941
vn 0.7691 -0.2916 0.5688
vn 0.9587 -0.1158 0.2598
vn 0.8302 -0.3485 0.4351
vn 0.3895 -0.0341 0.9204
vn 0.5541 0.1745 0.8139
vn 0.4640 -0.0806 0.8822
vn 0.8431 0.1036 0.5276
vn 0.9001 -0.4254 0.0946
vn 0.8704 -0.4919 -0.0234
vn 0.8398 -0.5345 0.0951
vn 0.8066 -0.5902 -0.0317
vn 0.7844 -0.5966 -0.1699
vn 0.7554 -0.6534 -0.0490
vn 0.8584 -0.4241 0.2886
vn 0.8522 -0.4887 0.1870
vn 0.8266 -0.5500 -0.1192
vn 0.7204 -0.6682 -0.1858
vn 0.7043 -0.7027 -0.1008
vn 0.2613 -0.9574 -0.1230
vn 0.1224 -0.9741 -0.1899
vn 0.1227 -0.9883 -0.0905
vn -0.1502 -0.9809 -0.1235
vn -0.2778 -0.8868 -0.3693
vn -0.2371 -0.9715 -0.0028
vn -0.3401 -0.9379 -0.0692
vn -0.0139 -0.9822 -0.1873
vn -0.0224 -0.9943 -0.1039
vn -0.1988 -0.9008 0.3861
vn -0.4004 -0.9164 0.0020
vn -0.3298 -0.9292 0.1669
vn -0.4947 -0.8638 -0.0956
vn -0.4849 -0.8710 0.0794
vn -0.4410 -0.8732 -0.2075
vn -0.5882 -0.8031 -0.0953
vn -0.6223 -0.7774 0.0916
vn -0.6764 -0.7155 -0.1747
vn -0.7406 -0.6711 -0.0343
vn -0.6899 -0.7079 0.1510
vn -0.7763 -0.6133 0.1458
vn -0.8132 -0.5815 -0.0220
vn -0.8377 -0.5270 0.1431
vn -0.8675 -0.4974 -0.0075
vn -0.8326 -0.3743 0.4082
vn -0.9126 -0.3774 0.1575
vn -0.9207 -0.3877 -0.0447
vn -0.9427 -0.2930 0.1598
vn -0.9062 -0.4228 0.0049
vn -0.9580 -0.0895 0.2725
vn -0.9897 -0.1433 -0.0063
vn -0.9681 0.0280 0.2491
vn -0.9963 0.0746 -0.0431
vn -0.9889 0.1230 -0.0833
vn -0.9703 0.2347 0.0584
vn -0.9740 0.2066 -0.0931
vn -0.9450 0.2337 -0.2288
vn -0.9395 0.3423 0.0131
vn -0.7661 0.0665 0.6393
vn -0.9763 0.0848 0.1989
vn -0.7628 0.1275 0.6339
vn -0.9945 0.0175 0.1034
vn -0.9531 0.0265 0.3016
vn -0.5734 0.0268 0.8188
vn -0.4169 0.0238 0.9086
vn -0.2415 0.0917 0.9661
vn -0.9985 0.0511 0.0170
vn -0.9283 0.0282 0.3709
vn -0.9662 0.0913 0.2412
vn -0.6355 0.0705 0.7689
vn -0.8760 0.1554 0.4565
vn -0.8548 0.1870 0.4841
vn -0.5530 0.1235 0.8240
vn -0.9153 0.0087 0.4027
vn -0.8914 0.0564 0.4497
vn -0.9923 0.0574 0.1097
vn -0.9456 -0.1290 0.2987
vn -0.8865 -0.0876 0.4544
vn -0.9757 -0.0590 0.2111
vn -0.7021 -0.0251 0.7116
vn -0.8223 0.1043 0.5594
vn -0.4125 0.0483 0.9097
vn -0.6290 -0.1031 0.7705
vn -0.2410 -0.0030 0.9705
vn -0.8727 0.1322 0.4700
vn -0.9590 0.1355 0.2488
vn -0.2913 -0.5933 0.7504
vn -0.3339 -0.4671 0.8188
vn -0.6519 -0.5711 0.4988
vn -0.8710 -0.2385 0.4295
vn -0.9198 -0.1905 0.3430
vn -0.0425 -0.1984 0.9792
vn -0.5547 -0.4316 0.7114
vn -0.4419 -0.1551 0.8835
vn -0.1037 -0.0769 0.9916
vn -0.2320 -0.1809 0.9557
vn -0.2182 -0.7719 0.5971
vn -0.1490 -0.6885 0.7098
vn -0.3133 -0.7018 0.6398
vn 0.2808 -0.1612 0.9461
vn 0.2083 -0.8732 0.4406
vn 0.6531 -0.5257 0.5451
vn 0.2512 -0.8542 0.4552
vn -0.0169 -0.8866 0.4622
vn 0.1037 -0.8739 0.4749
vn 0.0237 -0.8773 0.4793
vn 0.4261 -0.2480 0.8700
vn 0.2034 -0.4977 0.8432
vn -0.0299 -0.7222 0.6911
vn 0.8961 -0.3247 -0.3026
vn 0.9197 0.0079 -0.3925
vn 0.9774 -0.0373 -0.2079
vn 0.9600 -0.2747 -0.0536
vn 0.9836 0.1509 -0.0984
vn 0.9991 -0.0318 0.0283
vn 0.9371 0.2111 -0.2781
vn 0.7601 0.1429 -0.6339
vn 0.6724 0.2350 -0.7019
vn 0.7979 0.3485 -0.4918
vn 0.9287 -0.3284 0.1722
vn 0.9624 -0.0067 0.2715
vn 0.5977 0.6560 -0.4610
vn 0.6798 0.6794 -0.2762
vn 0.6763 -0.6598 0.3277
vn 0.7963 -0.4592 0.3939
vn 0.1487 0.0993 -0.9839
vn 0.0448 0.0893 -0.9950
vn 0.2006 0.2171 -0.9553
vn 0.3977 0.1763 -0.9004
vn 0.3175 0.2509 -0.9145
vn 0.4646 0.3617 -0.8083
vn 0.3861 0.4459 -0.8075
vn -0.1790 0.1533 -0.9718
vn -0.1734 0.3258 -0.9294
vn -0.0952 0.2595 -0.9610
vn 0.5412 0.2093 -0.8144
vn -0.3286 0.1779 -0.9276
vn -0.3362 0.3342 -0.8805
vn -0.2363 0.3493 -0.9067
vn -0.5726 0.3984 -0.7165
vn -0.5110 0.5676 -0.6455
vn -0.3576 0.5765 -0.7347
vn -0.7301 0.1929 -0.6555
vn -0.0002 0.7015 -0.7126
vn -0.0216 0.7272 -0.6861
vn -0.0330 0.7404 -0.6714
vn -0.7787 0.6113 -0.1416
vn -0.6785 0.6364 -0.3669
vn -0.8615 0.4837 -0.1544
vn -0.6752 0.7104 -0.1987
vn -0.6798 0.6710 -0.2961
vn -0.4789 0.8777 -0.0178
vn -0.4125 0.9064 0.0905
vn -0.3979 0.8978 -0.1888
vn 0.3035 0.2871 -0.9085
vn 0.1592 0.4727 -0.8667
vn 0.4037 0.0382 -0.9141
vn 0.0848 0.5835 -0.8077
vn 0.5318 0.1516 -0.8332
vn 0.1016 0.5749 -0.8119
vn 0.7115 0.0960 -0.6961
vn 0.5064 0.3778 -0.7751
vn 0.4293 0.5078 -0.7468
vn 0.2111 0.9774 -0.0086
vn 0.2768 0.8770 -0.3928
vn 0.2282 0.9652 -0.1277
vn 0.1229 0.9924 -0.0019
vn 0.0781 0.9908 -0.1107
vn -0.0844 0.9954 -0.0460
vn 0.0938 0.7553 -0.6486
vn 0.1856 0.7188 -0.6700
vn 0.1169 0.4980 -0.8592
vn -0.1194 0.9415 -0.3153
vn 0.5141 0.8576 -0.0126
vn 0.5842 0.7932 -0.1717
vn 0.4929 0.8599 -0.1323
vn 0.4398 0.8968 -0.0474
vn 0.3566 0.8050 -0.4743
vn 0.5052 0.6566 -0.5601
vn 0.3551 0.9214 -0.1580
vn 0.1558 0.5128 -0.8443
vn 0.7733 0.6316 -0.0564
vn 0.8380 0.5121 -0.1884
vn 0.7359 0.5578 -0.3838
vn 0.6680 0.6415 -0.3772
vn 0.4946 0.3028 -0.8147
vn 0.4693 0.4179 -0.7779
vn 0.7267 0.3924 -0.5638
vn 0.1884 0.1398 -0.9721
vn 0.2457 0.3304 -0.9113
vn 0.8716 0.3021 -0.3861
vn 0.8065 0.1422 -0.5739
vn 0.5547 0.1007 -0.8260
vn 0.8980 0.2207 -0.3807
vn 0.8276 0.0343 -0.5603
vn 0.9223 0.1097 -0.3705
vn 0.6014 -0.2227 -0.7672
vn 0.7683 0.3080 -0.5612
vn 0.4764 0.1465 -0.8669
vn 0.8788 0.4383 -0.1886
vn 0.9986 -0.0094 -0.0513
vn 0.9915 -0.1002 -0.0824
vn 0.8352 -0.2279 -0.5006
vn 0.9673 -0.2466 -0.0594
vn 0.9310 -0.3450 -0.1193
vn 0.9562 -0.2536 -0.1459
vn 0.8470 -0.4712 -0.2461
vn 0.8778 -0.4003 -0.2629
vn 0.5001 -0.4945 -0.7109
vn 0.1798 -0.5199 -0.8351
vn 0.3262 -0.4913 -0.8076
vn -0.1669 -0.4037 -0.8995
vn 0.1561 -0.4537 -0.8774
vn 0.9382 -0.0235 -0.3452
vn -0.8504 0.3760 -0.3679
vn -0.8022 0.4728 -0.3647
vn -0.7139 0.3605 -0.6003
vn -0.8237 0.1856 -0.5358
vn -0.9992 -0.0304 -0.0253
vn -0.9940 -0.0026 -0.1091
vn -0.9840 0.0693 -0.1641
vn -0.8902 0.0279 -0.4548
vn -0.6112 -0.0842 -0.7870
vn -0.7178 -0.2275 -0.6580
vn -0.5704 -0.2578 -0.7799
vn -0.9244 -0.2188 -0.3125
vn -0.9703 -0.2418 0.0031
vn -0.8982 -0.2893 -0.3309
vn -0.9497 -0.3131 0.0035
vn -0.9249 -0.3294 -0.1897
vn -0.8302 -0.4046 -0.3835
vn -0.8573 -0.4268 -0.2878
vn -0.4497 -0.3630 -0.8161
vn -0.5510 -0.3819 -0.7420
vn -0.3021 -0.2983 -0.9054
vn -0.8059 -0.3106 -0.5041
vn -0.8448 -0.5270 -0.0929
vn -0.7695 -0.6309 -0.0985
vn -0.5816 -0.5236 -0.6226
vn -0.5919 -0.5393 -0.5990
vn -0.7670 -0.5291 -0.3630
vn -0.5279 -0.8163 -0.2344
vn -0.5413 -0.7877 -0.2942
vn -0.6151 -0.7627 -0.2000
vn -0.2720 -0.4570 -0.8469
vn -0.2550 -0.4907 -0.8332
vn -0.1677 -0.2344 -0.9576
vn -0.3602 -0.9094 -0.2079
vn -0.0999 -0.4397 -0.8926
vn -0.3922 -0.8437 -0.3665
vn -0.0799 -0.0916 -0.9926
vn -0.3081 -0.4318 -0.8477
vn -0.1191 -0.1616 -0.9796
vn -0.1117 -0.9755 -0.1896
vn -0.2465 -0.9342 -0.2579
vn -0.0958 -0.6790 -0.7279
vn -0.0145 -0.4909 -0.8711
vn 0.0602 -0.6444 -0.7623
vn 0.2314 -0.4296 -0.8729
vn 0.0830 -0.4211 -0.9032
vn 0.3216 -0.4777 -0.8176
vn 0.2049 -0.6601 -0.7227
vn 0.0561 -0.2320 -0.9711
vn 0.7957 -0.5324 -0.2887
vn 0.9874 -0.1563 0.0247
vn 0.9586 -0.0984 -0.2674
vn 0.5378 -0.2465 -0.8062
vn 0.4307 -0.1985 -0.8804
vn 0.4697 -0.4064 -0.7837
vn 0.6578 0.3152 0.6841
vn 0.7666 0.2937 0.5711
vn 0.9208 0.0042 0.3900
vn 0.9504 0.2898 -0.1132
vn 0.8709 0.3533 0.3416
vn 0.4316 0.2357 0.8707
vn 0.5261 0.5161 0.6759
vn 0.6215 0.7791 0.0815
vn 0.3906 0.2911 0.8733
vn 0.6176 0.7456 0.2503
vn 0.8269 0.3559 -0.4353
vn -0.1762 0.1838 0.9670
vn 0.0344 0.4575 0.8886
vn -0.2995 0.0587 0.9523
vn 0.2371 0.4943 0.8363
vn 0.2232 0.2493 0.9423
vn 0.0644 0.3462 0.9359
vn 0.1198 0.5746 0.8096
vn 0.2843 0.2509 0.9253
vn -0.7069 0.2781 0.6503
vn -0.7812 0.4981 0.3763
vn -0.7518 0.6357 0.1751
vn -0.6838 0.4743 0.5545
vn 0.0341 0.8411 0.5398
vn 0.1053 0.9040 0.4143
vn 0.1453 0.8952 0.4214
vn 0.0263 0.8176 0.5752
vn 0.0169 0.8098 0.5864
vn -0.2728 0.4550 0.8477
vn -0.3943 0.2104 0.8946
vn 0.3436 0.8595 -0.3784
vn 0.2419 0.9155 -0.3214
vn 0.1836 0.9721 -0.1460
vn 0.7672 0.6344 -0.0949
vn 0.5453 0.7742 -0.3214
vn 0.8354 0.4375 -0.3326
vn 0.8363 0.5342 -0.1235
vn 0.6370 0.0782 0.7668
vn 0.4808 0.0596 0.8748
vn 0.8443 0.1568 0.5125
vn 0.9865 0.1274 0.1030
vn 0.9556 0.2946 -0.0063
vn 0.7404 0.5281 0.4158
vn 0.9971 0.0635 0.0429
vn 0.9845 0.0062 0.1751
vn 0.9800 0.0913 0.1770
vn 0.9056 0.0662 0.4188
vn 0.9396 -0.0128 0.3420
vn 0.8827 -0.0845 0.4622
vn 0.6883 -0.0161 0.7252
vn 0.7052 -0.0113 0.7089
vn 0.9858 -0.0085 0.1676
vn 0.8675 -0.0133 0.4973
vn 0.7740 -0.6110 0.1663
vn 0.8153 -0.5425 0.2023
vn 0.7594 -0.5550 0.3396
vn 0.8426 -0.4180 0.3396
vn 0.6454 -0.2955 0.7044
vn 0.7325 -0.1888 0.6540
vn 0.8929 -0.3627 0.2668
vn 0.8265 -0.2290 0.5143
vn 0.5734 -0.4786 0.6649
vn 0.9876 -0.0940 0.1255
vn 0.9829 0.0687 0.1707
vn 0.9065 0.0762 0.4152
vn 0.9685 -0.1687 0.1831
vn 0.7823 0.0915 0.6161
vn 0.9013 -0.2185 0.3739
vn 0.4991 0.1649 0.8507
vn 0.8137 0.2575 0.5211
vn 0.6050 0.3095 0.7336
vn 0.9335 -0.3577 0.0271
vn 0.9225 -0.1757 0.3437
vn 0.4184 0.3994 0.8157
vn 0.9614 0.2599 0.0907
vn 0.9222 0.3415 0.1813
vn 0.8677 0.2971 0.3986
vn 0.9072 0.4116 0.0865
vn 0.8544 0.4815 0.1952
vn 0.8064 0.4043 0.4316
vn 0.5697 0.3516 0.7429
vn 0.6768 0.3417 0.6520
vn 0.9718 0.1708 0.1625
vn 0.7968 0.5539 0.2415
vn 0.4571 0.4039 0.7924
vn 0.5986 0.4056 0.6908
vn 0.7504 0.6144 0.2436
vn 0.6044 0.5883 0.5372
vn 0.4006 0.5061 0.7638
vn 0.2924 0.3711 0.8814
vn 0.5038 0.8450 0.1792
vn 0.4859 0.6932 0.5323
vn 0.6042 0.7875 0.1212
vn 0.4341 0.8468 0.3074
vn 0.3260 0.7779 0.5372
vn 0.3883 0.9120 0.1322
vn 0.3069 0.5234 0.7949
vn 0.2328 0.3000 0.9251
vn 0.1684 0.5077 0.8449
vn 0.1636 0.2758 0.9472
vn 0.6958 0.7138 0.0800
vn 0.0472 0.9154 0.3997
vn 0.0900 0.8154 0.5719
vn 0.1748 0.9142 0.3656
vn -0.1823 0.9272 0.3272
vn -0.3868 0.7053 0.5940
vn -0.2184 0.8141 0.5380
vn -0.0576 0.9087 0.4134
vn -0.1030 0.7488 0.6548
vn -0.2843 0.9466 0.1521
vn -0.4776 0.8242 0.3044
vn 0.2359 0.8907 0.3887
vn -0.8542 0.4917 0.1692
vn -0.9155 0.3663 0.1662
vn -0.8370 0.1205 0.5338
vn -0.9562 0.0628 0.2858
vn -0.8705 0.0092 0.4921
vn -0.9232 0.3826 -0.0369
vn -0.9813 0.1847 -0.0535
vn -0.8445 0.1986 -0.4974
vn -0.8541 -0.0893 -0.5124
vn -0.9529 -0.2499 -0.1718
vn -0.5865 0.0339 -0.8092
vn -0.5573 -0.1711 -0.8125
vn -0.6439 -0.1087 -0.7574
vn -0.7522 -0.1010 -0.6512
vn -0.7968 -0.2719 -0.5395
vn -0.4464 -0.1575 -0.8809
vn -0.5921 -0.3387 -0.7312
vn -0.9842 0.0493 -0.1702
vn -0.8792 -0.4037 0.2530
vn -0.8797 -0.3171 -0.3544
vn -0.6580 0.1190 -0.7435
vn -0.4727 0.0596 -0.8792
vn -0.4182 -0.0529 -0.9068
vn -0.1750 -0.0634 -0.9825
vn -0.1403 -0.2128 -0.9670
vn -0.2806 -0.4644 -0.8400
vn -0.1439 -0.4515 -0.8806
vn -0.2853 -0.7358 -0.6141
vn -0.2954 -0.2180 -0.9302
vn -0.3690 -0.7804 -0.5047
vn 0.0137 -0.2433 -0.9699
vn -0.0009 -0.4729 -0.8811
vn -0.2330 -0.8067 -0.5430
vn 0.0135 0.0036 -0.9999
vn 0.2731 -0.0965 -0.9571
vn 0.3763 -0.1379 -0.9162
vn 0.2130 -0.1891 -0.9586
vn -0.2646 -0.9066 -0.3287
vn -0.3250 -0.0256 -0.9454
vn -0.3748 -0.1606 -0.9131
vn 0.6434 -0.1350 -0.7535
vn 0.7151 -0.2486 -0.6533
vn 0.5963 -0.2081 -0.7753
vn 0.8189 -0.2867 -0.4972
vn 0.8402 -0.4260 -0.3357
vn 0.7614 -0.3673 -0.5341
vn 0.1820 -0.5865 -0.7892
vn 0.1932 -0.5972 -0.7785
vn 0.1670 -0.5928 -0.7879
vn -0.0773 -0.9620 -0.2620
vn 0.2639 -0.8939 -0.3624
vn 0.2957 -0.8801 -0.3715
vn 0.7634 -0.1617 -0.6254
vn 0.8255 -0.5534 -0.1103
vn 0.6960 -0.7118 0.0945
vn 0.7633 -0.6360 -0.1136
vn -0.0413 -0.7356 -0.6761
vn -0.0544 -0.7439 -0.6661
vn -0.1732 -0.9047 0.3893
vn -0.0698 -0.9024 0.4253
vn -0.0844 -0.9681 0.2358
vn 0.0851 -0.9577 0.2750
vn 0.2537 -0.9039 0.3445
vn -0.3122 -0.8973 0.3120
vn -0.2738 -0.9140 0.2993
vn -0.3982 -0.8643 0.3074
vn 0.0532 -0.8917 0.4495
vn -0.3126 -0.8629 0.3971
vn -0.4590 -0.8192 0.3437
vn 0.4921 -0.8277 0.2696
vn 0.4338 -0.8683 0.2405
vn -0.4905 -0.7557 0.4340
vn -0.7219 -0.6499 0.2378
vn -0.7251 -0.6874 -0.0423
vn -0.9404 -0.2578 0.2216
vn -0.8879 -0.0967 -0.4498
vn -0.9725 -0.2146 0.0901
vn -0.7999 -0.5082 0.3192
vn -0.9231 -0.3782 0.0703
vn -0.8643 -0.4715 0.1750
vn -0.9027 -0.3748 0.2113
vn -0.8247 -0.5617 -0.0667
vn -0.7443 -0.1114 -0.6585
vn -0.5502 -0.0808 -0.8311
vn -0.6210 -0.1096 -0.7761
vn -0.8124 -0.2962 -0.5023
vn -0.7087 -0.1927 -0.6787
vn -0.3961 -0.8206 0.4119
vn -0.9896 0.0328 -0.1398
vn -0.9483 -0.0357 -0.3152
vn -0.9984 -0.0315 -0.0460
vn -0.8573 -0.0157 -0.5146
vn -0.8135 0.0116 -0.5815
vn -0.5390 -0.0691 -0.8395
vn -0.9784 0.1065 -0.1773
vn -0.9419 0.1166 -0.3149
vn -0.9425 0.1213 -0.3115
vn -0.6951 0.0244 -0.7185
vn -0.9172 0.0518 -0.3950
vn -0.2874 -0.0456 -0.9567
vn -0.4866 -0.0142 -0.8735
vn -0.3550 -0.0544 -0.9333
vn -0.9928 0.0518 -0.1084
vn 0.9413 0.0554 -0.3331
vn 0.9627 0.1947 -0.1880
vn 0.7409 0.1204 -0.6607
vn 0.8271 -0.0075 -0.5621
vn 0.6257 -0.0988 -0.7738
vn 0.4867 -0.0344 -0.8729
vn 0.8813 -0.0682 -0.4677
vn 0.9913 -0.0502 -0.1214
vn 0.9142 -0.1537 -0.3749
vn 0.9862 -0.1398 -0.0887
vn 0.9151 -0.0951 -0.3919
vn 0.8248 -0.1867 -0.5337
vn 0.6078 -0.1514 -0.7796
vn 0.9319 -0.0157 -0.3623
vn 0.6718 -0.0681 -0.7376
vn 0.4389 -0.1569 -0.8847
vn 0.7817 0.0646 -0.6203
vn 0.2873 0.0017 -0.9578
vn 0.4632 0.5844 -0.6663
vn 0.3452 0.0988 -0.9333
vn 0.7550 0.1996 -0.6246
vn 0.5547 0.3325 -0.7628
vn -0.0446 0.5061 -0.8613
vn -0.2237 0.2864 -0.9316
vn 0.5674 0.4261 -0.7047
vn -0.0342 0.0802 -0.9962
vn -0.0908 0.5972 -0.7969
vn -0.2182 0.6819 -0.6981
vn -0.0023 0.7716 -0.6361
vn -0.3428 0.6156 -0.7096
vn -0.1856 0.7761 -0.6027
vn -0.9081 0.0058 0.4186
vn -0.9803 0.1972 -0.0141
vn -0.8854 0.4297 -0.1769
vn -0.7178 -0.0388 0.6952
vn -0.8480 -0.2184 0.4828
vn -0.9676 0.1153 0.2247
vn -0.9884 -0.1400 -0.0593
vn -0.6030 0.7308 -0.3199
vn -0.3580 -0.1529 0.9211
vn -0.2825 -0.5860 0.7595
vn 0.1465 -0.2650 0.9531
vn 0.1140 -0.4285 0.8963
vn -0.4825 -0.8241 0.2967
vn -0.5710 -0.6631 0.4840
vn -0.5502 -0.6412 0.5350
vn 0.4461 -0.3506 0.8235
vn 0.2762 -0.5216 0.8072
vn 0.3760 -0.2620 0.8888
vn 0.7088 -0.3554 0.6093
vn 0.3708 -0.5718 0.7318
vn 0.5741 -0.4222 0.7015
vn 0.1648 -0.6017 0.7816
vn 0.2724 -0.3750 0.8861
vn -0.0097 -0.7851 0.6193
vn 0.0006 -0.8016 0.5979
vn -0.0110 -0.7830 0.6219
vn 0.0125 -0.7044 0.7097
vn 0.3349 -0.7853 0.5206
vn 0.3277 -0.7801 0.5330
vn 0.3421 -0.8104 0.4756
vn 0.0197 -0.7033 0.7106
vn 0.0089 -0.7091 0.7051
vn 0.7914 -0.5994 0.1201
vn 0.6142 -0.7778 -0.1335
vn 0.5166 -0.8420 0.1555
vn 0.3894 -0.9127 -0.1240
vn 0.3709 -0.9175 0.1436
vn 0.5372 -0.8315 -0.1413
vn -0.3203 -0.2960 0.8999
vn -0.4198 -0.2654 0.8679
vn -0.2070 -0.5009 0.8404
vn 0.7990 -0.4847 0.3558
vn -0.1638 -0.9845 0.0629
vn -0.0903 -0.8492 0.5203
vn -0.0679 -0.8521 0.5190
vn -0.2147 -0.3328 0.9182
vn 0.0432 -0.9988 -0.0225
vn 0.2404 -0.9703 -0.0275
vn 0.2654 -0.9072 0.3265
vn -0.3731 -0.8711 0.3194
vn -0.4658 -0.7610 0.4516
vn -0.2466 -0.7404 0.6253
vn -0.1772 -0.4008 0.8989
vn -0.5330 -0.6926 0.4860
vn 0.0064 -0.0973 0.9952
vn -0.8300 -0.5022 0.2429
vn -0.6445 -0.3489 0.6803
vn -0.5045 -0.3702 0.7800
vn -0.5782 -0.3543 0.7350
vn -0.4818 -0.1478 0.8637
vn -0.4944 -0.5203 0.6963
vn -0.2651 -0.4110 0.8722
vn -0.8793 -0.0823 0.4692
vn -0.9681 -0.2012 0.1495
vn -0.8511 -0.1931 0.4882
vn -0.4306 -0.0561 0.9008
vn -0.8122 -0.2812 0.5112
vn -0.5347 -0.0065 0.8450
vn -0.8570 0.0892 0.5075
vn -0.5446 0.1095 0.8315
vn -0.8670 0.4223 0.2645
vn -0.9265 0.3180 0.2013
vn -0.9844 0.1531 0.0862
vn -0.9641 0.1715 0.2028
vn -0.9915 0.0475 0.1209
vn -0.9662 0.0697 0.2482
vn -0.0832 0.0086 0.9965
vn 0.0340 0.0027 0.9994
vn -0.1239 -0.0305 0.9918
vn 0.2167 -0.0421 0.9753
vn 0.0291 0.1440 0.9891
vn 0.2780 0.0527 0.9591
vn 0.2320 -0.1227 0.9649
vn 0.1928 0.2241 0.9553
vn 0.1695 0.4495 0.8770
vn -0.0529 0.5000 0.8644
vn -0.0710 0.4038 0.9121
vn 0.1744 0.2664 0.9480
vn 0.1435 0.3766 0.9152
vn 0.3341 0.3527 0.8741
vn -0.3452 0.3138 0.8845
vn -0.0790 0.2547 0.9638
vn -0.0610 0.3321 0.9413
vn 0.1663 0.3407 0.9254
vn -0.0566 0.2045 0.9772
vn -0.0791 0.0932 0.9925
vn -0.1337 0.0454 0.9900
vn -0.0394 -0.0106 0.9992
vn -0.0956 -0.1034 0.9900
vn 0.0367 -0.0184 0.9992
vn -0.1083 -0.4190 0.9015
vn -0.0096 0.0365 0.9993
vn -0.1051 -0.0983 0.9896
vn -0.0459 0.1652 0.9852
vn -0.2071 -0.0549 0.9768
vn -0.1515 -0.2957 0.9432
vn -0.1470 0.1175 0.9821
vn -0.3688 0.1695 0.9139
vn -0.2778 0.1824 0.9432
vn -0.5313 0.4810 0.6974
vn -0.4018 -0.0618 0.9136
vn -0.5567 0.1759 0.8119
vn -0.5792 -0.0017 0.8152
vn -0.4682 -0.0732 0.8806
vn -0.7600 -0.1696 0.6274
vn -0.6943 -0.1424 0.7055
vn -0.8177 -0.2272 0.5290
vn -0.8872 -0.2937 0.3557
vn -0.7489 -0.6231 0.2254
vn -0.6123 -0.6103 0.5026
vn -0.5752 -0.7846 0.2315
vn -0.4895 -0.8655 0.1065
vn -0.4957 -0.8280 0.2620
vn -0.5703 -0.8080 -0.1481
vn -0.5077 -0.8538 -0.1156
vn -0.1889 -0.8669 0.4613
vn -0.1135 -0.7172 0.6875
vn -0.1161 -0.7233 0.6808
vn -0.3916 -0.8946 -0.2153
vn -0.3329 -0.9140 0.2321
vn -0.3202 -0.9455 -0.0595
vn -0.3403 -0.9372 -0.0766
vn -0.3662 -0.6889 0.6256
vn -0.3691 -0.9064 -0.2055
vn -0.5935 -0.7424 0.3108
vn -0.6301 -0.7521 0.1933
vn -0.7070 -0.6837 0.1807
vn -0.7202 -0.6772 0.1504
vn -0.5512 -0.8245 -0.1280
vn -0.8379 -0.5455 0.0194
vn -0.6112 -0.7748 -0.1617
vn -0.6624 -0.7322 -0.1587
vn -0.3590 -0.8993 -0.2498
vn -0.1189 -0.9608 -0.2507
vn -0.5890 -0.7704 -0.2439
vn -0.3354 -0.9313 -0.1423
vn -0.3622 -0.9173 -0.1652
vn -0.9109 -0.1628 -0.3792
vn -0.8901 -0.1273 -0.4376
vn -0.8417 -0.0215 -0.5395
vn -0.7530 -0.1119 -0.6485
vn -0.6863 0.1027 -0.7200
vn -0.6491 0.1256 -0.7502
vn -0.3328 -0.9430 0.0004
vn -0.5573 -0.7890 -0.2586
vn -0.5648 -0.7756 -0.2819
vn -0.4314 0.4128 -0.8022
vn -0.5533 -0.7919 -0.2585
vn -0.5479 -0.8040 -0.2309
vn -0.6120 -0.1025 -0.7842
vn -0.6441 -0.1228 -0.7550
vn -0.6008 -0.0956 -0.7936
vn -0.8045 -0.2243 -0.5500
vn -0.4101 0.1731 -0.8955
vn -0.1991 0.5069 -0.8387
vn -0.4556 0.0795 -0.8866
vn -0.2527 0.1576 -0.9546
vn -0.3597 0.0302 -0.9326
vn -0.4428 0.0405 -0.8957
vn -0.1384 -0.0495 -0.9891
vn -0.7115 -0.4534 -0.5368
vn -0.7476 -0.4758 -0.4635
vn -0.6935 -0.5437 -0.4728
vn 0.2495 -0.0703 -0.9658
vn 0.0063 -0.0922 -0.9957
vn 0.1624 -0.1087 -0.9807
vn 0.1657 -0.0684 -0.9838
vn 0.0247 -0.0159 -0.9996
vn -0.9992 0.0088 -0.0402
vn -0.9915 0.1303 0.0003
vn -0.9922 0.1239 0.0158
vn -0.9977 -0.0160 0.0662
vn -0.9771 -0.2038 -0.0619
vn -0.8450 -0.3303 0.4206
vn -0.7783 -0.4332 0.4545
vn -0.1571 -0.8670 0.4730
vn -0.0624 -0.8735 0.4828
vn 0.5430 -0.0854 -0.8354
vn 0.8538 0.1005 -0.5109
vn 0.1938 -0.0523 -0.9796
vn 0.4284 -0.0579 -0.9017
vn -0.0592 0.0133 -0.9982
vn -0.1025 0.1368 -0.9853
vn -0.0237 0.0981 -0.9949
vn -0.8887 0.2775 -0.3650
vn -0.8659 0.4192 -0.2728
vn -0.8370 0.3591 -0.4128
vn -0.4559 0.4044 -0.7928
vn -0.6832 0.7270 -0.0682
vn -0.7525 0.6061 0.2576
vn -0.6682 0.7017 0.2471
vn -0.6383 0.7682 -0.0504
vn -0.5920 0.8053 0.0330
vn 0.0054 0.9998 0.0187
vn 0.3154 0.9409 0.1235
vn 0.6980 0.7146 -0.0463
vn 0.8827 0.4690 -0.0312
vn 0.9205 0.3800 -0.0913
vn 0.9970 0.0497 -0.0601
vn 0.9880 0.1355 -0.0738
vn 0.9983 -0.0561 0.0131
vn 0.9836 -0.1687 -0.0646
vn 0.0173 0.1908 0.9815
vn 0.3399 0.1478 0.9288
vn 0.2887 0.0368 0.9567
vn -0.0970 0.0142 0.9952
vn 0.2211 0.0194 0.9751
vn -0.0090 0.0192 0.9998
vn -0.0727 0.1118 0.9911
vn 0.2074 0.0621 0.9763
vn -0.1185 0.0693 0.9905
vn -0.0640 0.1036 0.9926
vn -0.2397 0.1339 0.9616
vn 0.2205 0.0603 0.9735
vn -0.2169 0.0929 0.9718
vn 0.1508 0.0463 0.9875
vn 0.6088 0.1307 0.7825
vn 0.4577 -0.0360 0.8884
vn 0.4846 -0.0185 0.8746
vn 0.4867 -0.0166 0.8734
vn 0.6642 0.5833 0.4676
vn 0.6291 0.7066 0.3240
vn 0.6178 0.6946 0.3687
vn 0.4448 -0.2359 0.8640
vn 0.6404 0.0980 0.7618
vn 0.6379 0.5484 0.5407
vn 0.6820 -0.0061 0.7313
vn 0.7051 -0.0088 0.7090
vn 0.6361 -0.0817 0.7673
vn 0.7493 0.0403 0.6610
vn 0.7833 -0.1005 0.6135
vn 0.7013 0.6280 0.3374
vn 0.6370 0.6239 0.4527
vn 0.6024 0.0733 0.7949
vn 0.4862 -0.3641 0.7944
vn 0.3505 0.9188 0.1815
vn 0.5205 0.8073 0.2782
vn 0.3203 0.9395 0.1212
vn 0.6333 0.7100 0.3080
vn 0.7521 0.6240 0.2119
vn 0.6478 0.7399 0.1810
vn 0.7458 0.6380 0.1918
vn 0.6970 0.7142 0.0645
vn 0.7127 0.6967 0.0821
vn 0.6207 0.7809 0.0700
vn 0.5577 0.7657 0.3205
vn 0.3345 0.9002 0.2787
vn 0.4607 0.8839 -0.0805
vn 0.4777 0.8762 0.0636
vn 0.2048 0.8981 -0.3893
vn 0.2094 0.9133 -0.3494
vn 0.2225 0.8506 -0.4765
vn 0.3478 0.9349 0.0700
vn 0.3597 0.9127 -0.1937
vn 0.4549 0.8673 0.2018
vn 0.2102 0.9149 -0.3448
vn 0.4618 0.8488 -0.2574
vn 0.5674 0.7858 -0.2459
vn 0.7480 0.6410 -0.1722
vn 0.7700 0.6226 -0.1399
vn 0.2140 0.9029 -0.3728
vn 0.7827 0.5224 -0.3385
vn 0.5491 0.6057 -0.5758
vn 0.6487 0.0415 -0.7599
vn 0.7346 -0.1097 -0.6696
vn 0.5299 0.2799 -0.8006
vn 0.5721 -0.0609 -0.8180
vn 0.7056 0.3664 -0.6065
vn 0.8520 0.0187 -0.5232
vn 0.8596 0.0122 -0.5109
vn 0.1566 0.0955 -0.9830
vn 0.2935 -0.2227 -0.9297
vn 0.0274 0.0541 -0.9982
vn -0.0580 -0.0203 -0.9981
vn 0.1308 0.3378 -0.9321
vn -0.0194 0.0184 -0.9996
vn 0.1247 -0.0206 -0.9920
vn 0.1605 -0.1183 -0.9799
vn 0.0056 -0.1495 -0.9887
vn 0.0912 -0.2494 -0.9641
vn 0.0468 -0.3574 -0.9328
vn -0.1572 -0.4338 -0.8872
vn -0.4540 -0.3894 -0.8014
vn -0.0949 -0.6595 0.7457
vn -0.5515 -0.4135 0.7245
vn -0.6415 -0.4810 0.5976
vn -0.6504 -0.4876 0.5825
vn -0.7454 0.0937 0.6599
vn -0.9164 0.3107 0.2524
vn -0.8597 -0.1206 -0.4964
vn -0.9384 0.3234 0.1219
vn -0.8437 -0.4055 -0.3519
vn -0.7181 -0.5384 0.4409
vn -0.2090 -0.0795 -0.9747
vn 0.9976 -0.0638 0.0285
vn 0.9856 -0.0603 0.1580
vn -0.1088 0.6861 -0.7193
vn 0.4972 0.7506 -0.4352
vn 0.8113 0.5827 -0.0476
vn 0.6202 -0.5671 -0.5419
vn 0.9915 -0.1290 0.0141
vn 0.9818 -0.1139 0.1517
vn -0.4589 -0.0194 0.8883
vn 0.1436 -0.0390 0.9889
vn 0.6354 -0.7471 -0.1951
vn 0.5380 -0.8171 -0.2071
vn 0.4136 -0.8859 -0.2101
vn 0.2608 -0.9412 -0.2147
vn -0.9822 0.1311 0.1343
vn -0.7836 -0.3583 0.5076
vn 0.8722 0.2896 -0.3943
vn -0.2496 0.5211 -0.8162
vn -0.4048 0.3809 -0.8313
vn -0.0657 0.7720 -0.6322
vn -0.5717 0.7843 -0.2411
vn -0.8042 0.4989 -0.3230
vn -0.0007 0.7570 -0.6534
vn -0.0007 0.7571 -0.6533
vn 0.1471 0.7008 -0.6980
vn 0.3045 0.5604 -0.7702
vn 0.9480 0.3044 -0.0928
vn 0.9743 0.2079 -0.0870
vn 0.7016 -0.3769 -0.6047
vn -0.7907 -0.2898 -0.5393
vn -0.3391 -0.3835 -0.8590
vn -0.0287 0.0067 -0.9996
vn 0.3943 0.5280 0.7522
vn 0.1402 0.7750 0.6162
vn 0.1847 0.7772 0.6016
vn 0.1514 0.7766 0.6116
vn 0.3492 0.9103 0.2223
vn 0.3370 0.9108 0.2385
vn 0.3457 0.9105 0.2268
vn 0.1823 0.9822 -0.0445
vn 0.3978 0.0556 0.9158
vn 0.6294 0.0710 0.7738
vn 0.7061 0.6205 0.3411
vn 0.4500 0.0459 0.8918
vn 0.8936 -0.0797 0.4417
vn 0.3018 0.0534 0.9519
vn -0.7150 0.5743 0.3987
vn -0.6344 0.6464 0.4240
vn -0.5862 0.7569 0.2890
vn -0.7748 0.5000 0.3869
vn -0.8338 0.4246 0.3529
vn -0.8090 0.5432 0.2247
vn 0.4971 -0.1555 -0.8537
vn 0.6070 -0.7901 0.0858
vn 0.2886 -0.8702 -0.3992
vn -0.0045 -0.9072 0.4207
vn -0.9851 0.1267 -0.1164
vn -0.5980 -0.0741 0.7981
vn -0.4781 -0.1016 0.8724
vn -0.0641 -0.5082 0.8589
vn 0.0921 -0.2594 0.9614
vn -0.0456 -0.3820 0.9230
vn -0.1571 -0.6443 0.7485
vn 0.7715 -0.4073 0.4888
vn -0.0210 -0.7662 0.6423
vn -0.1916 -0.8673 0.4594
vn -0.1892 -0.8686 0.4580
vn 0.0018 -0.6919 0.7220
vn 0.0039 -0.6969 0.7171
vn -0.0042 -0.6779 0.7351
vn -0.0888 -0.6217 0.7782
vn -0.6845 -0.6898 0.2359
vn -0.7637 -0.5932 0.2546
vn -0.4146 -0.3251 0.8500
vn -0.7736 0.4724 0.4223
vn -0.5621 0.4601 0.6873
vn -0.5751 0.4407 0.6893
vn -0.6397 0.3745 0.6712
vn -0.8905 0.3602 0.2781
vn -0.4686 0.4216 0.7763
vn 0.1278 0.2090 0.9695
vn -0.6088 -0.0595 0.7911
vn -0.6141 -0.0715 0.7860
vn -0.2354 -0.0781 0.9687
vn -0.6536 -0.1082 0.7491
vn -0.6489 -0.1060 0.7534
vn -0.6322 -0.5413 0.5544
vn -0.6437 -0.7648 -0.0256
vn -0.3294 -0.9148 0.2338
vn -0.3810 -0.9243 0.0218
vn -0.2307 -0.9207 0.3149
vn -0.4225 -0.8778 -0.2256
vn -0.4109 -0.8845 -0.2209
vn -0.3358 -0.8873 -0.3162
vn -0.3948 -0.8871 -0.2391
vn -0.6483 -0.7313 -0.2116
vn -0.1482 -0.8754 -0.4601
vn -0.6207 -0.7181 -0.3147
vn -0.6617 -0.5112 -0.5485
vn -0.6660 -0.5035 -0.5503
vn -0.6127 0.1387 -0.7780
vn -0.3376 -0.9290 -0.1517
vn -0.6566 -0.1309 -0.7428
vn 0.8378 0.5457 -0.0206
vn 0.8552 -0.0573 0.5150
vn 0.2960 0.9042 0.3078
vn 0.3072 0.9241 0.2272
vn 0.2530 0.9145 0.3156
vn 0.3312 0.9400 -0.0813
vn 0.5772 0.8140 0.0653
vn 0.5898 0.8060 0.0501
vn 0.7447 0.6259 0.2317
vn 0.1017 0.9083 0.4058
vn 0.4167 0.8978 -0.1422
vn 0.3207 0.9316 -0.1713
vn 0.3856 0.8963 -0.2189
vn 0.3686 0.8902 -0.2678
vn 0.2662 0.8526 -0.4496
vn 0.2583 0.8563 -0.4472
vn 0.3065 0.9351 0.1780
vn 0.3369 0.9122 0.2333
vn 0.6817 -0.1561 -0.7148
vn 0.6154 -0.2071 -0.7605
vn 0.7932 -0.0669 -0.6052
vn 0.3213 -0.1153 -0.9399
vn 0.3141 -0.1930 -0.9296
vn 0.4101 0.9105 -0.0536
vn 0.4118 0.9108 -0.0281
vn 0.4088 0.9119 0.0353
vn -0.4047 -0.9124 0.0606
vn -0.4099 -0.9116 0.0325
vn -0.4105 -0.9114 -0.0292
vn -0.8159 0.5028 0.2853
vn -0.8657 0.3418 0.3658
vn -0.9095 0.3404 0.2384
vn -0.8656 -0.3415 0.3661
vn -0.8127 -0.5059 0.2892
vn -0.9076 -0.3434 0.2415
vn 0.3889 -0.9130 -0.1235
vn 0.3618 -0.9145 -0.1812
vn 0.3986 -0.9116 -0.1006
vn 0.3471 -0.9151 -0.2053
vn -0.2942 0.9100 0.2921
vn -0.3472 0.9088 0.2316
vn -0.3686 0.9101 0.1892
vn -0.7185 0.5063 0.4769
vn -0.7441 0.3436 0.5729
vn -0.8163 0.3409 0.4663
vn -0.7433 -0.3451 0.5731
vn -0.7152 -0.5076 0.4804
vn -0.8165 -0.3409 0.4660
vn 0.2523 0.9172 -0.3084
vn 0.2889 0.9147 -0.2826
vn 0.3279 0.9135 -0.2408
vn -0.2844 -0.9121 0.2952
vn -0.3055 -0.9114 0.2757
vn -0.3423 -0.9122 0.2252
vn -0.1646 0.9089 0.3830
vn -0.2412 0.9025 0.3568
vn -0.4774 0.5091 0.7162
vn -0.4683 0.3436 0.8140
vn -0.5728 0.3434 0.7443
vn -0.4638 -0.3415 0.8175
vn -0.4687 -0.5058 0.7243
vn -0.5730 -0.3434 0.7441
vn 0.1607 0.9052 -0.3934
vn 0.1600 0.9161 -0.3677
vn 0.2112 0.9182 -0.3352
vn 0.9410 0.3383 -0.0032
vn 0.9914 -0.0000 -0.1305
vn 0.9324 0.3413 -0.1192
vn 0.0922 0.9206 -0.3794
vn -0.2364 -0.3415 0.9097
vn -0.2691 -0.5029 0.8214
vn -0.3641 -0.3408 0.8668
vn -0.0074 0.9114 0.4114
vn -0.0838 0.9032 0.4209
vn -0.0417 0.9124 -0.4073
vn 0.0072 0.9139 -0.4059
vn 0.0634 0.9187 -0.3898
vn 0.0403 0.9116 0.4092
vn 0.0071 -0.3415 0.9399
vn -0.0474 -0.5029 0.8631
vn -0.1273 -0.3408 0.9315
vn -0.1281 0.3415 -0.9311
vn -0.0591 0.5195 -0.8524
vn 0.0028 0.3383 -0.9410
vn 0.2496 -0.3418 0.9060
vn 0.1769 -0.5033 0.8458
vn 0.1181 -0.3408 0.9327
vn -0.3631 0.3383 -0.8682
vn -0.2641 0.5194 -0.8127
vn -0.2365 0.3405 -0.9100
vn 0.4738 -0.3412 0.8118
vn 0.3832 -0.5034 0.7745
vn 0.3557 -0.3409 0.8702
vn -0.2300 -0.9128 -0.3374
vn -0.1793 -0.9129 -0.3667
vn -0.1499 -0.9139 -0.3773
vn -0.2588 0.9103 -0.3230
vn -0.2251 0.9119 -0.3433
vn -0.1966 0.9114 -0.3616
vn -0.2520 -0.9126 -0.3221
vn 0.2966 0.9097 0.2906
vn 0.2733 0.9114 0.3076
vn 0.2219 0.9117 0.3458
vn -0.7503 0.3410 -0.5663
vn -0.6501 0.5201 -0.5540
vn -0.6631 0.3384 -0.6676
vn 0.3282 -0.9125 0.2441
vn 0.3097 -0.9115 0.2708
vn 0.2672 -0.9120 0.3113
vn -0.8714 0.3363 -0.3573
vn -0.7687 0.5177 -0.3756
vn -0.8110 0.3417 -0.4750
vn 0.8706 -0.3420 0.3538
vn 0.7781 -0.5065 0.3714
vn 0.8125 -0.3435 0.4710
vn -0.7666 -0.5141 -0.3849
vn -0.8706 -0.3383 -0.3571
vn -0.8139 -0.3363 -0.4738
vn -0.3960 0.9126 -0.1020
vn -0.3858 0.9139 -0.1266
vn -0.3683 0.9121 -0.1802
vn 0.3923 0.9108 0.1286
vn 0.3974 0.9119 0.1023
vn 0.3696 0.9109 0.1832
vn -0.4043 -0.9131 -0.0518
vn -0.4217 -0.9050 -0.0567
vn -0.3875 -0.9145 -0.1159
vn -0.4039 0.9144 0.0268
vn -0.4048 0.9140 -0.0290
vn -0.4048 0.9126 -0.0575
vn 0.4146 -0.9099 -0.0086
vn 0.4058 -0.9126 0.0501
vn 0.4007 -0.9111 0.0960
vn -0.9326 0.3383 0.1256
vn -0.8549 0.5158 0.0560
vn -0.9411 0.3383 -0.0028
vn 0.4060 0.9108 -0.0749
vn 0.3928 0.9101 -0.1323
vn 0.4058 0.9128 -0.0458
vn 0.9069 -0.3411 -0.2475
vn 0.8451 -0.5063 -0.1718
vn 0.9313 -0.3435 -0.1212
vn 0.3697 0.9104 -0.1859
vn -0.8108 0.3404 0.4761
vn -0.7616 0.5192 0.3877
vn -0.8706 0.3383 0.3571
vn 0.8125 -0.3434 -0.4710
vn 0.7786 -0.5063 -0.3707
vn 0.8706 -0.3419 -0.3536
vn -0.7610 -0.5196 0.3885
vn -0.8106 -0.3406 0.4763
vn -0.8706 -0.3384 0.3572
vn 0.3261 -0.9087 -0.2604
vn 0.3541 -0.9132 -0.2016
vn 0.3738 -0.9128 -0.1644
vn -0.2631 -0.9161 0.3026
vn -0.3043 -0.9160 0.2615
vn -0.3550 -0.9129 0.2015
vn 0.5696 -0.3451 -0.7460
vn 0.5627 -0.5104 -0.6502
vn 0.6653 -0.3435 -0.6629
vn -0.2104 0.9048 0.3701
vn -0.2030 0.9128 0.3543
vn -0.2536 0.9148 0.3143
vn -0.1296 0.9164 0.3787
vn -0.2409 0.3384 0.9096
vn -0.2764 0.5158 0.8109
vn -0.3627 0.3381 0.8684
vn 0.2368 -0.3418 -0.9094
vn 0.2658 -0.5062 -0.8204
vn 0.3609 -0.3434 -0.8671
vn -0.2744 -0.5158 0.8116
vn -0.2409 -0.3381 0.9098
vn -0.3627 -0.3384 0.8683
vn -0.0466 0.9109 0.4101
vn -0.0766 0.9139 0.3987
vn 0.1685 0.5033 -0.8475
vn 0.1182 0.3410 -0.9326
vn 0.2475 0.3411 -0.9069
vn -0.0015 -0.3436 -0.9391
vn 0.0591 -0.5063 -0.8603
vn 0.1270 -0.3409 -0.9315
vn 0.1263 0.3362 0.9333
vn 0.0622 0.5141 0.8555
vn -0.0032 0.3383 0.9410
vn 0.0803 -0.9131 0.3998
vn 0.0232 -0.9134 0.4063
vn -0.0350 -0.9151 0.4017
vn 0.1097 -0.9127 0.3936
vn 0.1666 0.9139 0.3701
vn 0.1321 0.9144 0.3826
vn 0.0974 0.9124 0.3975
vn -0.3659 -0.3416 -0.8657
vn -0.2884 -0.5060 -0.8129
vn -0.2414 -0.3435 -0.9076
vn -0.2299 -0.9124 -0.3387
vn -0.1838 -0.9113 -0.3685
vn -0.1375 -0.9120 -0.3866
vn 0.5782 0.3410 0.7412
vn 0.4846 0.5201 0.7034
vn 0.4677 0.3384 0.8165
vn -0.5771 -0.3418 -0.7417
vn -0.4853 -0.5036 -0.7148
vn -0.4658 -0.3411 -0.8165
vn -0.2449 0.9126 -0.3274
vn -0.3120 0.9081 -0.2794
vn -0.2151 0.9142 -0.3435
vn -0.3074 -0.9118 -0.2723
vn -0.2723 -0.9099 -0.3129
vn 0.5656 -0.5158 0.6434
vn 0.6675 -0.3381 0.6635
vn 0.5706 -0.3384 0.7482
vn 0.7492 0.3362 0.5706
vn 0.6453 0.5177 0.5618
vn 0.6604 0.3417 0.6687
vn 0.3026 0.9145 0.2684
vn 0.3355 0.9140 0.2280
vn 0.2479 0.9122 0.3264
vn -0.3426 0.9089 -0.2376
vn -0.3417 -0.9110 -0.2309
vn 0.3596 0.9115 0.1998
vn -0.3666 -0.9117 -0.1857
vn -0.3878 0.9113 -0.1386
vn -0.3671 0.9117 -0.1847
vn -0.8683 -0.3434 -0.3579
vn -0.7681 -0.5062 -0.3922
vn -0.8105 -0.3418 -0.4756
vn 0.3859 -0.9129 0.1328
vn 0.3645 -0.9137 0.1798
vn 0.3358 -0.9132 0.2308
vn 0.9093 0.3412 0.2380
vn 0.8105 0.5195 0.2706
vn 0.8683 0.3384 0.3627
vn -0.3925 -0.9142 -0.1011
vn -0.3881 -0.9121 -0.1319
vn -0.4090 0.9113 -0.0486
vn -0.4005 0.9129 -0.0792
vn 0.8521 0.5192 0.0668
vn 0.9313 0.3404 0.1296
vn -0.9386 -0.3451 0.0022
vn -0.8584 -0.5104 -0.0506
vn -0.9309 -0.3435 -0.1243
vn 0.8494 0.5174 -0.1044
vn -0.9914 -0.0000 0.1305
vn -0.9399 0.3415 -0.0073
vn -0.9308 0.3415 0.1302
vn -0.8625 0.5028 0.0575
vn -0.9322 -0.3398 0.1246
vn -0.8549 -0.5056 0.1161
vn 0.9410 -0.3383 0.0032
vn 0.9333 -0.3363 -0.1263
vn 0.8555 -0.5141 -0.0622
vn 0.9659 -0.0000 -0.2588
vn 0.9073 0.3409 -0.2463
vn 0.8254 0.5166 -0.2278
vn 0.3925 0.9135 -0.1073
vn 0.3924 0.9135 -0.1077
vn -0.4009 0.9157 0.0269
vn -0.4009 0.9157 0.0265
vn -0.3984 0.9115 0.1018
vn -0.3865 0.9129 0.1316
vn -0.9659 -0.0000 0.2588
vn -0.3887 -0.9124 0.1279
vn -0.3853 -0.9128 0.1353
vn 0.4065 -0.9131 -0.0323
vn 0.4073 -0.9129 -0.0276
vn 0.9071 -0.3427 -0.2443
vn 0.8244 -0.5199 -0.2236
vn 0.8705 0.3381 -0.3576
vn 0.9239 -0.0000 -0.3827
vn 0.7688 0.5158 -0.3780
vn 0.3594 0.9155 -0.1805
vn 0.3569 0.9158 -0.1844
vn -0.9239 -0.0000 0.3827
vn 0.8705 -0.3383 -0.3576
vn 0.7683 -0.5158 -0.3789
vn 0.8135 0.3384 -0.4729
vn 0.8660 -0.0000 -0.5000
vn -0.8660 -0.0000 0.5000
vn -0.3592 -0.9112 0.2016
vn 0.8136 -0.3383 -0.4729
vn 0.7934 -0.0000 -0.6088
vn 0.7451 0.3438 -0.5716
vn 0.6768 0.5220 -0.5191
vn -0.7934 -0.0000 0.6088
vn 0.3106 -0.9115 -0.2697
vn 0.3333 -0.9090 -0.2502
vn 0.6766 -0.5220 -0.5194
vn 0.7449 -0.3438 -0.5718
vn 0.6674 0.3383 -0.6635
vn 0.5649 0.5158 -0.6441
vn -0.6100 0.5047 0.6108
vn -0.6649 0.3394 0.6654
vn -0.2784 0.9183 0.2813
vn -0.7071 -0.0000 0.7071
vn -0.6637 -0.3398 0.6664
vn -0.6076 -0.5056 0.6125
vn 0.6673 -0.3384 -0.6634
vn 0.5599 -0.5196 -0.6453
vn 0.2676 -0.9127 -0.3089
vn 0.6088 -0.0000 -0.7934
vn 0.5707 0.3383 -0.7483
vn -0.6088 -0.0000 0.7934
vn -0.2290 -0.9113 0.3422
vn -0.2241 -0.9114 0.3450
vn 0.5678 -0.3414 -0.7491
vn 0.2276 -0.9124 -0.3401
vn 0.5000 -0.0000 -0.8660
vn 0.4728 0.3410 -0.8125
vn 0.4338 0.5168 -0.7380
vn -0.5000 -0.0000 0.8660
vn 0.3869 -0.5192 -0.7621
vn 0.4761 -0.3405 -0.8108
vn 0.1837 -0.9132 -0.3638
vn 0.3601 0.3383 -0.8694
vn 0.3827 -0.0000 -0.9239
vn 0.3288 0.5118 -0.7937
vn -0.3293 0.5045 0.7981
vn -0.3595 0.3392 0.8693
vn -0.1471 0.9179 0.3684
vn -0.3827 -0.0000 0.9239
vn -0.1343 -0.9125 0.3863
vn -0.1262 -0.9125 0.3892
vn 0.3571 -0.3381 -0.8707
vn 0.1307 -0.9139 -0.3843
vn 0.2588 -0.0000 -0.9659
vn 0.2436 0.3383 -0.9090
vn 0.2223 0.5118 -0.8298
vn -0.2447 0.3435 0.9067
vn -0.1572 0.5064 0.8479
vn -0.2588 -0.0000 0.9659
vn 0.2284 -0.5172 -0.8249
vn 0.2466 -0.3412 -0.9071
vn 0.1030 -0.9133 -0.3941
vn 0.1305 -0.0000 -0.9914
vn 0.1196 0.3410 -0.9324
vn 0.1051 0.5168 -0.8496
vn -0.1162 0.3418 0.9325
vn -0.1305 -0.0000 0.9914
vn -0.0297 -0.9123 0.4084
vn -0.0221 -0.9123 0.4089
vn 0.0285 -0.9145 -0.4037
vn 0.0616 -0.9132 -0.4028
vn 0.1121 -0.5118 -0.8518
vn 0.1228 -0.3383 -0.9330
vn -0.0044 0.3410 0.9400
vn 0.0566 0.5031 0.8624
vn -0.0000 -0.5118 -0.8591
vn -0.0000 -0.3383 -0.9410
vn -0.0076 -0.9132 -0.4074
vn -0.1305 -0.0000 -0.9914
vn 0.1273 0.3409 0.9314
vn 0.1305 -0.0000 0.9914
vn 0.0741 -0.9131 0.4008
vn 0.0818 -0.9133 0.3990
vn -0.0466 -0.9137 -0.4038
vn -0.0789 -0.9130 -0.4002
vn -0.1228 -0.3383 -0.9330
vn -0.1121 -0.5118 -0.8518
vn -0.2588 -0.0000 -0.9659
vn -0.1239 0.9162 -0.3811
vn -0.1216 0.9163 -0.3817
vn 0.1285 0.9080 0.3989
vn 0.1259 0.9078 0.4000
vn 0.2674 0.5064 0.8198
vn 0.2370 0.3417 0.9094
vn 0.2588 -0.0000 0.9659
vn -0.2285 -0.5174 -0.8247
vn -0.2467 -0.3413 -0.9070
vn -0.1159 -0.9102 -0.3977
vn -0.3827 -0.0000 -0.9239
vn 0.3610 0.3437 0.8669
vn 0.3827 -0.0000 0.9239
vn 0.1529 -0.9105 0.3843
vn 0.1772 -0.9129 0.3676
vn -0.3571 -0.3383 -0.8706
vn -0.3849 -0.5141 -0.7666
vn -0.5000 -0.0000 -0.8660
vn -0.4669 0.3413 -0.8158
vn -0.4215 0.5174 -0.7447
vn 0.1976 0.9126 0.3580
vn 0.4287 0.5058 0.7486
vn 0.4688 0.3400 0.8153
vn 0.5000 -0.0000 0.8660
vn -0.4738 -0.3363 -0.8139
vn 0.2305 -0.9118 0.3400
vn -0.6088 -0.0000 -0.7934
vn -0.5751 0.3414 -0.7435
vn -0.5268 0.5175 -0.6743
vn 0.5627 0.5104 0.6502
vn 0.5696 0.3451 0.7460
vn 0.6088 -0.0000 0.7934
vn 0.5670 -0.3420 0.7493
vn 0.5602 -0.5065 0.6555
vn -0.5709 -0.3400 -0.7473
vn -0.5185 -0.5150 -0.6826
vn -0.2822 0.9145 -0.2898
vn -0.3088 0.9128 -0.2672
vn 0.6653 0.3435 0.6629
vn 0.6653 -0.3435 0.6629
vn -0.3048 -0.9138 -0.2683
vn -0.2834 -0.9131 -0.2932
vn -0.6075 -0.5118 -0.6075
vn -0.6654 -0.3383 -0.6654
vn -0.7934 -0.0000 -0.6088
vn 0.3181 0.9141 0.2514
vn 0.3424 0.9120 0.2260
vn -0.3478 0.9103 -0.2242
vn 0.6824 0.5057 0.5279
vn 0.7450 0.3399 0.5739
vn 0.7934 -0.0000 0.6088
vn 0.7464 -0.3389 0.5727
vn 0.6852 -0.5040 0.5258
vn -0.7473 -0.3400 -0.5709
vn -0.6826 -0.5150 -0.5185
vn -0.3305 -0.9123 -0.2418
vn -0.8660 -0.0000 -0.5000
vn 0.7687 0.5104 0.3854
vn 0.8117 0.3451 0.4712
vn 0.8660 -0.0000 0.5000
vn 0.3763 -0.9085 0.1819
vn 0.3793 -0.9083 0.1766
vn -0.3592 -0.9173 -0.1720
vn -0.3569 -0.9171 -0.1775
vn -0.9239 -0.0000 -0.3827
vn 0.8683 0.3435 0.3578
vn 0.9239 -0.0000 0.3827
vn -0.9079 0.3400 -0.2453
vn -0.9659 -0.0000 -0.2588
vn -0.8269 0.5150 -0.2259
vn 0.8326 0.5055 0.2264
vn 0.9080 0.3398 0.2450
vn 0.9659 -0.0000 0.2588
vn 0.9068 -0.3412 0.2476
vn 0.8449 -0.5062 0.1729
vn -0.8247 -0.5174 -0.2285
vn -0.9070 -0.3413 -0.2467
vn -0.9914 -0.0000 -0.1305
vn -0.9324 0.3410 -0.1196
vn -0.8496 0.5168 -0.1051
vn 0.4146 0.9096 0.0267
vn 0.4145 0.9095 0.0305
vn 0.8577 0.5105 0.0610
vn 0.9303 0.3451 0.1247
vn 0.9914 -0.0000 0.1305
vn 0.9313 -0.3434 0.1212
vn -0.9330 -0.3383 -0.1228
vn -0.8518 -0.5118 -0.1121
vn 0.9391 0.3437 -0.0018
vn 0.9407 -0.3393 0.0002
vn 0.8633 -0.5046 0.0002
vn -0.8591 -0.5118 -0.0000
vn -0.9410 -0.3383 -0.0000
vn -0.4009 -0.9161 0.0087
vn -0.3983 0.9135 0.0825
vn 0.8561 0.5045 -0.1121
vn 0.9327 0.3392 -0.1225
vn 0.4111 -0.9078 -0.0824
vn 0.4111 -0.9078 -0.0827
vn -0.3990 -0.9160 0.0430
vn -0.3924 -0.9163 0.0799
vn -0.9330 -0.3383 0.1228
vn -0.8518 -0.5118 0.1121
vn -0.9069 0.3440 0.2434
vn -0.8235 0.5223 0.2213
vn 0.9075 0.3435 -0.2417
vn 0.8150 0.5091 -0.2767
vn -0.3954 0.9113 0.1145
vn -0.8246 -0.5175 0.2287
vn -0.9070 -0.3414 0.2468
vn -0.3886 -0.9139 0.1169
vn -0.3630 0.9143 0.1796
vn -0.3608 0.9142 0.1843
vn 0.8671 0.3435 -0.3607
vn -0.3701 -0.9117 0.1784
vn 0.7482 0.5061 -0.4290
vn 0.8151 0.3401 -0.4689
vn 0.3516 0.9117 -0.2127
vn -0.7490 0.3412 0.5679
vn -0.6453 0.5195 0.5602
vn -0.3022 0.9161 0.2635
vn -0.2969 0.9164 0.2684
vn 0.3162 0.9073 -0.2772
vn 0.3093 0.9071 -0.2855
vn 0.6506 0.5104 -0.5623
vn 0.7459 0.3452 -0.5696
vn 0.7465 -0.3389 -0.5727
vn 0.6854 -0.5039 -0.5257
vn -0.7489 -0.3416 0.5679
vn -0.6439 -0.5194 0.5618
vn -0.6634 0.3384 0.6673
vn 0.6629 0.3434 -0.6653
vn 0.2813 -0.9057 -0.3172
vn 0.2772 -0.9057 -0.3208
vn -0.6635 -0.3381 0.6675
vn -0.5749 0.3411 0.7438
vn -0.5266 0.5170 0.6749
vn 0.2594 0.9091 -0.3260
vn 0.2013 0.9133 -0.3540
vn 0.5259 0.5038 -0.6853
vn 0.5728 0.3388 -0.7464
vn -0.5263 -0.5166 0.6754
vn -0.5747 -0.3409 0.7440
vn -0.2384 -0.9151 0.3251
vn -0.4674 0.3409 0.8157
vn -0.4226 0.5166 0.7447
vn 0.4710 0.3434 -0.8125
vn 0.3707 0.5063 -0.7786
vn 0.1644 0.9128 -0.3738
vn 0.4686 -0.3398 -0.8154
vn 0.4284 -0.5056 -0.7489
vn 0.2146 -0.9087 -0.3580
vn 0.1565 -0.9130 -0.3767
vn -0.2039 -0.9163 0.3448
vn -0.1567 -0.9137 0.3751
vn -0.4671 -0.3411 0.8157
vn -0.4220 -0.5170 0.7447
vn 0.3536 0.3419 -0.8706
vn 0.1144 -0.9123 -0.3933
vn -0.1203 -0.9135 0.3887
vn 0.0834 0.9101 -0.4058
vn 0.0837 0.9101 -0.4058
vn -0.1223 0.3441 0.9309
vn -0.1109 0.5225 0.8454
vn 0.0365 -0.9083 -0.4167
vn 0.0307 -0.9083 -0.4171
vn -0.0621 -0.9139 0.4012
vn -0.1138 -0.5198 0.8467
vn -0.1237 -0.3426 0.9313
vn 0.0249 0.9150 0.4026
vn 0.0301 0.9151 0.4021
vn -0.0231 0.9118 -0.4100
vn -0.0276 0.9118 -0.4097
vn -0.0493 0.5034 -0.8626
vn 0.0065 0.3418 -0.9398
vn 0.0500 -0.5141 0.8563
vn -0.0034 -0.3363 0.9418
vn -0.1275 0.3410 -0.9314
vn -0.1233 -0.3392 -0.9326
vn -0.1139 -0.5045 -0.8559
vn -0.0780 -0.9115 -0.4038
vn -0.0464 -0.9123 -0.4068
vn 0.1260 -0.3383 0.9326
vn 0.2415 0.3400 0.9089
vn 0.2179 0.5150 0.8291
vn -0.1359 0.9111 -0.3891
vn -0.1311 0.9112 -0.3905
vn -0.2706 0.5026 -0.8211
vn -0.2366 0.3415 -0.9096
vn 0.2144 -0.5174 0.8285
vn 0.2398 -0.3413 0.9088
vn 0.3630 0.3414 0.8670
vn 0.3344 0.5175 0.7876
vn -0.3645 0.3406 -0.8667
vn 0.1492 -0.9143 0.3766
vn 0.1828 -0.9140 0.3621
vn 0.3601 -0.3383 0.8694
vn 0.3288 -0.5118 0.7937
vn 0.2264 0.9116 0.3432
vn -0.4789 0.5032 -0.7193
vn -0.4634 0.3416 -0.8177
vn 0.4340 -0.5170 0.7378
vn 0.4729 -0.3411 0.8124
vn 0.2131 -0.9118 0.3511
vn -0.5776 0.3418 -0.7413
vn 0.2633 -0.9154 0.3045
vn 0.2663 -0.9154 0.3018
vn -0.6613 0.3406 -0.6683
vn -0.6496 0.5026 -0.5704
vn -0.6614 -0.3411 -0.6680
vn -0.6489 -0.5032 -0.5707
vn -0.7486 0.3409 -0.5686
vn -0.7485 -0.3409 -0.5688
vn 0.3221 -0.9116 0.2555
vn 0.6771 -0.5218 0.5189
vn 0.7452 -0.3437 0.5715
vn 0.8142 0.3428 0.4686
vn 0.7410 0.5202 0.4246
vn -0.7721 0.5033 -0.3880
vn -0.8106 0.3417 -0.4755
vn 0.8135 -0.3384 0.4729
vn 0.7688 -0.5158 0.3780
vn 0.3843 0.9132 0.1354
vn 0.3871 0.9129 0.1294
vn -0.8704 0.3409 -0.3552
vn 0.8705 -0.3381 0.3576
vn -0.8466 0.5026 -0.1750
vn -0.9061 0.3414 -0.2498
vn -0.9087 -0.3389 -0.2436
vn -0.8343 -0.5039 -0.2237
vn 0.8254 -0.5166 0.2278
vn 0.9073 -0.3409 0.2463
vn 0.3982 -0.9112 0.1055
vn 0.4034 0.9130 0.0608
vn -0.9328 0.3406 -0.1174
vn -0.4111 -0.9097 -0.0583
vn 0.4058 -0.9125 0.0509
vn 0.4057 -0.9126 0.0511
vn 0.8494 -0.5174 0.1044
vn 0.9324 -0.3413 0.1192
vn 0.6495 0.7604 -0.0000
vn 0.6215 -0.1502 0.7689
vn 0.3199 0.4792 0.8173
vn -0.6215 0.1502 0.7689
vn -0.0375 0.6383 0.7689
vn 0.4363 0.7701 -0.4654
vn -0.6290 -0.3452 -0.6965
vn -0.2920 -0.2440 -0.9248
vn 0.2920 0.2441 -0.9248
vn 0.6290 0.3452 -0.6965
vn -0.6444 -0.7565 -0.1116
vn 0.0697 -0.9452 -0.3189
vn 0.4650 -0.0023 0.8853
vn 0.5476 0.0010 0.8367
vn 0.3866 0.0019 0.9222
vn 0.8853 0.0023 0.4650
vn 0.9222 -0.0019 0.3866
vn 0.9793 0.0009 0.2022
vn 0.8367 -0.0010 0.5476
vn 0.2022 -0.0009 0.9793
vn -0.2123 -0.0009 0.9772
vn -0.8808 -0.0000 0.4734
vn -0.8830 -0.0000 0.4694
vn -0.9772 0.0009 0.2123
vn -0.9793 0.0009 -0.2022
vn -0.8853 0.0023 -0.4650
vn -0.9222 -0.0019 -0.3866
vn -0.7043 0.0008 -0.7099
vn -0.8367 -0.0010 -0.5476
vn -0.2122 0.0009 -0.9772
vn 0.2122 -0.0009 -0.9772
vn 0.4694 -0.0000 -0.8830
vn 0.4734 -0.0000 -0.8808
vn 0.8808 -0.0000 -0.4734
vn 0.8830 -0.0000 -0.4694
vn 0.9772 0.0009 -0.2122
vn -0.4957 0.5931 -0.6344
vn -0.4069 0.4868 -0.7730
vn -0.1862 0.2228 -0.9569
vn -0.0628 0.0752 -0.9952
vn 0.0628 -0.0752 -0.9952
vn 0.1862 -0.2228 -0.9569
vn 0.4957 -0.5931 -0.6344
vn 0.4069 -0.4868 0.7730
vn 0.3023 -0.3616 0.8820
vn 0.1862 -0.2228 0.9569
vn -0.1862 0.2228 0.9569
vn -0.3023 0.3616 0.8820
vn -0.4069 0.4868 0.7730
vn -0.1044 0.1250 -0.9867
vn 0.2647 -0.3166 -0.9109
vn -0.2647 0.3166 -0.9109
vn 0.1044 -0.1250 -0.9867
vn 0.4069 -0.4868 -0.7730
vn 0.3735 -0.4469 -0.8129
vn 0.4384 -0.5245 0.7298
vn -0.2647 0.3166 0.9109
vn -0.5446 0.6515 0.5281
vn -0.2259 0.2702 -0.9359
vn 0.2647 -0.3167 -0.9108
vn -0.2647 0.3167 -0.9108
vn 0.2259 -0.2702 -0.9359
vn 0.6002 -0.7181 0.3522
vn 0.2647 -0.3166 0.9109
vn 0.0209 -0.0250 0.9995
vn -0.1044 0.1249 0.9867
vn -0.4384 0.5245 0.7298
vn -0.3735 0.4469 -0.8129
vn -0.0006 -1.0000 -0.0000
vn 0.5347 -0.6367 0.5556
vn -0.5347 0.6367 0.5556
vn 0.4225 -0.3679 0.8284
vn 0.3117 -0.2360 0.9204
vn 0.1916 -0.0930 0.9771
vn -0.2894 0.4798 -0.8283
vn -0.1786 0.3479 -0.9204
vn -0.2893 0.4797 0.8283
vn 0.4225 -0.3679 -0.8283
vn 0.6949 -0.6924 0.1943
vn 0.5195 -0.4836 -0.7044
vn 0.5992 -0.5785 -0.5535
vn -0.5618 0.8042 -0.1943
vn 0.3573 -0.4255 -0.8314
vn -0.3573 0.4255 -0.8314
vn 0.3573 -0.4254 0.8315
vn 0.5181 -0.7379 0.4326
vn 0.4387 -0.6368 0.6341
vn 0.4825 -0.8048 0.3458
vn -0.3793 -0.3007 0.8751
vn -0.4220 -0.0651 0.9043
vn -0.4025 -0.2300 0.8861
vn 0.6242 -0.7712 -0.1249
vn 0.7325 -0.6654 0.1438
vn 0.5180 -0.8530 0.0631
vn -0.8277 0.2836 -0.4842
vn -0.5564 0.1426 -0.8186
vn -0.5718 0.0373 -0.8195
vn -0.9163 0.4002 0.0129
vn -0.8428 0.5260 -0.1139
vn -0.9591 -0.0045 0.2831
vn -0.8913 0.3695 0.2628
vn 0.4759 -0.8672 -0.1469
vn -0.3080 -0.9039 0.2968
vn 0.0756 -0.9928 -0.0930
vn -0.8442 0.4890 0.2196
vn -0.2104 -0.0556 0.9760
vn -0.7849 0.4375 0.4389
vn 0.6215 -0.6236 0.4742
vn 0.6037 -0.6800 -0.4160
vn 0.7437 -0.6662 -0.0558
vn 0.5563 -0.7538 -0.3497
vn -0.2087 -0.0589 -0.9762
vn 0.6989 -0.6106 -0.3725
vn -0.8031 0.4699 -0.3664
vn -0.7394 0.4537 -0.4974
vn -0.2520 -0.1114 0.9613
vn -0.5759 0.1228 0.8082
vn -0.3335 0.0557 0.9411
vn 0.0769 -0.2632 0.9617
vn -0.1881 -0.0426 0.9812
vn 0.0686 -0.4118 0.9087
vn -0.3457 -0.1282 0.9295
vn 0.8612 -0.5061 -0.0459
vn 0.8638 -0.4977 0.0779
vn 0.8227 -0.5617 0.0873
vn -0.1509 0.0132 0.9885
vn -0.0619 0.0678 0.9958
vn -0.4917 0.1053 0.8644
vn 0.1872 0.1619 0.9689
vn -0.0646 0.3034 0.9507
vn -0.1053 0.2486 0.9629
vn -0.5416 0.0097 0.8406
vn 0.1895 0.0006 0.9819
vn 0.7246 0.0212 0.6889
vn 0.3779 0.0535 0.9243
vn -0.9171 0.3979 0.0266
vn -0.9912 0.1267 0.0382
vn -0.8848 0.3632 0.2918
vn -0.8090 0.4955 -0.3162
vn -0.6173 0.7628 -0.1926
vn -0.9558 0.2110 -0.2049
vn 0.1001 0.5389 -0.8364
vn 0.0615 0.3540 -0.9332
vn 0.0181 0.5780 -0.8158
vn 0.3124 0.8479 -0.4283
vn -0.0781 0.8267 -0.5572
vn 0.9191 0.3651 0.1481
vn 0.9622 0.2483 -0.1117
vn 0.9079 0.4168 -0.0433
vn 0.4993 0.7672 0.4027
vn 0.5010 0.7868 0.3604
vn 0.4997 0.7710 0.3948
vn -0.7569 0.4490 -0.4749
vn 0.9010 0.3116 -0.3020
vn -0.7678 0.6198 0.1622
vn -0.3774 0.9207 -0.0991
vn -0.0472 0.4917 0.8695
vn -0.0440 0.5825 0.8116
vn 0.8047 0.3820 0.4544
vn 0.6869 0.2583 0.6793
vn 0.8359 0.2508 0.4882
vn -0.8632 0.1867 0.4691
vn -0.7675 0.4122 0.4909
vn -0.6674 0.3096 -0.6773
vn -0.8219 0.2260 -0.5229
vn 0.0772 0.2779 -0.9575
vn -0.7848 0.5219 -0.3341
vn -0.6892 0.4651 -0.5555
vn -0.6748 0.4983 -0.5445
vn -0.7492 0.5092 -0.4236
vn -0.5123 0.4615 -0.7242
vn -0.5451 0.3981 -0.7378
vn -0.8465 0.4784 -0.2338
vn -0.9962 0.0231 0.0845
vn -0.9438 0.1097 0.3117
vn -0.8704 0.0175 0.4921
vn -0.8761 -0.0078 0.4821
vn -0.3355 -0.0187 0.9419
vn -0.9843 -0.0143 0.1759
vn 0.9967 0.0266 -0.0768
vn 0.9176 0.0451 -0.3949
vn 0.9657 0.1319 -0.2235
vn 0.6133 0.0638 -0.7873
vn 0.8705 0.1822 -0.4572
vn 0.8283 -0.5289 0.1850
vn 0.7818 -0.5993 0.1724
vn 0.5166 -0.5125 0.6860
vn 0.3276 -0.3917 0.8598
vn -0.8557 0.5174 -0.0003
vn -0.8301 0.5568 0.0289
vn -0.8742 0.4778 -0.0864
vn -0.9000 0.4326 0.0542
vn 0.9880 0.0778 0.1332
vn 0.9987 0.0390 0.0316
vn 1.0000 -0.0080 0.0053
vn 0.9812 0.0170 0.1922
vn 0.9921 -0.1252 0.0014
vn 0.9701 -0.1789 0.1640
vn 0.9876 -0.1260 0.0935
vn 0.9987 0.0187 0.0473
vn 0.9937 -0.0441 0.1025
vn 0.9869 0.0220 0.1595
vn 0.9761 0.0711 0.2055
vn 0.9960 0.0884 -0.0097
vn 0.9879 -0.1015 -0.1172
vn 0.9980 -0.0370 -0.0516
vn 0.9489 0.0246 0.3146
vn 0.9436 0.1433 0.2985
vn 0.9735 0.1899 0.1273
vn 0.8278 0.3990 0.3943
vn 0.6714 0.4900 0.5560
vn 0.7633 0.5664 0.3109
vn 0.9041 0.2622 0.3375
vn 0.9218 0.3423 0.1818
vn 0.5022 0.7520 0.4269
vn 0.3043 0.7743 0.5548
vn 0.3853 0.8182 0.4268
vn 0.2767 0.6431 0.7141
vn 0.5497 0.6188 0.5612
vn 0.2460 0.8632 0.4408
vn 0.2231 0.8035 0.5519
vn 0.0250 0.7405 0.6716
vn 0.2250 0.9332 0.2800
vn 0.0513 0.8351 0.5477
vn 0.0645 0.8972 0.4369
vn 0.0755 0.9557 0.2844
vn -0.1992 0.8645 0.4615
vn -0.0071 0.9650 0.2622
vn -0.3209 0.8654 0.3848
vn -0.3271 0.8728 0.3623
vn -0.5312 0.8006 0.2772
vn -0.5115 0.8291 0.2257
vn -0.3692 0.8235 0.4308
vn -0.8130 0.5641 -0.1446
vn -0.9265 0.2604 -0.2717
vn -0.8428 0.4172 -0.3401
vn -0.8807 0.1307 -0.4553
vn -0.7727 0.3584 -0.5239
vn -0.8296 -0.0506 -0.5560
vn -0.7533 0.1875 -0.6304
vn -0.6845 0.0693 -0.7257
vn -0.5764 0.0048 -0.8171
vn -0.3773 0.3484 -0.8581
vn -0.7787 0.6076 0.1566
vn -0.6790 0.7312 0.0660
vn -0.6533 0.1533 -0.7414
vn -0.2090 0.0049 -0.9779
vn -0.1542 -0.1928 -0.9690
vn -0.0576 0.1203 -0.9911
vn -0.0187 -0.0094 -0.9998
vn 0.0628 -0.0373 -0.9973
vn 0.1085 0.2145 -0.9707
vn 0.2227 -0.0450 -0.9738
vn 0.2642 -0.2084 -0.9417
vn 0.3143 0.0231 -0.9490
vn -0.0434 -0.1035 -0.9937
vn -0.3315 -0.0425 -0.9425
vn -0.2670 -0.2180 -0.9387
vn 0.5548 -0.1017 -0.8257
vn 0.5206 -0.3319 -0.7867
vn 0.6711 -0.0715 -0.7380
vn 0.7314 -0.1859 -0.6562
vn 0.7691 -0.2916 -0.5687
vn 0.8569 -0.1468 -0.4941
vn 0.8302 -0.3485 -0.4351
vn 0.9587 -0.1158 -0.2598
vn 0.3895 -0.0341 -0.9204
vn 0.4640 -0.0806 -0.8822
vn 0.5542 0.1744 -0.8139
vn 0.8431 0.1037 -0.5276
vn 0.9001 -0.4254 -0.0946
vn 0.8398 -0.5345 -0.0951
vn 0.8704 -0.4919 0.0234
vn 0.8066 -0.5902 0.0317
vn 0.7554 -0.6534 0.0490
vn 0.7844 -0.5966 0.1699
vn 0.8584 -0.4241 -0.2886
vn 0.8522 -0.4887 -0.1871
vn 0.8266 -0.5500 0.1192
vn 0.7043 -0.7027 0.1008
vn 0.7204 -0.6682 0.1858
vn 0.2613 -0.9574 0.1230
vn 0.1227 -0.9883 0.0905
vn 0.1224 -0.9741 0.1899
vn -0.1502 -0.9809 0.1235
vn -0.2371 -0.9715 0.0028
vn -0.2778 -0.8868 0.3694
vn -0.3400 -0.9379 0.0692
vn -0.0224 -0.9943 0.1039
vn -0.0139 -0.9822 0.1873
vn -0.1989 -0.9008 -0.3861
vn -0.3297 -0.9292 -0.1669
vn -0.4004 -0.9163 -0.0020
vn -0.4850 -0.8709 -0.0795
vn -0.4947 -0.8638 0.0956
vn -0.4410 -0.8732 0.2075
vn -0.6223 -0.7774 -0.0916
vn -0.5882 -0.8031 0.0953
vn -0.7406 -0.6711 0.0343
vn -0.6764 -0.7155 0.1746
vn -0.6899 -0.7079 -0.1510
vn -0.7763 -0.6133 -0.1458
vn -0.8377 -0.5270 -0.1431
vn -0.8132 -0.5815 0.0220
vn -0.8326 -0.3743 -0.4082
vn -0.8675 -0.4974 0.0075
vn -0.9126 -0.3774 -0.1575
vn -0.9427 -0.2930 -0.1598
vn -0.9207 -0.3877 0.0447
vn -0.9062 -0.4228 -0.0049
vn -0.9580 -0.0894 -0.2726
vn -0.9681 0.0280 -0.2491
vn -0.9897 -0.1433 0.0063
vn -0.9963 0.0746 0.0431
vn -0.9703 0.2346 -0.0584
vn -0.9889 0.1230 0.0833
vn -0.9740 0.2066 0.0931
vn -0.9395 0.3423 -0.0131
vn -0.9450 0.2337 0.2288
vn -0.7660 0.0661 -0.6394
vn -0.9763 0.0848 -0.1989
vn -0.7629 0.1277 -0.6338
vn -0.9945 0.0176 -0.1034
vn -0.9531 0.0264 -0.3016
vn -0.4169 0.0237 -0.9086
vn -0.5735 0.0269 -0.8188
vn -0.2413 0.0915 -0.9661
vn -0.9985 0.0511 -0.0170
vn -0.9283 0.0283 -0.3708
vn -0.9662 0.0914 -0.2412
vn -0.6355 0.0705 -0.7689
vn -0.8761 0.1554 -0.4565
vn -0.5530 0.1234 -0.8240
vn -0.8548 0.1870 -0.4841
vn -0.9153 0.0087 -0.4027
vn -0.9923 0.0574 -0.1097
vn -0.8915 0.0565 -0.4495
vn -0.9456 -0.1290 -0.2987
vn -0.9757 -0.0590 -0.2111
vn -0.8865 -0.0876 -0.4544
vn -0.7020 -0.0252 -0.7117
vn -0.8224 0.1042 -0.5592
vn -0.4124 0.0482 -0.9097
vn -0.6290 -0.1030 -0.7706
vn -0.2408 -0.0031 -0.9706
vn -0.9590 0.1355 -0.2488
vn -0.8727 0.1321 -0.4700
vn -0.2913 -0.5933 -0.7504
vn -0.6519 -0.5711 -0.4988
vn -0.3339 -0.4671 -0.8187
vn -0.8710 -0.2385 -0.4295
vn -0.9198 -0.1906 -0.3430
vn -0.5547 -0.4316 -0.7114
vn -0.0426 -0.1983 -0.9792
vn -0.4418 -0.1552 -0.8836
vn -0.1037 -0.0769 -0.9916
vn -0.2322 -0.1808 -0.9557
vn -0.2183 -0.7719 -0.5970
vn -0.3133 -0.7018 -0.6398
vn -0.1490 -0.6885 -0.7098
vn 0.2808 -0.1612 -0.9461
vn 0.2083 -0.8732 -0.4406
vn 0.2511 -0.8542 -0.4552
vn 0.6531 -0.5258 -0.5450
vn -0.0169 -0.8866 -0.4622
vn 0.0237 -0.8773 -0.4793
vn 0.1037 -0.8739 -0.4749
vn 0.4261 -0.2475 -0.8701
vn -0.0299 -0.7221 -0.6911
vn 0.2035 -0.4975 -0.8433
vn 0.8961 -0.3247 0.3026
vn 0.9774 -0.0373 0.2079
vn 0.9197 0.0079 0.3925
vn 0.9600 -0.2747 0.0536
vn 0.9991 -0.0318 -0.0283
vn 0.9836 0.1509 0.0985
vn 0.9371 0.2111 0.2781
vn 0.7601 0.1429 0.6339
vn 0.7979 0.3484 0.4918
vn 0.6724 0.2350 0.7019
vn 0.9287 -0.3283 -0.1722
vn 0.9624 -0.0066 -0.2716
vn 0.6798 0.6794 0.2762
vn 0.5977 0.6560 0.4609
vn 0.6763 -0.6598 -0.3277
vn 0.7963 -0.4591 -0.3939
vn 0.1486 0.0993 0.9839
vn 0.2006 0.2171 0.9553
vn 0.0448 0.0893 0.9950
vn 0.3977 0.1762 0.9004
vn 0.4646 0.3616 0.8083
vn 0.3175 0.2509 0.9145
vn 0.3861 0.4460 0.8075
vn -0.1791 0.1534 0.9718
vn -0.0951 0.2593 0.9611
vn -0.1733 0.3258 0.9294
vn 0.5412 0.2094 0.8144
vn -0.3286 0.1779 0.9276
vn -0.2363 0.3493 0.9067
vn -0.3362 0.3342 0.8805
vn -0.5726 0.3985 0.7165
vn -0.3576 0.5765 0.7347
vn -0.5110 0.5676 0.6455
vn -0.7301 0.1929 0.6555
vn -0.0002 0.7015 0.7127
vn -0.0330 0.7403 0.6715
vn -0.0216 0.7272 0.6861
vn -0.7787 0.6113 0.1416
vn -0.8615 0.4837 0.1544
vn -0.6785 0.6364 0.3668
vn -0.6752 0.7104 0.1988
vn -0.6798 0.6710 0.2960
vn -0.4789 0.8777 0.0178
vn -0.3979 0.8978 0.1888
vn -0.4125 0.9064 -0.0905
vn 0.3038 0.2868 0.9086
vn 0.4039 0.0379 0.9140
vn 0.1592 0.4727 0.8667
vn 0.0850 0.5833 0.8078
vn 0.1018 0.5747 0.8120
vn 0.5318 0.1515 0.8332
vn 0.7114 0.0963 0.6962
vn 0.4292 0.5080 0.7468
vn 0.5064 0.3777 0.7752
vn 0.2110 0.9774 0.0086
vn 0.2281 0.9652 0.1278
vn 0.2767 0.8771 0.3927
vn 0.1230 0.9924 0.0019
vn 0.0782 0.9908 0.1107
vn -0.0844 0.9954 0.0460
vn 0.0938 0.7553 0.6486
vn 0.1858 0.7187 0.6701
vn 0.1169 0.4981 0.8592
vn -0.1194 0.9415 0.3152
vn 0.5141 0.8576 0.0126
vn 0.4929 0.8599 0.1323
vn 0.5843 0.7932 0.1717
vn 0.4399 0.8968 0.0474
vn 0.3565 0.8050 0.4742
vn 0.5052 0.6566 0.5601
vn 0.3552 0.9213 0.1580
vn 0.1559 0.5127 0.8443
vn 0.7733 0.6315 0.0564
vn 0.7359 0.5578 0.3838
vn 0.8380 0.5121 0.1884
vn 0.6680 0.6415 0.3772
vn 0.4693 0.4179 0.7779
vn 0.4946 0.3028 0.8146
vn 0.7268 0.3924 0.5637
vn 0.1884 0.1398 0.9721
vn 0.2457 0.3304 0.9113
vn 0.8716 0.3022 0.3861
vn 0.5547 0.1007 0.8260
vn 0.8065 0.1422 0.5738
vn 0.8980 0.2207 0.3807
vn 0.8276 0.0344 0.5603
vn 0.9224 0.1097 0.3704
vn 0.6015 -0.2228 0.7671
vn 0.7683 0.3080 0.5612
vn 0.4764 0.1465 0.8669
vn 0.8788 0.4383 0.1886
vn 0.9986 -0.0094 0.0513
vn 0.8352 -0.2279 0.5006
vn 0.9915 -0.1002 0.0824
vn 0.9673 -0.2466 0.0594
vn 0.9562 -0.2536 0.1459
vn 0.9310 -0.3450 0.1193
vn 0.8778 -0.4003 0.2630
vn 0.8470 -0.4712 0.2462
vn 0.5002 -0.4944 0.7109
vn 0.3263 -0.4914 0.8075
vn 0.1799 -0.5200 0.8350
vn -0.1668 -0.4038 0.8995
vn 0.1560 -0.4536 0.8774
vn 0.9382 -0.0236 0.3452
vn -0.8505 0.3760 0.3679
vn -0.8022 0.4729 0.3646
vn -0.7140 0.3606 0.6002
vn -0.8237 0.1857 0.5357
vn -0.9992 -0.0304 0.0253
vn -0.9940 -0.0025 0.1091
vn -0.9840 0.0694 0.1641
vn -0.8902 0.0280 0.4548
vn -0.6111 -0.0843 0.7870
vn -0.7179 -0.2273 0.6580
vn -0.5703 -0.2580 0.7799
vn -0.9244 -0.2188 0.3125
vn -0.9703 -0.2419 -0.0031
vn -0.8983 -0.2893 0.3308
vn -0.9497 -0.3131 -0.0035
vn -0.9248 -0.3296 0.1898
vn -0.8302 -0.4047 0.3835
vn -0.8573 -0.4268 0.2879
vn -0.4498 -0.3630 0.8160
vn -0.3021 -0.2983 0.9054
vn -0.5510 -0.3817 0.7421
vn -0.8060 -0.3104 0.5040
vn -0.8448 -0.5270 0.0929
vn -0.7695 -0.6309 0.0985
vn -0.5816 -0.5236 0.6226
vn -0.7670 -0.5291 0.3630
vn -0.5919 -0.5394 0.5989
vn -0.5280 -0.8162 0.2344
vn -0.6151 -0.7626 0.1999
vn -0.5416 -0.7874 0.2944
vn -0.2719 -0.4569 0.8470
vn -0.1677 -0.2344 0.9576
vn -0.2549 -0.4907 0.8332
vn -0.3602 -0.9094 0.2079
vn -0.3922 -0.8437 0.3665
vn -0.0999 -0.4397 0.8926
vn -0.0800 -0.0917 0.9926
vn -0.3081 -0.4317 0.8478
vn -0.1191 -0.1617 0.9796
vn -0.1117 -0.9755 0.1896
vn -0.2465 -0.9342 0.2579
vn -0.0959 -0.6787 0.7281
vn -0.0145 -0.4908 0.8712
vn 0.0602 -0.6444 0.7624
vn 0.0830 -0.4211 0.9032
vn 0.2313 -0.4294 0.8730
vn 0.3217 -0.4777 0.8175
vn 0.2048 -0.6600 0.7229
vn 0.0560 -0.2320 0.9711
vn 0.7957 -0.5324 0.2886
vn 0.9874 -0.1563 -0.0247
vn 0.9586 -0.0984 0.2673
vn 0.5379 -0.2465 0.8062
vn 0.4697 -0.4064 0.7837
vn 0.4308 -0.1986 0.8803
vn 0.6578 0.3151 -0.6841
vn 0.7666 0.2937 -0.5711
vn 0.9208 0.0042 -0.3900
vn 0.9504 0.2898 0.1132
vn 0.8709 0.3533 -0.3416
vn 0.4317 0.2358 -0.8707
vn 0.5260 0.5162 -0.6759
vn 0.6215 0.7791 -0.0815
vn 0.3905 0.2912 -0.8733
vn 0.6176 0.7456 -0.2503
vn 0.8270 0.3559 0.4353
vn -0.1762 0.1840 -0.9670
vn 0.0340 0.4578 -0.8884
vn -0.2995 0.0587 -0.9523
vn 0.2233 0.2493 -0.9423
vn 0.2372 0.4943 -0.8363
vn 0.0644 0.3463 -0.9359
vn 0.1196 0.5748 -0.8095
vn 0.2843 0.2509 -0.9253
vn -0.7069 0.2782 -0.6503
vn -0.7812 0.4981 -0.3763
vn -0.7518 0.6357 -0.1751
vn -0.6838 0.4743 -0.5545
vn 0.0342 0.8411 -0.5397
vn 0.1453 0.8952 -0.4214
vn 0.1054 0.9040 -0.4143
vn 0.0264 0.8176 -0.5751
vn 0.0170 0.8098 -0.5864
vn -0.3942 0.2107 -0.8945
vn -0.2726 0.4552 -0.8476
vn 0.3436 0.8595 0.3785
vn 0.2419 0.9155 0.3214
vn 0.1837 0.9721 0.1460
vn 0.7672 0.6343 0.0949
vn 0.5452 0.7742 0.3214
vn 0.8355 0.4373 0.3327
vn 0.8363 0.5342 0.1235
vn 0.6372 0.0784 -0.7667
vn 0.8442 0.1566 -0.5126
vn 0.4808 0.0597 -0.8748
vn 0.9865 0.1273 -0.1030
vn 0.9556 0.2946 0.0063
vn 0.7404 0.5280 -0.4158
vn 0.9971 0.0635 -0.0429
vn 0.9800 0.0914 -0.1770
vn 0.9845 0.0062 -0.1751
vn 0.9056 0.0664 -0.4189
vn 0.9396 -0.0131 -0.3419
vn 0.8827 -0.0847 -0.4622
vn 0.7052 -0.0114 -0.7089
vn 0.6883 -0.0162 -0.7252
vn 0.9858 -0.0086 -0.1676
vn 0.8676 -0.0134 -0.4972
vn 0.7740 -0.6110 -0.1663
vn 0.8153 -0.5425 -0.2023
vn 0.7594 -0.5550 -0.3396
vn 0.6453 -0.2955 -0.7045
vn 0.8426 -0.4179 -0.3398
vn 0.7326 -0.1890 -0.6539
vn 0.8929 -0.3627 -0.2668
vn 0.8265 -0.2289 -0.5143
vn 0.5735 -0.4786 -0.6649
vn 0.9876 -0.0939 -0.1255
vn 0.9066 0.0762 -0.4151
vn 0.9829 0.0687 -0.1707
vn 0.9685 -0.1686 -0.1831
vn 0.7823 0.0914 -0.6161
vn 0.9013 -0.2185 -0.3740
vn 0.4991 0.1649 -0.8507
vn 0.6050 0.3095 -0.7336
vn 0.8137 0.2575 -0.5211
vn 0.9335 -0.3577 -0.0271
vn 0.9225 -0.1756 -0.3438
vn 0.4184 0.3994 -0.8158
vn 0.9613 0.2600 -0.0908
vn 0.8678 0.2970 -0.3985
vn 0.9222 0.3415 -0.1812
vn 0.9072 0.4117 -0.0865
vn 0.8064 0.4042 -0.4316
vn 0.8544 0.4815 -0.1951
vn 0.5697 0.3515 -0.7429
vn 0.6769 0.3418 -0.6519
vn 0.9718 0.1708 -0.1625
vn 0.7968 0.5539 -0.2415
vn 0.5986 0.4056 -0.6908
vn 0.4571 0.4040 -0.7924
vn 0.7504 0.6145 -0.2436
vn 0.6044 0.5883 -0.5373
vn 0.4006 0.5060 -0.7639
vn 0.2923 0.3712 -0.8813
vn 0.5038 0.8450 -0.1792
vn 0.6042 0.7875 -0.1212
vn 0.4859 0.6932 -0.5323
vn 0.4341 0.8468 -0.3074
vn 0.3259 0.7779 -0.5372
vn 0.3883 0.9120 -0.1322
vn 0.3070 0.5233 -0.7949
vn 0.2328 0.3000 -0.9251
vn 0.1684 0.5078 -0.8448
vn 0.1636 0.2758 -0.9472
vn 0.6958 0.7138 -0.0800
vn 0.0472 0.9154 -0.3997
vn 0.1748 0.9142 -0.3656
vn 0.0900 0.8154 -0.5719
vn -0.1823 0.9272 -0.3272
vn -0.2184 0.8141 -0.5381
vn -0.3868 0.7053 -0.5940
vn -0.0576 0.9087 -0.4135
vn -0.1028 0.7487 -0.6549
vn -0.2843 0.9466 -0.1521
vn -0.4776 0.8241 -0.3044
vn 0.2359 0.8907 -0.3887
vn -0.8542 0.4917 -0.1692
vn -0.8370 0.1205 -0.5338
vn -0.9155 0.3664 -0.1662
vn -0.8705 0.0093 -0.4921
vn -0.9562 0.0628 -0.2858
vn -0.9232 0.3826 0.0369
vn -0.9813 0.1847 0.0535
vn -0.8445 0.1986 0.4974
vn -0.9529 -0.2499 0.1718
vn -0.8541 -0.0893 0.5124
vn -0.5865 0.0339 0.8092
vn -0.6439 -0.1087 0.7574
vn -0.5573 -0.1711 0.8125
vn -0.7522 -0.1010 0.6512
vn -0.7968 -0.2719 0.5395
vn -0.5921 -0.3388 0.7312
vn -0.4464 -0.1574 0.8809
vn -0.9842 0.0493 0.1702
vn -0.8792 -0.4037 -0.2530
vn -0.8797 -0.3170 0.3545
vn -0.6580 0.1190 0.7435
vn -0.4727 0.0596 0.8792
vn -0.4182 -0.0529 0.9068
vn -0.1749 -0.0634 0.9825
vn -0.2805 -0.4644 0.8400
vn -0.1403 -0.2128 0.9670
vn -0.2853 -0.7359 0.6141
vn -0.1438 -0.4516 0.8805
vn -0.2954 -0.2181 0.9302
vn -0.3690 -0.7805 0.5047
vn 0.0137 -0.2433 0.9698
vn -0.2329 -0.8068 0.5430
vn -0.0010 -0.4728 0.8811
vn 0.0135 0.0036 0.9999
vn 0.2731 -0.0965 0.9571
vn 0.2129 -0.1891 0.9586
vn 0.3763 -0.1379 0.9162
vn -0.2645 -0.9066 0.3287
vn -0.3250 -0.0256 0.9454
vn -0.3748 -0.1606 0.9131
vn 0.6434 -0.1351 0.7535
vn 0.5963 -0.2082 0.7753
vn 0.7151 -0.2486 0.6533
vn 0.8189 -0.2867 0.4972
vn 0.7614 -0.3673 0.5341
vn 0.8402 -0.4260 0.3357
vn 0.1821 -0.5865 0.7892
vn 0.1670 -0.5928 0.7878
vn 0.1933 -0.5972 0.7785
vn -0.0773 -0.9620 0.2620
vn 0.2958 -0.8800 0.3715
vn 0.2640 -0.8939 0.3624
vn 0.7634 -0.1618 0.6254
vn 0.8255 -0.5534 0.1103
vn 0.7632 -0.6360 0.1136
vn 0.6960 -0.7118 -0.0945
vn -0.0414 -0.7355 0.6762
vn -0.0545 -0.7438 0.6662
vn -0.1732 -0.9047 -0.3892
vn -0.0697 -0.9024 -0.4253
vn -0.0844 -0.9681 -0.2358
vn 0.2537 -0.9039 -0.3445
vn 0.0851 -0.9577 -0.2750
vn -0.2739 -0.9140 -0.2993
vn -0.3123 -0.8973 -0.3120
vn -0.3982 -0.8643 -0.3074
vn 0.0532 -0.8917 -0.4495
vn -0.3126 -0.8629 -0.3970
vn -0.4590 -0.8192 -0.3437
vn 0.4921 -0.8277 -0.2696
vn 0.4338 -0.8683 -0.2404
vn -0.4905 -0.7557 -0.4340
vn -0.7251 -0.6874 0.0424
vn -0.7219 -0.6498 -0.2378
vn -0.9404 -0.2578 -0.2216
vn -0.9726 -0.2145 -0.0901
vn -0.8879 -0.0967 0.4498
vn -0.7999 -0.5082 -0.3192
vn -0.8643 -0.4715 -0.1751
vn -0.9231 -0.3782 -0.0703
vn -0.9027 -0.3748 -0.2113
vn -0.8247 -0.5617 0.0667
vn -0.7442 -0.1114 0.6585
vn -0.6210 -0.1097 0.7761
vn -0.5502 -0.0808 0.8311
vn -0.8124 -0.2963 0.5022
vn -0.7088 -0.1928 0.6786
vn -0.3961 -0.8206 -0.4119
vn -0.9896 0.0328 0.1398
vn -0.9984 -0.0315 0.0460
vn -0.9484 -0.0359 0.3151
vn -0.8573 -0.0158 0.5146
vn -0.8135 0.0117 0.5814
vn -0.5389 -0.0691 0.8395
vn -0.9784 0.1065 0.1773
vn -0.9420 0.1168 0.3147
vn -0.9425 0.1211 0.3115
vn -0.6951 0.0243 0.7185
vn -0.9172 0.0517 0.3950
vn -0.4868 -0.0140 0.8734
vn -0.2873 -0.0455 0.9568
vn -0.3551 -0.0543 0.9333
vn -0.9928 0.0519 0.1084
vn 0.9413 0.0553 0.3331
vn 0.9627 0.1946 0.1881
vn 0.7408 0.1206 0.6608
vn 0.8271 -0.0075 0.5620
vn 0.6257 -0.0988 0.7738
vn 0.8813 -0.0682 0.4676
vn 0.4867 -0.0344 0.8729
vn 0.9913 -0.0502 0.1214
vn 0.9143 -0.1538 0.3748
vn 0.9862 -0.1397 0.0887
vn 0.8249 -0.1868 0.5336
vn 0.9151 -0.0950 0.3918
vn 0.6077 -0.1514 0.7796
vn 0.9319 -0.0158 0.3623
vn 0.4390 -0.1569 0.8847
vn 0.6718 -0.0681 0.7376
vn 0.7817 0.0646 0.6203
vn 0.2873 0.0017 0.9578
vn 0.4633 0.5844 0.6662
vn 0.3454 0.0989 0.9332
vn 0.7550 0.1996 0.6246
vn 0.5547 0.3324 0.7628
vn -0.2237 0.2864 0.9316
vn -0.0446 0.5061 0.8613
vn -0.0342 0.0803 0.9962
vn 0.5674 0.4261 0.7046
vn -0.0907 0.5973 0.7969
vn -0.0023 0.7716 0.6361
vn -0.2181 0.6819 0.6981
vn -0.1856 0.7761 0.6026
vn -0.3428 0.6157 0.7095
vn -0.9081 0.0058 -0.4186
vn -0.9802 0.1973 0.0141
vn -0.8854 0.4297 0.1770
vn -0.7178 -0.0388 -0.6952
vn -0.8480 -0.2184 -0.4828
vn -0.9676 0.1154 -0.2247
vn -0.9884 -0.1399 0.0593
vn -0.6030 0.7308 0.3199
vn -0.3580 -0.1529 -0.9211
vn -0.2826 -0.5859 -0.7595
vn 0.1466 -0.2651 -0.9530
vn 0.1139 -0.4285 -0.8963
vn -0.4826 -0.8241 -0.2967
vn -0.5501 -0.6412 -0.5350
vn -0.5710 -0.6631 -0.4840
vn 0.4461 -0.3506 -0.8235
vn 0.3760 -0.2619 -0.8888
vn 0.2762 -0.5217 -0.8072
vn 0.7089 -0.3555 -0.6092
vn 0.5741 -0.4223 -0.7015
vn 0.3708 -0.5719 -0.7318
vn 0.2724 -0.3750 -0.8861
vn 0.1647 -0.6016 -0.7816
vn -0.0098 -0.7851 -0.6193
vn -0.0110 -0.7830 -0.6219
vn 0.0007 -0.8017 -0.5977
vn 0.0126 -0.7046 -0.7095
vn 0.3275 -0.7801 -0.5331
vn 0.3348 -0.7853 -0.5207
vn 0.3422 -0.8104 -0.4756
vn 0.0089 -0.7091 -0.7051
vn 0.0194 -0.7032 -0.7108
vn 0.7914 -0.5994 -0.1201
vn 0.6142 -0.7778 0.1335
vn 0.5166 -0.8420 -0.1555
vn 0.3894 -0.9127 0.1240
vn 0.5372 -0.8315 0.1413
vn 0.3709 -0.9175 -0.1436
vn -0.3204 -0.2958 -0.8999
vn -0.2069 -0.5010 -0.8404
vn -0.4198 -0.2654 -0.8679
vn 0.7990 -0.4847 -0.3558
vn -0.1638 -0.9845 -0.0629
vn -0.0681 -0.8521 -0.5189
vn -0.0901 -0.8493 -0.5201
vn -0.2146 -0.3328 -0.9182
vn 0.0432 -0.9988 0.0225
vn 0.2404 -0.9703 0.0275
vn 0.2654 -0.9072 -0.3265
vn -0.3731 -0.8711 -0.3193
vn -0.4658 -0.7610 -0.4515
vn -0.2465 -0.7405 -0.6253
vn -0.1771 -0.4009 -0.8988
vn -0.5330 -0.6925 -0.4861
vn 0.0064 -0.0973 -0.9952
vn -0.8300 -0.5022 -0.2428
vn -0.6444 -0.3489 -0.6804
vn -0.5783 -0.3542 -0.7350
vn -0.5046 -0.3701 -0.7800
vn -0.4818 -0.1478 -0.8637
vn -0.4944 -0.5202 -0.6964
vn -0.2652 -0.4110 -0.8722
vn -0.9681 -0.2012 -0.1495
vn -0.8792 -0.0822 -0.4692
vn -0.8511 -0.1932 -0.4881
vn -0.8121 -0.2811 -0.5113
vn -0.4306 -0.0562 -0.9008
vn -0.5347 -0.0064 -0.8450
vn -0.8570 0.0892 -0.5075
vn -0.5445 0.1095 -0.8316
vn -0.8670 0.4224 -0.2645
vn -0.9265 0.3179 -0.2013
vn -0.9844 0.1531 -0.0862
vn -0.9915 0.0475 -0.1209
vn -0.9641 0.1714 -0.2028
vn -0.9662 0.0698 -0.2482
vn -0.0833 0.0087 -0.9965
vn -0.1239 -0.0305 -0.9918
vn 0.0342 0.0025 -0.9994
vn 0.0293 0.1439 -0.9892
vn 0.2167 -0.0422 -0.9753
vn 0.2781 0.0525 -0.9591
vn 0.2315 -0.1221 -0.9651
vn 0.1928 0.2241 -0.9553
vn 0.1695 0.4495 -0.8770
vn -0.0531 0.5001 -0.8644
vn -0.0710 0.4037 -0.9121
vn 0.1744 0.2664 -0.9480
vn 0.1436 0.3765 -0.9152
vn 0.3341 0.3526 -0.8741
vn -0.3451 0.3137 -0.8846
vn -0.0790 0.2546 -0.9638
vn -0.0611 0.3320 -0.9413
vn 0.1662 0.3407 -0.9254
vn -0.0567 0.2046 -0.9772
vn -0.0792 0.0932 -0.9925
vn -0.1336 0.0454 -0.9900
vn -0.0391 -0.0102 -0.9992
vn -0.0956 -0.1035 -0.9900
vn 0.0366 -0.0183 -0.9992
vn -0.1083 -0.4190 -0.9015
vn -0.0095 0.0364 -0.9993
vn -0.1051 -0.0982 -0.9896
vn -0.0458 0.1651 -0.9852
vn -0.1513 -0.2957 -0.9432
vn -0.2072 -0.0548 -0.9768
vn -0.1471 0.1176 -0.9821
vn -0.3688 0.1696 -0.9139
vn -0.2779 0.1825 -0.9431
vn -0.5313 0.4810 -0.6974
vn -0.4019 -0.0616 -0.9136
vn -0.5567 0.1759 -0.8119
vn -0.4683 -0.0729 -0.8805
vn -0.5792 -0.0018 -0.8152
vn -0.6942 -0.1425 -0.7055
vn -0.7600 -0.1696 -0.6274
vn -0.8177 -0.2271 -0.5290
vn -0.8872 -0.2938 -0.3557
vn -0.6123 -0.6103 -0.5026
vn -0.7489 -0.6232 -0.2254
vn -0.5752 -0.7845 -0.2315
vn -0.4957 -0.8281 -0.2620
vn -0.4895 -0.8655 -0.1065
vn -0.5703 -0.8080 0.1481
vn -0.5077 -0.8537 0.1156
vn -0.1890 -0.8668 -0.4614
vn -0.1157 -0.7231 -0.6809
vn -0.1131 -0.7171 -0.6877
vn -0.3916 -0.8946 0.2153
vn -0.3203 -0.9454 0.0594
vn -0.3329 -0.9140 -0.2321
vn -0.3403 -0.9372 0.0766
vn -0.3661 -0.6889 -0.6256
vn -0.3689 -0.9065 0.2055
vn -0.5936 -0.7423 -0.3108
vn -0.7070 -0.6837 -0.1807
vn -0.6301 -0.7520 -0.1933
vn -0.7202 -0.6773 -0.1505
vn -0.8379 -0.5454 -0.0194
vn -0.5512 -0.8245 0.1280
vn -0.6624 -0.7322 0.1587
vn -0.6112 -0.7748 0.1617
vn -0.3589 -0.8993 0.2498
vn -0.1188 -0.9608 0.2506
vn -0.5890 -0.7704 0.2439
vn -0.3625 -0.9172 0.1652
vn -0.3356 -0.9312 0.1423
vn -0.9108 -0.1629 0.3792
vn -0.8418 -0.0215 0.5394
vn -0.8901 -0.1273 0.4376
vn -0.7529 -0.1119 0.6485
vn -0.6492 0.1256 0.7502
vn -0.6864 0.1027 0.7200
vn -0.3328 -0.9430 -0.0004
vn -0.5649 -0.7755 0.2818
vn -0.5574 -0.7889 0.2586
vn -0.4312 0.4128 0.8023
vn -0.5484 -0.8037 0.2310
vn -0.5534 -0.7918 0.2587
vn -0.6120 -0.1027 0.7841
vn -0.6009 -0.0958 0.7936
vn -0.6441 -0.1231 0.7550
vn -0.8044 -0.2243 0.5501
vn -0.4100 0.1732 0.8955
vn -0.1992 0.5068 0.8387
vn -0.4558 0.0794 0.8866
vn -0.2531 0.1572 0.9546
vn -0.3596 0.0301 0.9326
vn -0.4428 0.0405 0.8957
vn -0.1384 -0.0495 0.9891
vn -0.7115 -0.4534 0.5368
vn -0.6935 -0.5437 0.4728
vn -0.7475 -0.4757 0.4636
vn 0.2495 -0.0703 0.9658
vn 0.0064 -0.0922 0.9957
vn 0.1623 -0.1086 0.9807
vn 0.1657 -0.0684 0.9838
vn 0.0247 -0.0159 0.9996
vn -0.9992 0.0088 0.0402
vn -0.9915 0.1303 -0.0003
vn -0.9922 0.1239 -0.0158
vn -0.9977 -0.0161 -0.0662
vn -0.9771 -0.2037 0.0618
vn -0.8449 -0.3303 -0.4206
vn -0.7783 -0.4332 -0.4546
vn -0.1570 -0.8670 -0.4730
vn -0.0624 -0.8735 -0.4828
vn 0.5430 -0.0854 0.8354
vn 0.8538 0.1005 0.5109
vn 0.1938 -0.0523 0.9796
vn 0.4284 -0.0579 0.9017
vn -0.0591 0.0133 0.9982
vn -0.0237 0.0980 0.9949
vn -0.1025 0.1368 0.9853
vn -0.8887 0.2776 0.3650
vn -0.8370 0.3592 0.4128
vn -0.8659 0.4193 0.2728
vn -0.4559 0.4044 0.7929
vn -0.6832 0.7270 0.0682
vn -0.7525 0.6061 -0.2576
vn -0.6383 0.7682 0.0503
vn -0.6682 0.7017 -0.2471
vn -0.5920 0.8053 -0.0330
vn 0.0054 0.9998 -0.0187
vn 0.3154 0.9409 -0.1235
vn 0.6980 0.7146 0.0463
vn 0.8827 0.4690 0.0312
vn 0.9205 0.3800 0.0913
vn 0.9880 0.1355 0.0738
vn 0.9970 0.0497 0.0601
vn 0.9983 -0.0561 -0.0131
vn 0.9836 -0.1687 0.0646
vn 0.0174 0.1909 -0.9815
vn 0.3397 0.1482 -0.9288
vn 0.2888 0.0368 -0.9567
vn -0.0970 0.0144 -0.9952
vn 0.2211 0.0193 -0.9751
vn -0.0088 0.0191 -0.9998
vn -0.0727 0.1118 -0.9911
vn -0.1185 0.0692 -0.9905
vn 0.2071 0.0627 -0.9763
vn -0.0640 0.1035 -0.9926
vn -0.2396 0.1338 -0.9616
vn 0.2205 0.0605 -0.9735
vn -0.2170 0.0931 -0.9717
vn 0.1506 0.0463 -0.9875
vn 0.6087 0.1308 -0.7825
vn 0.4577 -0.0360 -0.8884
vn 0.4847 -0.0186 -0.8745
vn 0.4868 -0.0166 -0.8733
vn 0.6642 0.5833 -0.4676
vn 0.6179 0.6943 -0.3689
vn 0.6291 0.7065 -0.3242
vn 0.4449 -0.2356 -0.8640
vn 0.6380 0.5483 -0.5406
vn 0.6405 0.0979 -0.7617
vn 0.6821 -0.0061 -0.7313
vn 0.6361 -0.0816 -0.7673
vn 0.7050 -0.0086 -0.7091
vn 0.7493 0.0405 -0.6610
vn 0.7833 -0.1006 -0.6135
vn 0.7013 0.6280 -0.3374
vn 0.6371 0.6239 -0.4527
vn 0.6023 0.0735 -0.7949
vn 0.4861 -0.3644 -0.7943
vn 0.3505 0.9188 -0.1815
vn 0.3204 0.9395 -0.1212
vn 0.5205 0.8073 -0.2782
vn 0.6332 0.7100 -0.3081
vn 0.7521 0.6240 -0.2119
vn 0.7458 0.6380 -0.1918
vn 0.6478 0.7400 -0.1810
vn 0.6970 0.7142 -0.0645
vn 0.7127 0.6967 -0.0821
vn 0.6207 0.7809 -0.0700
vn 0.5579 0.7655 -0.3206
vn 0.3345 0.9002 -0.2787
vn 0.4775 0.8763 -0.0636
vn 0.4607 0.8839 0.0805
vn 0.2048 0.8981 0.3893
vn 0.2225 0.8505 0.4765
vn 0.2092 0.9133 0.3493
vn 0.3478 0.9350 -0.0700
vn 0.4550 0.8673 -0.2019
vn 0.3597 0.9128 0.1937
vn 0.2100 0.9149 0.3448
vn 0.5674 0.7858 0.2459
vn 0.4618 0.8488 0.2574
vn 0.7700 0.6226 0.1399
vn 0.7480 0.6410 0.1722
vn 0.2140 0.9029 0.3729
vn 0.7827 0.5224 0.3385
vn 0.5492 0.6057 0.5758
vn 0.7346 -0.1097 0.6696
vn 0.6487 0.0415 0.7599
vn 0.5299 0.2798 0.8006
vn 0.5720 -0.0609 0.8180
vn 0.7057 0.3663 0.6065
vn 0.8596 0.0123 0.5109
vn 0.8520 0.0187 0.5232
vn 0.2936 -0.2227 0.9296
vn 0.1567 0.0953 0.9830
vn 0.0274 0.0540 0.9982
vn -0.0581 -0.0203 0.9981
vn 0.1308 0.3378 0.9321
vn -0.0193 0.0183 0.9996
vn 0.1247 -0.0205 0.9920
vn 0.1605 -0.1183 0.9799
vn 0.0055 -0.1495 0.9887
vn 0.0912 -0.2494 0.9641
vn 0.0468 -0.3573 0.9328
vn -0.1573 -0.4336 0.8872
vn -0.4540 -0.3894 0.8014
vn -0.1483 -0.6403 -0.7537
vn -0.0960 -0.6589 -0.7461
vn -0.6184 -0.5059 -0.6014
vn -0.6416 -0.4810 -0.5976
vn -0.7455 0.0939 -0.6598
vn -0.9164 0.3107 -0.2525
vn -0.8596 -0.1208 0.4964
vn -0.9384 0.3234 -0.1220
vn -0.8435 -0.4057 0.3519
vn -0.7184 -0.5380 -0.4410
vn -0.2091 -0.0793 0.9747
vn 0.9976 -0.0638 -0.0285
vn 0.9856 -0.0603 -0.1581
vn -0.1086 0.6860 0.7195
vn 0.4972 0.7506 0.4352
vn 0.8113 0.5828 0.0476
vn 0.6203 -0.5672 0.5418
vn 0.9915 -0.1290 -0.0141
vn 0.9818 -0.1140 -0.1517
vn -0.4589 -0.0194 -0.8883
vn 0.1436 -0.0390 -0.9889
vn 0.6354 -0.7471 0.1951
vn 0.5380 -0.8171 0.2071
vn 0.4135 -0.8859 0.2101
vn 0.2608 -0.9412 0.2147
vn -0.9822 0.1311 -0.1343
vn -0.7835 -0.3583 -0.5076
vn 0.8722 0.2896 0.3943
vn -0.4048 0.3808 0.8313
vn -0.2496 0.5211 0.8162
vn -0.0658 0.7720 0.6322
vn -0.5716 0.7843 0.2411
vn -0.8042 0.4989 0.3230
vn -0.0009 0.7571 0.6532
vn -0.0009 0.7572 0.6532
vn 0.1471 0.7010 0.6979
vn 0.3045 0.5605 0.7702
vn 0.9480 0.3044 0.0928
vn 0.9743 0.2079 0.0870
vn 0.7017 -0.3770 0.6046
vn -0.7906 -0.2899 0.5393
vn -0.3391 -0.3835 0.8590
vn -0.0288 0.0063 0.9996
vn 0.3943 0.5280 -0.7522
vn 0.1402 0.7750 -0.6163
vn 0.1514 0.7765 -0.6116
vn 0.1847 0.7771 -0.6016
vn 0.3492 0.9103 -0.2224
vn 0.3457 0.9105 -0.2269
vn 0.3370 0.9108 -0.2386
vn 0.1824 0.9822 0.0445
vn 0.3978 0.0555 -0.9158
vn 0.6296 0.0712 -0.7737
vn 0.7061 0.6205 -0.3412
vn 0.4500 0.0461 -0.8918
vn 0.8936 -0.0797 -0.4417
vn 0.3014 0.0543 -0.9519
vn -0.7150 0.5742 -0.3988
vn -0.5862 0.7569 -0.2890
vn -0.6344 0.6463 -0.4241
vn -0.7748 0.5000 -0.3869
vn -0.8338 0.4246 -0.3529
vn -0.8090 0.5432 -0.2247
vn 0.4971 -0.1555 0.8537
vn 0.6070 -0.7901 -0.0858
vn 0.2888 -0.8702 0.3992
vn -0.0045 -0.9072 -0.4207
vn -0.9851 0.1267 0.1164
vn -0.5980 -0.0741 -0.7981
vn -0.4781 -0.1016 -0.8724
vn -0.0639 -0.5084 -0.8588
vn 0.0921 -0.2595 -0.9613
vn -0.0455 -0.3820 -0.9230
vn -0.1570 -0.6443 -0.7484
vn 0.7715 -0.4073 -0.4888
vn -0.0212 -0.7662 -0.6423
vn -0.1916 -0.8673 -0.4594
vn -0.1893 -0.8685 -0.4580
vn 0.0040 -0.6969 -0.7171
vn 0.0018 -0.6919 -0.7220
vn -0.0041 -0.6779 -0.7351
vn -0.0887 -0.6219 -0.7781
vn -0.6845 -0.6898 -0.2358
vn -0.7637 -0.5932 -0.2546
vn -0.4146 -0.3251 -0.8500
vn -0.7737 0.4724 -0.4222
vn -0.5621 0.4602 -0.6872
vn -0.6396 0.3744 -0.6713
vn -0.5751 0.4408 -0.6892
vn -0.8904 0.3603 -0.2781
vn -0.4686 0.4217 -0.7762
vn 0.1278 0.2090 -0.9695
vn -0.6087 -0.0595 -0.7911
vn -0.6140 -0.0716 -0.7860
vn -0.2353 -0.0780 -0.9688
vn -0.6535 -0.1083 -0.7491
vn -0.6489 -0.1061 -0.7535
vn -0.6322 -0.5413 -0.5544
vn -0.6438 -0.7648 0.0256
vn -0.3293 -0.9148 -0.2338
vn -0.3809 -0.9243 -0.0218
vn -0.2306 -0.9207 -0.3149
vn -0.4225 -0.8778 0.2256
vn -0.4109 -0.8845 0.2209
vn -0.3358 -0.8873 0.3162
vn -0.3948 -0.8871 0.2391
vn -0.6484 -0.7313 0.2116
vn -0.1482 -0.8754 0.4601
vn -0.6206 -0.7182 0.3146
vn -0.6659 -0.5036 0.5504
vn -0.6616 -0.5113 0.5485
vn -0.6128 0.1387 0.7780
vn -0.3379 -0.9289 0.1518
vn -0.6566 -0.1312 0.7428
vn 0.8378 0.5457 0.0206
vn 0.8559 -0.0589 -0.5138
vn 0.2960 0.9042 -0.3078
vn 0.2531 0.9145 -0.3156
vn 0.3072 0.9242 -0.2272
vn 0.3310 0.9401 0.0812
vn 0.5772 0.8140 -0.0654
vn 0.5898 0.8060 -0.0501
vn 0.7447 0.6259 -0.2316
vn 0.1017 0.9083 -0.4058
vn 0.4166 0.8979 0.1422
vn 0.3208 0.9315 0.1712
vn 0.3687 0.8901 0.2678
vn 0.3857 0.8963 0.2189
vn 0.2583 0.8564 0.4472
vn 0.2662 0.8527 0.4496
vn 0.3066 0.9350 -0.1780
vn 0.3369 0.9122 -0.2333
vn 0.6817 -0.1561 0.7148
vn 0.6154 -0.2071 0.7605
vn 0.7932 -0.0669 0.6053
vn 0.3141 -0.1930 0.9296
vn 0.3212 -0.1154 0.9399
vn 0.4101 0.9105 0.0536
vn 0.4088 0.9119 -0.0353
vn 0.4118 0.9108 0.0281
vn -0.4047 -0.9124 -0.0606
vn -0.4105 -0.9114 0.0292
vn -0.4099 -0.9116 -0.0325
vn -0.8159 0.5028 -0.2853
vn -0.9095 0.3404 -0.2384
vn -0.8657 0.3418 -0.3658
vn -0.8656 -0.3416 -0.3661
vn -0.9076 -0.3434 -0.2415
vn -0.8127 -0.5059 -0.2892
vn 0.3889 -0.9130 0.1235
vn 0.3986 -0.9116 0.1006
vn 0.3618 -0.9145 0.1812
vn 0.3471 -0.9151 0.2053
vn -0.2942 0.9100 -0.2921
vn -0.3686 0.9101 -0.1892
vn -0.3472 0.9088 -0.2316
vn -0.7185 0.5063 -0.4769
vn -0.8163 0.3409 -0.4662
vn -0.7441 0.3437 -0.5729
vn -0.7433 -0.3451 -0.5731
vn -0.8165 -0.3409 -0.4660
vn -0.7152 -0.5076 -0.4804
vn 0.2523 0.9172 0.3084
vn 0.3279 0.9135 0.2408
vn 0.2889 0.9147 0.2826
vn -0.2844 -0.9121 -0.2952
vn -0.3423 -0.9122 -0.2252
vn -0.3055 -0.9114 -0.2757
vn -0.1646 0.9090 -0.3830
vn -0.2412 0.9025 -0.3567
vn -0.4774 0.5091 -0.7162
vn -0.5728 0.3434 -0.7443
vn -0.4683 0.3437 -0.8140
vn -0.4639 -0.3414 -0.8175
vn -0.5730 -0.3435 -0.7441
vn -0.4687 -0.5058 -0.7243
vn 0.1606 0.9053 0.3934
vn 0.2111 0.9182 0.3352
vn 0.1599 0.9161 0.3677
vn 0.9410 0.3383 0.0032
vn 0.9324 0.3413 0.1192
vn 0.0921 0.9206 0.3794
vn -0.2364 -0.3415 -0.9097
vn -0.3641 -0.3408 -0.8668
vn -0.2692 -0.5029 -0.8214
vn -0.0074 0.9114 -0.4114
vn -0.0838 0.9032 -0.4209
vn -0.0417 0.9124 0.4073
vn 0.0634 0.9187 0.3897
vn 0.0072 0.9139 0.4059
vn 0.0402 0.9116 -0.4092
vn 0.0070 -0.3414 -0.9399
vn -0.1274 -0.3407 -0.9315
vn -0.0474 -0.5028 -0.8631
vn -0.1281 0.3414 0.9311
vn 0.0028 0.3383 0.9411
vn -0.0591 0.5195 0.8524
vn 0.2496 -0.3418 -0.9060
vn 0.1181 -0.3408 -0.9327
vn 0.1769 -0.5033 -0.8458
vn -0.3631 0.3383 0.8682
vn -0.2365 0.3405 0.9100
vn -0.2641 0.5194 0.8127
vn 0.4739 -0.3412 -0.8118
vn 0.3558 -0.3409 -0.8702
vn 0.3832 -0.5033 -0.7745
vn -0.2300 -0.9128 0.3374
vn -0.1500 -0.9139 0.3773
vn -0.1793 -0.9129 0.3667
vn -0.2588 0.9103 0.3230
vn -0.1967 0.9114 0.3615
vn -0.2252 0.9119 0.3433
vn -0.2520 -0.9125 0.3221
vn 0.2966 0.9097 -0.2906
vn 0.2219 0.9117 -0.3458
vn 0.2732 0.9114 -0.3076
vn -0.7503 0.3410 0.5663
vn -0.6631 0.3384 0.6676
vn -0.6501 0.5201 0.5540
vn 0.3282 -0.9125 -0.2441
vn 0.2672 -0.9120 -0.3113
vn 0.3097 -0.9115 -0.2708
vn -0.8714 0.3363 0.3573
vn -0.8110 0.3417 0.4749
vn -0.7687 0.5177 0.3756
vn 0.8706 -0.3420 -0.3538
vn 0.8125 -0.3435 -0.4710
vn 0.7781 -0.5065 -0.3714
vn -0.7666 -0.5141 0.3849
vn -0.8139 -0.3362 0.4738
vn -0.8706 -0.3383 0.3571
vn -0.3960 0.9126 0.1020
vn -0.3683 0.9121 0.1802
vn -0.3858 0.9139 0.1266
vn 0.3923 0.9108 -0.1286
vn 0.3696 0.9110 -0.1832
vn 0.3974 0.9119 -0.1023
vn -0.4043 -0.9131 0.0518
vn -0.3876 -0.9145 0.1159
vn -0.4217 -0.9050 0.0567
vn -0.4039 0.9144 -0.0268
vn -0.4048 0.9126 0.0575
vn -0.4048 0.9140 0.0290
vn 0.4146 -0.9099 0.0086
vn 0.4007 -0.9111 -0.0960
vn 0.4058 -0.9126 -0.0501
vn -0.9326 0.3383 -0.1256
vn -0.9411 0.3382 0.0028
vn -0.8549 0.5158 -0.0560
vn 0.4060 0.9108 0.0749
vn 0.4058 0.9128 0.0458
vn 0.3928 0.9101 0.1324
vn 0.9069 -0.3411 0.2475
vn 0.9313 -0.3435 0.1212
vn 0.8451 -0.5063 0.1719
vn 0.3697 0.9104 0.1859
vn -0.8108 0.3404 -0.4761
vn -0.8706 0.3383 -0.3571
vn -0.7616 0.5192 -0.3877
vn 0.8707 -0.3419 0.3536
vn 0.7786 -0.5063 0.3707
vn -0.7610 -0.5196 -0.3885
vn -0.8706 -0.3384 -0.3572
vn -0.8106 -0.3406 -0.4763
vn 0.3261 -0.9087 0.2604
vn 0.3738 -0.9128 0.1644
vn 0.3541 -0.9132 0.2016
vn -0.2631 -0.9161 -0.3026
vn -0.3551 -0.9129 -0.2015
vn -0.3043 -0.9160 -0.2615
vn 0.5696 -0.3452 0.7459
vn 0.5627 -0.5105 0.6502
vn -0.2104 0.9048 -0.3701
vn -0.2536 0.9148 -0.3143
vn -0.2030 0.9128 -0.3543
vn -0.1296 0.9164 -0.3787
vn -0.2408 0.3384 -0.9097
vn -0.3627 0.3381 -0.8684
vn -0.2763 0.5158 -0.8109
vn 0.2368 -0.3418 0.9095
vn 0.3609 -0.3434 0.8671
vn 0.2658 -0.5062 0.8205
vn -0.2744 -0.5158 -0.8116
vn -0.3627 -0.3384 -0.8683
vn -0.2409 -0.3381 -0.9098
vn -0.0466 0.9109 -0.4100
vn -0.0766 0.9139 -0.3987
vn 0.1685 0.5033 0.8475
vn 0.2475 0.3411 0.9069
vn 0.1182 0.3410 0.9326
vn -0.0015 -0.3436 0.9391
vn 0.1270 -0.3409 0.9315
vn 0.0591 -0.5063 0.8603
vn 0.1263 0.3362 -0.9333
vn -0.0032 0.3383 -0.9410
vn 0.0622 0.5141 -0.8555
vn 0.0803 -0.9131 -0.3998
vn -0.0350 -0.9151 -0.4017
vn 0.0232 -0.9134 -0.4063
vn 0.1097 -0.9127 -0.3936
vn 0.1666 0.9140 -0.3700
vn 0.0974 0.9124 -0.3975
vn 0.1321 0.9144 -0.3826
vn -0.3660 -0.3416 0.8657
vn -0.2414 -0.3435 0.9076
vn -0.2884 -0.5060 0.8129
vn -0.2299 -0.9124 0.3387
vn -0.1375 -0.9119 0.3866
vn -0.1838 -0.9113 0.3686
vn 0.5782 0.3409 -0.7412
vn 0.4678 0.3384 -0.8165
vn 0.4846 0.5200 -0.7034
vn -0.5771 -0.3418 0.7417
vn -0.4659 -0.3410 0.8165
vn -0.4853 -0.5036 0.7148
vn -0.2449 0.9126 0.3274
vn -0.2151 0.9142 0.3436
vn -0.3120 0.9081 0.2794
vn -0.3074 -0.9118 0.2723
vn -0.2723 -0.9099 0.3129
vn 0.5656 -0.5158 -0.6434
vn 0.5706 -0.3384 -0.7482
vn 0.6674 -0.3381 -0.6635
vn 0.7492 0.3362 -0.5706
vn 0.6604 0.3416 -0.6687
vn 0.6453 0.5176 -0.5618
vn 0.3027 0.9145 -0.2684
vn 0.2479 0.9122 -0.3264
vn 0.3355 0.9140 -0.2280
vn -0.3426 0.9089 0.2376
vn -0.3416 -0.9110 0.2309
vn 0.3596 0.9115 -0.1998
vn -0.3666 -0.9117 0.1857
vn -0.3878 0.9113 0.1386
vn -0.3671 0.9117 0.1847
vn -0.8683 -0.3434 0.3579
vn -0.8105 -0.3418 0.4756
vn -0.7681 -0.5062 0.3922
vn 0.3859 -0.9129 -0.1328
vn 0.3358 -0.9132 -0.2308
vn 0.3645 -0.9137 -0.1798
vn 0.9093 0.3412 -0.2380
vn 0.8683 0.3384 -0.3627
vn 0.8105 0.5194 -0.2706
vn -0.3925 -0.9142 0.1011
vn -0.3881 -0.9121 0.1319
vn -0.4090 0.9113 0.0486
vn -0.4005 0.9129 0.0792
vn 0.9313 0.3404 -0.1296
vn 0.8521 0.5192 -0.0668
vn -0.9386 -0.3451 -0.0022
vn -0.9309 -0.3435 0.1242
vn -0.8584 -0.5104 0.0506
vn 0.8494 0.5174 0.1044
vn -0.9308 0.3415 -0.1302
vn -0.9398 0.3415 0.0073
vn -0.8625 0.5028 -0.0575
vn -0.9322 -0.3398 -0.1246
vn -0.8549 -0.5056 -0.1161
vn 0.9333 -0.3362 0.1263
vn 0.9410 -0.3383 -0.0032
vn 0.8555 -0.5141 0.0622
vn 0.9073 0.3409 0.2463
vn 0.8254 0.5166 0.2278
vn 0.3924 0.9135 0.1077
vn 0.3925 0.9135 0.1073
vn -0.4009 0.9157 -0.0269
vn -0.3865 0.9129 -0.1316
vn -0.3984 0.9115 -0.1018
vn -0.4009 0.9157 -0.0265
vn -0.3888 -0.9124 -0.1279
vn -0.3854 -0.9128 -0.1353
vn 0.4073 -0.9129 0.0276
vn 0.4065 -0.9131 0.0323
vn 0.9071 -0.3427 0.2443
vn 0.8244 -0.5200 0.2236
vn 0.8706 0.3381 0.3575
vn 0.7688 0.5158 0.3780
vn 0.3568 0.9158 0.1844
vn 0.3594 0.9156 0.1805
vn 0.8705 -0.3383 0.3575
vn 0.7683 -0.5158 0.3789
vn 0.8135 0.3384 0.4729
vn -0.3593 -0.9112 -0.2016
vn 0.8136 -0.3383 0.4729
vn 0.7451 0.3437 0.5716
vn 0.7933 -0.0000 0.6088
vn 0.6769 0.5219 0.5191
vn -0.7934 0.0001 -0.6088
vn 0.3333 -0.9090 0.2502
vn 0.3106 -0.9115 0.2697
vn 0.7449 -0.3438 0.5718
vn 0.6766 -0.5220 0.5194
vn 0.6674 0.3383 0.6635
vn 0.5649 0.5158 0.6441
vn -0.6649 0.3393 -0.6654
vn -0.6100 0.5047 -0.6109
vn -0.2784 0.9183 -0.2813
vn -0.6637 -0.3399 -0.6664
vn -0.6076 -0.5056 -0.6125
vn 0.6674 -0.3384 0.6634
vn 0.5599 -0.5196 0.6453
vn 0.2676 -0.9127 0.3089
vn 0.5707 0.3383 0.7483
vn -0.6087 -0.0000 -0.7934
vn -0.2290 -0.9113 -0.3422
vn -0.2241 -0.9114 -0.3450
vn 0.5678 -0.3414 0.7491
vn 0.2277 -0.9124 0.3401
vn 0.4728 0.3410 0.8125
vn 0.4339 0.5168 0.7380
vn 0.4761 -0.3405 0.8108
vn 0.3869 -0.5192 0.7621
vn 0.1838 -0.9132 0.3638
vn 0.3601 0.3383 0.8694
vn 0.3288 0.5118 0.7937
vn -0.3595 0.3392 -0.8693
vn -0.3294 0.5045 -0.7981
vn -0.1471 0.9180 -0.3684
vn -0.1343 -0.9125 -0.3863
vn -0.1262 -0.9125 -0.3892
vn 0.3571 -0.3381 0.8707
vn 0.1307 -0.9139 0.3843
vn 0.2436 0.3383 0.9090
vn 0.2224 0.5118 0.8298
vn -0.2446 0.3435 -0.9067
vn -0.1573 0.5064 -0.8479
vn 0.2466 -0.3412 0.9071
vn 0.2284 -0.5172 0.8249
vn 0.1031 -0.9133 0.3941
vn 0.1196 0.3410 0.9324
vn 0.1051 0.5168 0.8496
vn -0.1306 -0.0000 -0.9914
vn -0.1162 0.3418 -0.9325
vn -0.0297 -0.9123 -0.4084
vn -0.0221 -0.9123 -0.4089
vn 0.0616 -0.9132 0.4028
vn 0.0285 -0.9145 0.4037
vn 0.1228 -0.3383 0.9330
vn 0.1122 -0.5118 0.8517
vn -0.0044 0.3410 -0.9400
vn 0.0566 0.5031 -0.8624
vn -0.0000 -0.3383 0.9410
vn -0.0000 -0.5118 0.8591
vn -0.0076 -0.9132 0.4074
vn 0.1273 0.3408 -0.9315
vn 0.0742 -0.9131 -0.4008
vn 0.0818 -0.9133 -0.3990
vn -0.0466 -0.9137 0.4038
vn -0.0789 -0.9130 0.4002
vn -0.1229 -0.3383 0.9330
vn -0.1122 -0.5118 0.8518
vn -0.1239 0.9162 0.3811
vn -0.1216 0.9163 0.3817
vn 0.1258 0.9079 -0.3999
vn 0.1285 0.9080 -0.3989
vn 0.2369 0.3417 -0.9094
vn 0.2675 0.5064 -0.8198
vn 0.2587 0.0001 -0.9659
vn -0.2467 -0.3413 0.9070
vn -0.2286 -0.5173 0.8247
vn -0.1159 -0.9102 0.3977
vn 0.3610 0.3437 -0.8669
vn 0.1530 -0.9105 -0.3842
vn 0.1773 -0.9129 -0.3676
vn -0.3572 -0.3382 0.8706
vn -0.3849 -0.5141 0.7666
vn -0.4669 0.3413 0.8158
vn -0.4215 0.5174 0.7448
vn 0.1976 0.9126 -0.3580
vn 0.4688 0.3399 -0.8153
vn 0.4288 0.5058 -0.7486
vn 0.5001 -0.0001 -0.8660
vn -0.4738 -0.3363 0.8139
vn 0.2305 -0.9118 -0.3400
vn -0.5751 0.3413 0.7435
vn -0.5268 0.5175 0.6743
vn 0.5696 0.3451 -0.7460
vn 0.5627 0.5104 -0.6502
vn 0.6087 -0.0000 -0.7934
vn 0.5670 -0.3420 -0.7494
vn 0.5601 -0.5065 -0.6555
vn -0.5709 -0.3400 0.7473
vn -0.5185 -0.5150 0.6826
vn -0.2822 0.9145 0.2898
vn -0.3088 0.9128 0.2672
vn 0.6652 0.3436 -0.6629
vn 0.6652 -0.3435 -0.6629
vn -0.2834 -0.9131 0.2933
vn -0.3048 -0.9138 0.2683
vn -0.6654 -0.3383 0.6654
vn -0.6075 -0.5118 0.6075
vn 0.3181 0.9141 -0.2514
vn 0.3423 0.9120 -0.2260
vn -0.3478 0.9104 0.2242
vn 0.7450 0.3399 -0.5739
vn 0.6824 0.5057 -0.5278
vn 0.7464 -0.3390 -0.5727
vn 0.6852 -0.5040 -0.5258
vn -0.7473 -0.3400 0.5709
vn -0.6826 -0.5149 0.5186
vn -0.3305 -0.9123 0.2418
vn 0.8117 0.3451 -0.4712
vn 0.7687 0.5104 -0.3854
vn 0.3763 -0.9085 -0.1819
vn 0.3793 -0.9083 -0.1766
vn -0.3569 -0.9171 0.1775
vn -0.3592 -0.9173 0.1720
vn 0.8683 0.3435 -0.3578
vn -0.9079 0.3400 0.2453
vn -0.8269 0.5150 0.2259
vn 0.9080 0.3398 -0.2450
vn 0.8326 0.5056 -0.2264
vn 0.9068 -0.3412 -0.2476
vn 0.8449 -0.5062 -0.1729
vn -0.9070 -0.3413 0.2467
vn -0.8247 -0.5174 0.2285
vn -0.9324 0.3410 0.1196
vn -0.8496 0.5168 0.1051
vn 0.4145 0.9095 -0.0305
vn 0.4147 0.9096 -0.0267
vn 0.9303 0.3451 -0.1247
vn 0.8577 0.5105 -0.0610
vn 0.9313 -0.3434 -0.1212
vn 0.9391 0.3437 0.0018
vn 0.9407 -0.3393 -0.0002
vn 0.8633 -0.5046 -0.0002
vn -0.4009 -0.9161 -0.0087
vn -0.3983 0.9135 -0.0825
vn 0.9327 0.3392 0.1225
vn 0.8561 0.5045 0.1121
vn 0.4111 -0.9078 0.0824
vn 0.4111 -0.9078 0.0827
vn -0.3990 -0.9160 -0.0430
vn -0.3924 -0.9163 -0.0799
vn -0.9069 0.3440 -0.2434
vn -0.8235 0.5223 -0.2213
vn 0.9075 0.3435 0.2417
vn 0.8150 0.5091 0.2767
vn -0.3954 0.9113 -0.1145
vn -0.9070 -0.3414 -0.2468
vn -0.8246 -0.5175 -0.2287
vn -0.3887 -0.9139 -0.1169
vn -0.3630 0.9143 -0.1796
vn -0.3609 0.9142 -0.1843
vn 0.8671 0.3435 0.3607
vn -0.3701 -0.9117 -0.1784
vn 0.8151 0.3402 0.4689
vn 0.7482 0.5062 0.4290
vn 0.3517 0.9116 0.2127
vn -0.7490 0.3412 -0.5679
vn -0.7933 -0.0000 -0.6088
vn -0.6453 0.5195 -0.5602
vn -0.2969 0.9164 -0.2684
vn -0.3022 0.9161 -0.2635
vn 0.3162 0.9073 0.2772
vn 0.3093 0.9071 0.2855
vn 0.7459 0.3452 0.5696
vn 0.6506 0.5104 0.5623
vn 0.7465 -0.3389 0.5727
vn 0.6854 -0.5039 0.5257
vn -0.7489 -0.3416 -0.5679
vn -0.6439 -0.5194 -0.5618
vn -0.6634 0.3384 -0.6673
vn 0.6630 0.3434 0.6653
vn 0.2813 -0.9057 0.3171
vn 0.2772 -0.9057 0.3208
vn -0.6635 -0.3381 -0.6675
vn -0.5749 0.3411 -0.7438
vn -0.6088 -0.0000 -0.7933
vn -0.5265 0.5170 -0.6749
vn 0.2594 0.9091 0.3260
vn 0.2013 0.9133 0.3540
vn 0.5728 0.3388 0.7464
vn 0.5259 0.5038 0.6853
vn 0.6088 -0.0000 0.7933
vn -0.5747 -0.3409 -0.7440
vn -0.5263 -0.5166 -0.6754
vn -0.2384 -0.9151 -0.3251
vn -0.4674 0.3409 -0.8157
vn -0.4226 0.5166 -0.7447
vn 0.4710 0.3434 0.8125
vn 0.3707 0.5063 0.7786
vn 0.1644 0.9128 0.3738
vn 0.4686 -0.3398 0.8154
vn 0.4284 -0.5056 0.7489
vn 0.1565 -0.9130 0.3767
vn 0.2147 -0.9087 0.3580
vn -0.2040 -0.9162 -0.3448
vn -0.1567 -0.9137 -0.3751
vn -0.4672 -0.3411 -0.8157
vn -0.4220 -0.5170 -0.7447
vn 0.3537 0.3419 0.8706
vn 0.1144 -0.9123 0.3933
vn -0.1203 -0.9135 -0.3886
vn 0.0836 0.9101 0.4058
vn 0.0833 0.9101 0.4058
vn -0.1223 0.3441 -0.9309
vn -0.1109 0.5225 -0.8454
vn 0.0365 -0.9083 0.4167
vn 0.0306 -0.9083 0.4171
vn -0.0620 -0.9139 -0.4012
vn -0.1237 -0.3425 -0.9313
vn -0.1138 -0.5197 -0.8467
vn 0.0249 0.9150 -0.4026
vn 0.0301 0.9151 -0.4020
vn -0.0231 0.9118 0.4100
vn -0.0276 0.9118 0.4097
vn 0.0065 0.3418 0.9398
vn -0.0493 0.5034 0.8626
vn -0.0034 -0.3362 -0.9418
vn 0.0500 -0.5141 -0.8563
vn 0.1306 -0.0000 -0.9914
vn -0.1274 0.3410 0.9314
vn -0.1233 -0.3393 0.9326
vn -0.1138 -0.5045 0.8559
vn -0.0780 -0.9115 0.4038
vn -0.0464 -0.9124 0.4068
vn 0.1261 -0.3383 -0.9326
vn 0.2415 0.3400 -0.9089
vn 0.2179 0.5149 -0.8291
vn -0.1311 0.9112 0.3905
vn -0.1359 0.9111 0.3891
vn -0.2366 0.3415 0.9096
vn -0.2706 0.5026 0.8211
vn 0.2398 -0.3413 -0.9088
vn 0.2144 -0.5173 -0.8285
vn 0.3631 0.3413 -0.8670
vn 0.3344 0.5175 -0.7877
vn -0.3645 0.3405 0.8667
vn 0.1492 -0.9143 -0.3766
vn 0.1828 -0.9140 -0.3621
vn 0.3601 -0.3383 -0.8694
vn 0.3287 -0.5118 -0.7937
vn 0.2263 0.9116 -0.3432
vn -0.4634 0.3416 0.8176
vn -0.4789 0.5032 0.7193
vn 0.4729 -0.3411 -0.8124
vn 0.4340 -0.5170 -0.7378
vn 0.2130 -0.9118 -0.3511
vn -0.6088 -0.0000 0.7933
vn -0.5776 0.3418 0.7413
vn 0.2664 -0.9154 -0.3017
vn 0.2634 -0.9154 -0.3045
vn -0.6613 0.3406 0.6684
vn -0.6496 0.5026 0.5705
vn -0.6614 -0.3411 0.6680
vn -0.6489 -0.5032 0.5707
vn 0.7933 -0.0000 -0.6088
vn -0.7933 -0.0000 0.6088
vn -0.7486 0.3409 0.5687
vn -0.7485 -0.3409 0.5689
vn 0.3221 -0.9116 -0.2555
vn 0.7452 -0.3437 -0.5715
vn 0.6771 -0.5218 -0.5189
vn 0.8142 0.3428 -0.4686
vn 0.7410 0.5202 -0.4246
vn -0.8106 0.3417 0.4755
vn -0.7721 0.5033 0.3880
vn 0.8135 -0.3384 -0.4729
vn 0.7688 -0.5158 -0.3780
vn 0.3843 0.9132 -0.1354
vn 0.3871 0.9129 -0.1294
vn -0.8704 0.3410 0.3551
vn 0.8706 -0.3381 -0.3576
vn -0.9061 0.3414 0.2499
vn -0.8466 0.5026 0.1750
vn -0.9087 -0.3389 0.2436
vn -0.8343 -0.5039 0.2237
vn 0.9073 -0.3409 -0.2463
vn 0.8254 -0.5166 -0.2278
vn 0.3983 -0.9112 -0.1055
vn 0.4034 0.9130 -0.0608
vn -0.9329 0.3406 0.1174
vn -0.4111 -0.9097 0.0583
vn 0.4058 -0.9125 -0.0511
vn 0.4058 -0.9125 -0.0509
vn 0.9324 -0.3413 -0.1192
vn 0.8494 -0.5174 -0.1044
vt 0.925000 0.500000
vt 0.925000 1.000000
vt 0.900000 1.000000
vt 0.900000 0.500000
vt 0.875000 1.000000
vt 0.875000 0.500000
vt 0.850000 1.000000
vt 0.850000 0.500000
vt 0.825000 1.000000
vt 0.825000 0.500000
vt 0.800000 1.000000
vt 0.800000 0.500000
vt 0.775000 1.000000
vt 0.775000 0.500000
vt 0.750000 1.000000
vt 0.750000 0.500000
vt 0.725000 1.000000
vt 0.725000 0.500000
vt 0.700000 1.000000
vt 0.700000 0.500000
vt 0.675000 1.000000
vt 0.675000 0.500000
vt 0.650000 1.000000
vt 0.650000 0.500000
vt 0.625000 1.000000
vt 0.625000 0.500000
vt 0.600000 1.000000
vt 0.600000 0.500000
vt 0.575000 1.000000
vt 0.575000 0.500000
vt 0.550000 1.000000
vt 0.550000 0.500000
vt 0.525000 1.000000
vt 0.525000 0.500000
vt 0.500000 1.000000
vt 0.500000 0.500000
vt 0.475000 1.000000
vt 0.475000 0.500000
vt 0.450000 1.000000
vt 0.450000 0.500000
vt 0.425000 1.000000
vt 0.425000 0.500000
vt 0.400000 1.000000
vt 0.400000 0.500000
vt 0.375000 1.000000
vt 0.375000 0.500000
vt 0.350000 1.000000
vt 0.350000 0.500000
vt 0.325000 1.000000
vt 0.325000 0.500000
vt 0.300000 1.000000
vt 0.300000 0.500000
vt 0.275000 1.000000
vt 0.275000 0.500000
vt 0.250000 1.000000
vt 0.250000 0.500000
vt 0.225000 1.000000
vt 0.225000 0.500000
vt 0.200000 1.000000
vt 0.200000 0.500000
vt 0.175000 1.000000
vt 0.175000 0.500000
vt 0.150000 1.000000
vt 0.150000 0.500000
vt 0.125000 1.000000
vt 0.125000 0.500000
vt 0.525000 0.624495
vt 0.525000 0.914591
vt 0.550000 0.914591
vt 0.550000 0.624495
vt 0.100000 0.500000
vt 0.100000 1.000000
vt 0.075000 1.000000
vt 0.075000 0.500000
vt 0.050000 1.000000
vt 0.050000 0.500000
vt 0.025000 0.500000
vt 0.025000 1.000000
vt 0.000000 1.000000
vt 0.000000 0.500000
vt 0.975000 0.624495
vt 0.975000 0.914591
vt 1.000000 0.914591
vt 1.000000 0.624495
vt 0.075000 0.624495
vt 0.075000 0.914591
vt 0.100000 0.914591
vt 0.100000 0.624495
vt 0.350000 0.624495
vt 0.350000 0.914591
vt 0.375000 0.914591
vt 0.375000 0.624495
vt 0.950000 0.500000
vt 0.950000 1.000000
vt 0.200000 0.624495
vt 0.200000 0.914591
vt 0.225000 0.914591
vt 0.225000 0.624495
vt 0.786315 0.480095
vt 0.787544 0.487045
vt 0.824164 0.478254
vt 0.858958 0.463842
vt 0.891068 0.444164
vt 0.919706 0.419706
vt 0.944164 0.391068
vt 0.963842 0.358958
vt 0.978254 0.324164
vt 0.987045 0.287544
vt 0.990000 0.250000
vt 0.987045 0.212456
vt 0.978254 0.175836
vt 0.963842 0.141042
vt 0.944164 0.108932
vt 0.919706 0.080294
vt 0.891068 0.055836
vt 0.858958 0.036158
vt 0.824164 0.021746
vt 0.787544 0.012955
vt 0.750000 0.010000
vt 0.712456 0.012955
vt 0.675836 0.021746
vt 0.641042 0.036158
vt 0.608932 0.055836
vt 0.580294 0.080294
vt 0.555836 0.108932
vt 0.536158 0.141042
vt 0.521746 0.175836
vt 0.512955 0.212456
vt 0.510000 0.250000
vt 0.512955 0.287544
vt 0.521746 0.324164
vt 0.536158 0.358958
vt 0.555836 0.391068
vt 0.580294 0.419706
vt 0.608932 0.444164
vt 0.641042 0.463842
vt 0.675836 0.478254
vt 0.712456 0.487045
vt 0.713685 0.480095
vt 0.678265 0.471592
vt 0.644610 0.457651
vt 0.613551 0.438618
vt 0.585852 0.414961
vt 0.562195 0.387262
vt 0.543161 0.356202
vt 0.529221 0.322548
vt 0.520718 0.287128
vt 0.517860 0.250813
vt 0.520718 0.214498
vt 0.529221 0.179078
vt 0.543162 0.145423
vt 0.562195 0.114364
vt 0.585852 0.086665
vt 0.613551 0.063007
vt 0.644611 0.043974
vt 0.678265 0.030034
vt 0.713685 0.021531
vt 0.750000 0.018672
vt 0.786315 0.021531
vt 0.821735 0.030034
vt 0.855390 0.043974
vt 0.886449 0.063007
vt 0.914148 0.086665
vt 0.937806 0.114364
vt 0.956838 0.145423
vt 0.970778 0.179078
vt 0.979282 0.214498
vt 0.982140 0.250813
vt 0.979283 0.287128
vt 0.970779 0.322548
vt 0.956839 0.356202
vt 0.937805 0.387262
vt 0.914148 0.414961
vt 0.886449 0.438618
vt 0.855389 0.457651
vt 0.821735 0.471591
vt 0.750000 0.490000
vt 0.750000 0.482953
vt 0.275000 0.624495
vt 0.275000 0.914591
vt 0.300000 0.914591
vt 0.300000 0.624495
vt 0.125000 0.914591
vt 0.125000 0.624495
vt 0.450000 0.624495
vt 0.450000 0.914591
vt 0.475000 0.914591
vt 0.475001 0.624495
vt 0.825000 0.624495
vt 0.825000 0.914591
vt 0.850000 0.914591
vt 0.850000 0.624495
vt 0.325000 0.624495
vt 0.325000 0.914591
vt 0.725000 0.624495
vt 0.725000 0.914591
vt 0.750000 0.914591
vt 0.750000 0.624495
vt 0.250000 0.914591
vt 0.250000 0.624495
vt 0.150000 0.914591
vt 0.150000 0.624495
vt 0.925000 0.624495
vt 0.925000 0.914591
vt 0.950000 0.914591
vt 0.950000 0.624495
vt 0.025000 0.624495
vt 0.025000 0.914591
vt 0.050000 0.914591
vt 0.050000 0.624495
vt 0.775000 0.914591
vt 0.775000 0.624495
vt 0.900000 0.624495
vt 0.900000 0.914591
vt 0.875000 0.624495
vt 0.875000 0.914591
vt 0.175000 0.624495
vt 0.175000 0.914591
vt 0.800000 0.624495
vt 0.800000 0.914591
vt 0.675000 0.624495
vt 0.675000 0.914591
vt 0.700000 0.914591
vt 0.700000 0.624495
vt 0.425000 0.624495
vt 0.425000 0.914591
vt 0.575000 0.624495
vt 0.575000 0.914591
vt 0.600000 0.914591
vt 0.600000 0.624495
vt 0.625000 0.914591
vt 0.625000 0.624495
vt 0.500000 0.624495
vt 0.500000 0.914591
vt 0.650000 0.914591
vt 0.650000 0.624495
vt 0.400000 0.624495
vt 0.400000 0.914591
vt 0.975000 0.500000
vt 0.975000 1.000000
vt 1.000000 0.500000
vt 1.000000 1.000000
vt 0.250000 0.482953
vt 0.250000 0.490000
vt 0.212456 0.487045
vt 0.175836 0.478254
vt 0.141042 0.463842
vt 0.108932 0.444164
vt 0.080294 0.419706
vt 0.055836 0.391068
vt 0.036158 0.358958
vt 0.021746 0.324164
vt 0.012955 0.287544
vt 0.010000 0.250000
vt 0.012955 0.212456
vt 0.021746 0.175836
vt 0.036158 0.141042
vt 0.055836 0.108932
vt 0.080294 0.080294
vt 0.108932 0.055836
vt 0.141042 0.036158
vt 0.175836 0.021746
vt 0.212456 0.012955
vt 0.250000 0.010000
vt 0.287544 0.012955
vt 0.324164 0.021746
vt 0.358958 0.036158
vt 0.391068 0.055836
vt 0.419706 0.080294
vt 0.444164 0.108932
vt 0.463842 0.141042
vt 0.478254 0.175836
vt 0.487045 0.212456
vt 0.490000 0.250000
vt 0.487045 0.287544
vt 0.478254 0.324164
vt 0.463842 0.358958
vt 0.444164 0.391068
vt 0.419706 0.419706
vt 0.391068 0.444164
vt 0.358958 0.463842
vt 0.324164 0.478254
vt 0.321735 0.471591
vt 0.355390 0.457651
vt 0.386449 0.438618
vt 0.414148 0.414961
vt 0.437806 0.387262
vt 0.456839 0.356202
vt 0.470779 0.322548
vt 0.479282 0.287128
vt 0.482141 0.250813
vt 0.479282 0.214498
vt 0.470779 0.179078
vt 0.456839 0.145423
vt 0.437806 0.114364
vt 0.414148 0.086665
vt 0.386449 0.063007
vt 0.355390 0.043974
vt 0.321735 0.030034
vt 0.286315 0.021531
vt 0.250000 0.018672
vt 0.213685 0.021531
vt 0.178265 0.030034
vt 0.144610 0.043974
vt 0.113551 0.063007
vt 0.085852 0.086665
vt 0.062194 0.114364
vt 0.043161 0.145423
vt 0.029221 0.179078
vt 0.020718 0.214498
vt 0.017860 0.250813
vt 0.020718 0.287128
vt 0.029221 0.322548
vt 0.043161 0.356202
vt 0.062194 0.387262
vt 0.085852 0.414961
vt 0.113551 0.438618
vt 0.144610 0.457651
vt 0.178265 0.471591
vt 0.213685 0.480095
vt 0.287544 0.487045
vt 0.286315 0.480095
vt 0.000000 0.624495
vt 0.000000 0.914591
vt 0.750000 0.125000
vt 0.750000 0.187500
vt 0.718750 0.187500
vt 0.718750 0.125000
vt 0.750000 0.562500
vt 0.750000 0.625000
vt 0.718750 0.625000
vt 0.718750 0.562500
vt 0.750000 0.062500
vt 0.718750 0.062500
vt 0.750000 0.500000
vt 0.718750 0.500000
vt 0.750000 0.937500
vt 0.734375 1.000000
vt 0.718750 0.937500
vt 0.734375 0.000000
vt 0.750000 0.437500
vt 0.718750 0.437500
vt 0.750000 0.875000
vt 0.718750 0.875000
vt 0.750000 0.375000
vt 0.718750 0.375000
vt 0.750000 0.812500
vt 0.718750 0.812500
vt 0.750000 0.312500
vt 0.718750 0.312500
vt 0.750000 0.750000
vt 0.718750 0.750000
vt 0.750000 0.250000
vt 0.718750 0.250000
vt 0.750000 0.687500
vt 0.718750 0.687500
vt 0.687500 0.750000
vt 0.687500 0.687500
vt 0.687500 0.250000
vt 0.687500 0.187500
vt 0.687500 0.625000
vt 0.687500 0.125000
vt 0.687500 0.562500
vt 0.687500 0.062500
vt 0.687500 0.500000
vt 0.703125 1.000000
vt 0.687500 0.937500
vt 0.703125 0.000000
vt 0.687500 0.437500
vt 0.687500 0.875000
vt 0.687500 0.375000
vt 0.687500 0.812500
vt 0.687500 0.312500
vt 0.656250 0.500000
vt 0.656250 0.437500
vt 0.656250 0.937500
vt 0.656250 0.875000
vt 0.656250 0.375000
vt 0.656250 0.812500
vt 0.656250 0.312500
vt 0.656250 0.750000
vt 0.656250 0.250000
vt 0.656250 0.687500
vt 0.656250 0.187500
vt 0.656250 0.625000
vt 0.656250 0.125000
vt 0.656250 0.562500
vt 0.656250 0.062500
vt 0.671875 1.000000
vt 0.671875 0.000000
vt 0.625000 0.250000
vt 0.625000 0.187500
vt 0.625000 0.687500
vt 0.625000 0.625000
vt 0.625000 0.125000
vt 0.625000 0.562500
vt 0.625000 0.062500
vt 0.625000 0.500000
vt 0.640625 1.000000
vt 0.625000 0.937500
vt 0.640625 0.000000
vt 0.625000 0.437500
vt 0.625000 0.875000
vt 0.625000 0.375000
vt 0.625000 0.812500
vt 0.625000 0.312500
vt 0.625000 0.750000
vt 0.593750 0.437500
vt 0.593750 0.375000
vt 0.593750 0.875000
vt 0.593750 0.812500
vt 0.593750 0.312500
vt 0.593750 0.750000
vt 0.593750 0.250000
vt 0.593750 0.687500
vt 0.593750 0.187500
vt 0.593750 0.625000
vt 0.593750 0.125000
vt 0.593750 0.562500
vt 0.593750 0.062500
vt 0.593750 0.500000
vt 0.609375 1.000000
vt 0.593750 0.937500
vt 0.609375 0.000000
vt 0.562500 0.187500
vt 0.562500 0.125000
vt 0.562500 0.625000
vt 0.562500 0.562500
vt 0.562500 0.062500
vt 0.562500 0.500000
vt 0.578125 1.000000
vt 0.562500 0.937500
vt 0.578125 0.000000
vt 0.562500 0.437500
vt 0.562500 0.875000
vt 0.562500 0.375000
vt 0.562500 0.812500
vt 0.562500 0.312500
vt 0.562500 0.750000
vt 0.562500 0.250000
vt 0.562500 0.687500
vt 0.531250 0.875000
vt 0.531250 0.812500
vt 0.531250 0.375000
vt 0.531250 0.312500
vt 0.531250 0.750000
vt 0.531250 0.250000
vt 0.531250 0.687500
vt 0.531250 0.187500
vt 0.531250 0.625000
vt 0.531250 0.125000
vt 0.531250 0.562500
vt 0.531250 0.062500
vt 0.531250 0.500000
vt 0.546875 1.000000
vt 0.531250 0.937500
vt 0.546875 0.000000
vt 0.531250 0.437500
vt 0.500000 0.625000
vt 0.500000 0.562500
vt 0.500000 0.125000
vt 0.500000 0.062500
vt 0.500000 0.500000
vt 0.515625 1.000000
vt 0.500000 0.937500
vt 0.515625 0.000000
vt 0.500000 0.437500
vt 0.500000 0.875000
vt 0.500000 0.375000
vt 0.500000 0.812500
vt 0.500000 0.312500
vt 0.500000 0.750000
vt 0.500000 0.250000
vt 0.500000 0.687500
vt 0.500000 0.187500
vt 0.468750 0.375000
vt 0.468750 0.312500
vt 0.468750 0.812500
vt 0.468750 0.750000
vt 0.468750 0.250000
vt 0.468750 0.687500
vt 0.468750 0.187500
vt 0.468750 0.625000
vt 0.468750 0.125000
vt 0.468750 0.562500
vt 0.468750 0.062500
vt 0.468750 0.500000
vt 0.484375 1.000000
vt 0.468750 0.937500
vt 0.484375 0.000000
vt 0.468750 0.437500
vt 0.468750 0.875000
vt 0.437500 0.125000
vt 0.437500 0.062500
vt 0.437500 0.562500
vt 0.437500 0.500000
vt 0.453125 1.000000
vt 0.437500 0.937500
vt 0.453125 0.000000
vt 0.437500 0.437500
vt 0.437500 0.875000
vt 0.437500 0.375000
vt 0.437500 0.812500
vt 0.437500 0.312500
vt 0.437500 0.750000
vt 0.437500 0.250000
vt 0.437500 0.687500
vt 0.437500 0.187500
vt 0.437500 0.625000
vt 0.406250 0.812500
vt 0.406250 0.750000
vt 0.406250 0.312500
vt 0.406250 0.250000
vt 0.406250 0.687500
vt 0.406250 0.187500
vt 0.406250 0.625000
vt 0.406250 0.125000
vt 0.406250 0.562500
vt 0.406250 0.062500
vt 0.406250 0.500000
vt 0.421875 1.000000
vt 0.406250 0.937500
vt 0.421875 0.000000
vt 0.406250 0.437500
vt 0.406250 0.875000
vt 0.406250 0.375000
vt 0.375000 0.562500
vt 0.375000 0.500000
vt 0.390625 1.000000
vt 0.375000 0.937500
vt 0.390625 0.000000
vt 0.375000 0.062500
vt 0.375000 0.437500
vt 0.375000 0.875000
vt 0.375000 0.375000
vt 0.375000 0.812500
vt 0.375000 0.312500
vt 0.375000 0.750000
vt 0.375000 0.250000
vt 0.375000 0.687500
vt 0.375000 0.187500
vt 0.375000 0.625000
vt 0.375000 0.125000
vt 0.343750 0.312500
vt 0.343750 0.250000
vt 0.343750 0.750000
vt 0.343750 0.687500
vt 0.343750 0.187500
vt 0.343750 0.625000
vt 0.343750 0.125000
vt 0.343750 0.562500
vt 0.343750 0.062500
vt 0.343750 0.500000
vt 0.359375 1.000000
vt 0.343750 0.937500
vt 0.359375 0.000000
vt 0.343750 0.437500
vt 0.343750 0.875000
vt 0.343750 0.375000
vt 0.343750 0.812500
vt 0.328125 0.000000
vt 0.312500 0.062500
vt 0.312500 0.500000
vt 0.312500 0.437500
vt 0.312500 0.937500
vt 0.312500 0.875000
vt 0.312500 0.375000
vt 0.312500 0.812500
vt 0.312500 0.312500
vt 0.312500 0.750000
vt 0.312500 0.250000
vt 0.312500 0.687500
vt 0.312500 0.187500
vt 0.312500 0.625000
vt 0.312500 0.125000
vt 0.312500 0.562500
vt 0.328125 1.000000
vt 0.281250 0.250000
vt 0.281250 0.187500
vt 0.281250 0.687500
vt 0.281250 0.625000
vt 0.281250 0.125000
vt 0.281250 0.562500
vt 0.281250 0.062500
vt 0.281250 0.500000
vt 0.296875 1.000000
vt 0.281250 0.937500
vt 0.296875 0.000000
vt 0.281250 0.437500
vt 0.281250 0.875000
vt 0.281250 0.375000
vt 0.281250 0.812500
vt 0.281250 0.312500
vt 0.281250 0.750000
vt 0.250000 0.937500
vt 0.250000 0.875000
vt 0.250000 0.437500
vt 0.250000 0.375000
vt 0.250000 0.812500
vt 0.250000 0.312500
vt 0.250000 0.750000
vt 0.250000 0.250000
vt 0.250000 0.687500
vt 0.250000 0.187500
vt 0.250000 0.625000
vt 0.250000 0.125000
vt 0.250000 0.562500
vt 0.250000 0.062500
vt 0.250000 0.500000
vt 0.265625 1.000000
vt 0.265625 0.000000
vt 0.218750 0.687500
vt 0.218750 0.625000
vt 0.218750 0.187500
vt 0.218750 0.125000
vt 0.218750 0.562500
vt 0.218750 0.062500
vt 0.218750 0.500000
vt 0.234375 1.000000
vt 0.218750 0.937500
vt 0.234375 0.000000
vt 0.218750 0.437500
vt 0.218750 0.875000
vt 0.218750 0.375000
vt 0.218750 0.812500
vt 0.218750 0.312500
vt 0.218750 0.750000
vt 0.218750 0.250000
vt 0.187500 0.437500
vt 0.187500 0.375000
vt 0.187500 0.875000
vt 0.187500 0.812500
vt 0.187500 0.312500
vt 0.187500 0.750000
vt 0.187500 0.250000
vt 0.187500 0.687500
vt 0.187500 0.187500
vt 0.187500 0.625000
vt 0.187500 0.125000
vt 0.187500 0.562500
vt 0.187500 0.062500
vt 0.187500 0.500000
vt 0.203125 1.000000
vt 0.187500 0.937500
vt 0.203125 0.000000
vt 0.156250 0.187500
vt 0.156250 0.125000
vt 0.156250 0.625000
vt 0.156250 0.562500
vt 0.156250 0.062500
vt 0.156250 0.500000
vt 0.171875 1.000000
vt 0.156250 0.937500
vt 0.171875 0.000000
vt 0.156250 0.437500
vt 0.156250 0.875000
vt 0.156250 0.375000
vt 0.156250 0.812500
vt 0.156250 0.312500
vt 0.156250 0.750000
vt 0.156250 0.250000
vt 0.156250 0.687500
vt 0.125000 0.875000
vt 0.125000 0.812500
vt 0.125000 0.375000
vt 0.125000 0.312500
vt 0.125000 0.750000
vt 0.125000 0.250000
vt 0.125000 0.687500
vt 0.125000 0.187500
vt 0.125000 0.625000
vt 0.125000 0.125000
vt 0.125000 0.562500
vt 0.125000 0.062500
vt 0.125000 0.500000
vt 0.140625 1.000000
vt 0.125000 0.937500
vt 0.140625 0.000000
vt 0.125000 0.437500
vt 0.093750 0.625000
vt 0.093750 0.562500
vt 0.093750 0.125000
vt 0.093750 0.062500
vt 0.093750 0.500000
vt 0.109375 1.000000
vt 0.093750 0.937500
vt 0.109375 0.000000
vt 0.093750 0.437500
vt 0.093750 0.875000
vt 0.093750 0.375000
vt 0.093750 0.812500
vt 0.093750 0.312500
vt 0.093750 0.750000
vt 0.093750 0.250000
vt 0.093750 0.687500
vt 0.093750 0.187500
vt 0.062500 0.375000
vt 0.062500 0.312500
vt 0.062500 0.812500
vt 0.062500 0.750000
vt 0.062500 0.250000
vt 0.062500 0.687500
vt 0.062500 0.187500
vt 0.062500 0.625000
vt 0.062500 0.125000
vt 0.062500 0.562500
vt 0.062500 0.062500
vt 0.062500 0.500000
vt 0.078125 1.000000
vt 0.062500 0.937500
vt 0.078125 0.000000
vt 0.062500 0.437500
vt 0.062500 0.875000
vt 0.031250 0.125000
vt 0.031250 0.062500
vt 0.031250 0.562500
vt 0.031250 0.500000
vt 0.046875 1.000000
vt 0.031250 0.937500
vt 0.046875 0.000000
vt 0.031250 0.437500
vt 0.031250 0.875000
vt 0.031250 0.375000
vt 0.031250 0.812500
vt 0.031250 0.312500
vt 0.031250 0.750000
vt 0.031250 0.250000
vt 0.031250 0.687500
vt 0.031250 0.187500
vt 0.031250 0.625000
vt 0.000000 0.312500
vt 0.000000 0.250000
vt 0.000000 0.750000
vt 0.000000 0.687500
vt 0.000000 0.187500
vt 0.000000 0.625000
vt 0.000000 0.125000
vt 0.000000 0.562500
vt 0.000000 0.062500
vt 0.000000 0.500000
vt 0.015625 1.000000
vt 0.000000 0.937500
vt 0.015625 0.000000
vt 0.000000 0.437500
vt 0.000000 0.875000
vt 0.000000 0.375000
vt 0.000000 0.812500
vt 1.000000 0.937500
vt 0.984375 1.000000
vt 0.968750 0.937500
vt 0.984375 0.000000
vt 1.000000 0.062500
vt 0.968750 0.062500
vt 1.000000 0.437500
vt 0.968750 0.500000
vt 0.968750 0.437500
vt 1.000000 0.875000
vt 0.968750 0.875000
vt 1.000000 0.375000
vt 0.968750 0.375000
vt 1.000000 0.812500
vt 0.968750 0.812500
vt 1.000000 0.312500
vt 0.968750 0.312500
vt 1.000000 0.750000
vt 0.968750 0.750000
vt 1.000000 0.250000
vt 0.968750 0.250000
vt 1.000000 0.687500
vt 0.968750 0.687500
vt 1.000000 0.187500
vt 0.968750 0.187500
vt 1.000000 0.625000
vt 0.968750 0.625000
vt 1.000000 0.125000
vt 0.968750 0.125000
vt 1.000000 0.562500
vt 0.968750 0.562500
vt 0.937500 0.750000
vt 0.937500 0.687500
vt 0.937500 0.250000
vt 0.937500 0.187500
vt 0.937500 0.625000
vt 0.937500 0.125000
vt 0.937500 0.562500
vt 0.937500 0.062500
vt 0.937500 0.500000
vt 0.953125 1.000000
vt 0.937500 0.937500
vt 0.953125 0.000000
vt 0.937500 0.437500
vt 0.937500 0.875000
vt 0.937500 0.375000
vt 0.937500 0.812500
vt 0.937500 0.312500
vt 0.906250 0.500000
vt 0.906250 0.437500
vt 0.906250 0.937500
vt 0.906250 0.875000
vt 0.906250 0.375000
vt 0.906250 0.812500
vt 0.906250 0.312500
vt 0.906250 0.750000
vt 0.906250 0.250000
vt 0.906250 0.687500
vt 0.906250 0.187500
vt 0.906250 0.625000
vt 0.906250 0.125000
vt 0.906250 0.562500
vt 0.906250 0.062500
vt 0.921875 1.000000
vt 0.921875 0.000000
vt 0.875000 0.250000
vt 0.875000 0.187500
vt 0.875000 0.687500
vt 0.875000 0.625000
vt 0.875000 0.125000
vt 0.875000 0.562500
vt 0.875000 0.062500
vt 0.875000 0.500000
vt 0.890625 1.000000
vt 0.875000 0.937500
vt 0.890625 0.000000
vt 0.875000 0.437500
vt 0.875000 0.875000
vt 0.875000 0.375000
vt 0.875000 0.812500
vt 0.875000 0.312500
vt 0.875000 0.750000
vt 0.843750 0.937500
vt 0.843750 0.875000
vt 0.843750 0.437500
vt 0.843750 0.375000
vt 0.843750 0.812500
vt 0.843750 0.312500
vt 0.843750 0.750000
vt 0.843750 0.250000
vt 0.843750 0.687500
vt 0.843750 0.187500
vt 0.843750 0.625000
vt 0.843750 0.125000
vt 0.843750 0.562500
vt 0.843750 0.062500
vt 0.843750 0.500000
vt 0.859375 1.000000
vt 0.859375 0.000000
vt 0.812500 0.687500
vt 0.812500 0.625000
vt 0.812500 0.187500
vt 0.812500 0.125000
vt 0.812500 0.562500
vt 0.812500 0.062500
vt 0.812500 0.500000
vt 0.828125 1.000000
vt 0.812500 0.937500
vt 0.828125 0.000000
vt 0.812500 0.437500
vt 0.812500 0.875000
vt 0.812500 0.375000
vt 0.812500 0.812500
vt 0.812500 0.312500
vt 0.812500 0.750000
vt 0.812500 0.250000
vt 0.781250 0.437500
vt 0.781250 0.375000
vt 0.781250 0.875000
vt 0.781250 0.812500
vt 0.781250 0.312500
vt 0.781250 0.750000
vt 0.781250 0.250000
vt 0.781250 0.687500
vt 0.781250 0.187500
vt 0.781250 0.625000
vt 0.781250 0.125000
vt 0.781250 0.562500
vt 0.781250 0.062500
vt 0.781250 0.500000
vt 0.796875 1.000000
vt 0.781250 0.937500
vt 0.796875 0.000000
vt 0.765625 1.000000
vt 0.765625 0.000000
vt 0.825317 1.000000
vt 0.812500 0.500000
vt 0.843750 0.500000
vt 0.924683 0.500000
vt 0.968750 0.500000
vt 0.968750 1.000000
vt 0.937500 1.000000
vt 0.875000 0.500000
vt 0.906250 1.000000
vt 0.875000 1.000000
vt 0.781250 0.500000
vt 0.781250 1.000000
vt 0.750000 1.000000
vt 0.718750 1.000000
vt 0.674683 0.500000
vt 0.669067 1.000000
vt 0.625000 1.000000
vt 0.580933 0.500000
vt 0.575317 1.000000
vt 0.531250 1.000000
vt 0.500000 0.500000
vt 0.500000 1.000000
vt 0.468750 0.500000
vt 0.468750 1.000000
vt 0.424683 0.500000
vt 0.437500 1.000000
vt 0.375000 0.500000
vt 0.406250 1.000000
vt 0.375000 1.000000
vt 0.330933 0.500000
vt 0.325317 1.000000
vt 0.281250 0.500000
vt 0.281250 1.000000
vt 0.250000 0.500000
vt 0.250000 1.000000
vt 0.218750 0.500000
vt 0.218750 1.000000
vt 0.174683 0.500000
vt 0.169067 1.000000
vt 0.125000 0.500000
vt 0.125000 1.000000
vt 0.080933 0.500000
vt 0.075317 1.000000
vt 0.031250 0.500000
vt 0.031250 1.000000
vt 0.458649 0.133682
vt 0.485388 0.203178
vt 0.485388 0.296822
vt 0.462635 0.358863
vt 0.383337 0.449553
vt 0.341844 0.471731
vt 0.296822 0.485388
vt 0.203178 0.485388
vt 0.141137 0.462635
vt 0.041351 0.366318
vt 0.014612 0.296822
vt 0.014612 0.203178
vt 0.037366 0.141137
vt 0.116663 0.050447
vt 0.158156 0.028269
vt 0.203178 0.014612
vt 0.296822 0.014612
vt 0.358863 0.037366
vt 0.000000 1.000000
vt 0.796822 0.014612
vt 0.703178 0.014612
vt 0.641137 0.037366
vt 0.541351 0.133682
vt 0.514612 0.203178
vt 0.514612 0.296822
vt 0.537365 0.358863
vt 0.633682 0.458649
vt 0.703178 0.485388
vt 0.796822 0.485388
vt 0.858863 0.462635
vt 0.949553 0.383337
vt 0.971731 0.341844
vt 0.985388 0.296822
vt 0.985388 0.203178
vt 0.962634 0.141137
vt 0.866318 0.041351
vt 0.937500 0.500000
vt 0.906250 0.500000
vt 0.843750 1.000000
vt 0.812500 1.000000
vt 0.687500 1.000000
vt 0.656250 1.000000
vt 0.593750 1.000000
vt 0.562500 1.000000
vt 0.437500 0.500000
vt 0.406250 0.500000
vt 0.343750 1.000000
vt 0.343750 0.500000
vt 0.312500 1.000000
vt 0.312500 0.500000
vt 0.187500 1.000000
vt 0.187500 0.500000
vt 0.156250 1.000000
vt 0.156250 0.500000
vt 0.093750 1.000000
vt 0.093750 0.500000
vt 0.062500 1.000000
vt 0.062500 0.500000
vt 0.021630 0.295426
vt 0.017156 0.250000
vt 0.250000 0.482844
vt 0.295426 0.478370
vt 0.339106 0.465120
vt 0.379361 0.443603
vt 0.414646 0.414646
vt 0.443603 0.379361
vt 0.449553 0.383337
vt 0.465120 0.339106
vt 0.471731 0.341844
vt 0.478370 0.295426
vt 0.482844 0.250000
vt 0.478370 0.204574
vt 0.465120 0.160894
vt 0.471731 0.158156
vt 0.443603 0.120639
vt 0.449553 0.116663
vt 0.414646 0.085354
vt 0.379361 0.056397
vt 0.383337 0.050447
vt 0.339106 0.034880
vt 0.341844 0.028269
vt 0.295426 0.021630
vt 0.250000 0.017156
vt 0.204574 0.021630
vt 0.160894 0.034880
vt 0.120639 0.056397
vt 0.085354 0.085354
vt 0.056397 0.120639
vt 0.050447 0.116663
vt 0.034880 0.160894
vt 0.028269 0.158156
vt 0.021630 0.204574
vt 0.034880 0.339106
vt 0.028269 0.341844
vt 0.056397 0.379361
vt 0.050447 0.383337
vt 0.085354 0.414646
vt 0.120639 0.443603
vt 0.116663 0.449553
vt 0.160894 0.465120
vt 0.158156 0.471731
vt 0.204574 0.478370
vt 0.309776 0.433972
vt 0.323798 0.428164
vt 0.176202 0.071836
vt 0.162180 0.077644
vt 0.136299 0.093504
vt 0.113217 0.113217
vt 0.093504 0.136299
vt 0.077644 0.162180
vt 0.066028 0.190224
vt 0.058942 0.219739
vt 0.056560 0.250000
vt 0.058942 0.280261
vt 0.066028 0.309776
vt 0.077644 0.337820
vt 0.093504 0.363701
vt 0.113217 0.386783
vt 0.136299 0.406496
vt 0.162180 0.422356
vt 0.190224 0.433972
vt 0.219739 0.441058
vt 0.250000 0.443440
vt 0.280261 0.441058
vt 0.190224 0.066028
vt 0.337820 0.422356
vt 0.363701 0.406496
vt 0.386783 0.386783
vt 0.406496 0.363701
vt 0.422356 0.337820
vt 0.433972 0.309776
vt 0.441058 0.280261
vt 0.443440 0.250000
vt 0.441058 0.219739
vt 0.433972 0.190224
vt 0.422356 0.162180
vt 0.406496 0.136299
vt 0.386783 0.113217
vt 0.363701 0.093504
vt 0.337820 0.077644
vt 0.309776 0.066028
vt 0.280261 0.058942
vt 0.250000 0.056560
vt 0.219739 0.058942
vt 0.925000 0.742572
vt 0.900000 0.742572
vt 0.100000 0.742572
vt 0.075000 0.742572
vt 0.750000 0.742572
vt 0.725000 0.742572
vt 0.600000 0.742572
vt 0.575000 0.742572
vt 0.825000 0.742572
vt 0.800000 0.742572
vt 1.000000 0.742572
vt 0.975000 0.742572
vt 0.650000 0.742572
vt 0.625000 0.742572
vt 0.425000 0.742572
vt 0.400000 0.742572
vt 0.375000 0.742572
vt 0.175000 0.742572
vt 0.150000 0.742572
vt 0.775000 0.742572
vt 0.550000 0.742572
vt 0.475000 0.742572
vt 0.450000 0.742572
vt 0.525000 0.742572
vt 0.500000 0.742572
vt 0.125000 0.742572
vt 0.950000 0.742572
vt 0.350000 0.742572
vt 0.325000 0.742572
vt 0.437500 0.742572
vt 0.675000 0.742572
vt 0.300000 0.742572
vt 0.275000 0.742572
vt 0.250000 0.742572
vt 0.700000 0.742572
vt 0.225000 0.742572
vt 0.200000 0.742572
vt 0.937500 0.742572
vt 0.050000 0.742572
vt 0.025000 0.742572
vt 0.000000 0.742572
vt 0.875000 0.742572
vt 0.850000 0.742572
vt 0.857756 0.271434
vt 0.859867 0.250000
vt 0.857756 0.228566
vt 0.857137 0.226525
vt 0.853608 0.225942
vt 0.845572 0.222918
vt 0.838282 0.218384
vt 0.832015 0.212515
vt 0.827014 0.205536
vt 0.823471 0.197715
vt 0.821521 0.189354
vt 0.821240 0.180773
vt 0.822639 0.172302
vt 0.823827 0.169144
vt 0.811039 0.158649
vt 0.792044 0.148496
vt 0.783011 0.145756
vt 0.780969 0.148244
vt 0.774332 0.153690
vt 0.766760 0.157738
vt 0.758544 0.160230
vt 0.750000 0.161072
vt 0.741456 0.160230
vt 0.733240 0.157738
vt 0.725668 0.153690
vt 0.719031 0.148244
vt 0.716989 0.145756
vt 0.707956 0.148496
vt 0.688961 0.158649
vt 0.676172 0.169144
vt 0.677361 0.172302
vt 0.678760 0.180773
vt 0.678479 0.189354
vt 0.676529 0.197715
vt 0.672986 0.205536
vt 0.667985 0.212515
vt 0.661718 0.218384
vt 0.654427 0.222918
vt 0.646392 0.225942
vt 0.642863 0.226525
vt 0.642244 0.228566
vt 0.640133 0.250000
vt 0.642244 0.271434
vt 0.642863 0.273475
vt 0.646392 0.274058
vt 0.654427 0.277082
vt 0.661718 0.281616
vt 0.667985 0.287485
vt 0.672986 0.294464
vt 0.676529 0.302285
vt 0.678479 0.310646
vt 0.678760 0.319227
vt 0.677361 0.327698
vt 0.676172 0.330856
vt 0.688961 0.341351
vt 0.707955 0.351504
vt 0.716989 0.354244
vt 0.719031 0.351756
vt 0.725667 0.346309
vt 0.733239 0.342262
vt 0.741456 0.339770
vt 0.750000 0.338928
vt 0.758544 0.339770
vt 0.766760 0.342262
vt 0.774332 0.346310
vt 0.780969 0.351756
vt 0.783011 0.354244
vt 0.792044 0.351504
vt 0.811039 0.341351
vt 0.823827 0.330856
vt 0.822639 0.327698
vt 0.821240 0.319227
vt 0.821521 0.310646
vt 0.823471 0.302285
vt 0.827014 0.294464
vt 0.832015 0.287485
vt 0.838282 0.281616
vt 0.845573 0.277082
vt 0.853608 0.274058
vt 0.857137 0.273475
vt 0.785035 0.426133
vt 0.750000 0.429584
vt 0.818724 0.415914
vt 0.841844 0.471731
vt 0.849771 0.399318
vt 0.883337 0.449553
vt 0.876985 0.376985
vt 0.899318 0.349771
vt 0.915914 0.318724
vt 0.926133 0.285035
vt 0.929584 0.250000
vt 0.926133 0.214965
vt 0.915914 0.181276
vt 0.971731 0.158156
vt 0.899318 0.150229
vt 0.949553 0.116663
vt 0.876985 0.123015
vt 0.849771 0.100682
vt 0.883337 0.050447
vt 0.818724 0.084086
vt 0.841844 0.028269
vt 0.785035 0.073867
vt 0.750000 0.070416
vt 0.714965 0.073867
vt 0.681276 0.084086
vt 0.658156 0.028269
vt 0.650229 0.100682
vt 0.616663 0.050447
vt 0.623015 0.123015
vt 0.600682 0.150229
vt 0.550447 0.116663
vt 0.584086 0.181276
vt 0.528269 0.158156
vt 0.573867 0.214965
vt 0.570416 0.250000
vt 0.573867 0.285035
vt 0.584086 0.318724
vt 0.528269 0.341844
vt 0.600682 0.349771
vt 0.550447 0.383337
vt 0.623015 0.376985
vt 0.650229 0.399318
vt 0.616663 0.449553
vt 0.681276 0.415914
vt 0.658156 0.471731
vt 0.714965 0.426133
vt 0.750000 0.426522
vt 0.782250 0.412133
vt 0.780969 0.413695
vt 0.774332 0.419141
vt 0.766760 0.423189
vt 0.758544 0.425681
vt 0.786416 0.358393
vt 0.790463 0.365965
vt 0.792955 0.374181
vt 0.793797 0.382725
vt 0.792955 0.391270
vt 0.790463 0.399486
vt 0.786416 0.407058
vt 0.859804 0.359804
vt 0.859227 0.359785
vt 0.850865 0.357835
vt 0.843045 0.354292
vt 0.836066 0.349291
vt 0.830197 0.343025
vt 0.825663 0.335734
vt 0.895650 0.347320
vt 0.891605 0.351109
vt 0.884314 0.355643
vt 0.876279 0.358667
vt 0.867808 0.360066
vt 0.908575 0.315684
vt 0.908366 0.322079
vt 0.906416 0.330441
vt 0.902873 0.338261
vt 0.897872 0.345240
vt 0.882067 0.276270
vt 0.886842 0.278433
vt 0.893821 0.283434
vt 0.899690 0.289701
vt 0.904224 0.296992
vt 0.907248 0.305027
vt 0.908647 0.313498
vt 0.864279 0.272731
vt 0.862079 0.272660
vt 0.870660 0.272940
vt 0.879022 0.274890
vt 0.882067 0.223730
vt 0.879022 0.225110
vt 0.870660 0.227060
vt 0.864279 0.227269
vt 0.862079 0.227341
vt 0.886842 0.221567
vt 0.908575 0.184316
vt 0.908647 0.186502
vt 0.907248 0.194973
vt 0.904224 0.203008
vt 0.899690 0.210299
vt 0.893821 0.216566
vt 0.895651 0.152679
vt 0.897872 0.154760
vt 0.902873 0.161739
vt 0.906416 0.169559
vt 0.908366 0.177921
vt 0.859804 0.140196
vt 0.867808 0.139934
vt 0.876279 0.141333
vt 0.884315 0.144357
vt 0.891605 0.148891
vt 0.825663 0.164266
vt 0.830197 0.156975
vt 0.836066 0.150709
vt 0.843045 0.145708
vt 0.850866 0.142165
vt 0.859227 0.140215
vt 0.782250 0.087867
vt 0.786416 0.092942
vt 0.790463 0.100514
vt 0.792955 0.108730
vt 0.793797 0.117275
vt 0.792955 0.125819
vt 0.790463 0.134035
vt 0.786416 0.141607
vt 0.750000 0.073478
vt 0.758544 0.074319
vt 0.766760 0.076811
vt 0.774332 0.080859
vt 0.780969 0.086305
vt 0.717750 0.087867
vt 0.719031 0.086305
vt 0.725668 0.080859
vt 0.733240 0.076811
vt 0.741456 0.074319
vt 0.713584 0.141607
vt 0.709537 0.134035
vt 0.707044 0.125819
vt 0.706203 0.117275
vt 0.707044 0.108730
vt 0.709537 0.100514
vt 0.713584 0.092942
vt 0.640196 0.140196
vt 0.640773 0.140215
vt 0.649134 0.142165
vt 0.656955 0.145708
vt 0.663934 0.150709
vt 0.669803 0.156975
vt 0.674337 0.164266
vt 0.604349 0.152679
vt 0.608394 0.148891
vt 0.615685 0.144357
vt 0.623721 0.141333
vt 0.632192 0.139934
vt 0.591425 0.184316
vt 0.591634 0.177921
vt 0.593584 0.169559
vt 0.597127 0.161739
vt 0.602128 0.154760
vt 0.591353 0.186502
vt 0.617933 0.223730
vt 0.613158 0.221567
vt 0.606179 0.216566
vt 0.600310 0.210299
vt 0.595776 0.203008
vt 0.592752 0.194973
vt 0.637921 0.227340
vt 0.635721 0.227268
vt 0.629340 0.227060
vt 0.620978 0.225110
vt 0.635721 0.272731
vt 0.617933 0.276270
vt 0.620978 0.274890
vt 0.629340 0.272940
vt 0.637921 0.272659
vt 0.613158 0.278433
vt 0.591425 0.315684
vt 0.591353 0.313498
vt 0.592752 0.305027
vt 0.595776 0.296992
vt 0.600310 0.289701
vt 0.606179 0.283434
vt 0.604349 0.347321
vt 0.602128 0.345240
vt 0.597127 0.338261
vt 0.593584 0.330441
vt 0.591634 0.322079
vt 0.640196 0.359804
vt 0.632192 0.360066
vt 0.623721 0.358667
vt 0.615685 0.355643
vt 0.608394 0.351109
vt 0.674337 0.335734
vt 0.669803 0.343025
vt 0.663934 0.349291
vt 0.656955 0.354292
vt 0.649134 0.357835
vt 0.640773 0.359785
vt 0.717750 0.412134
vt 0.713584 0.407058
vt 0.709537 0.399486
vt 0.707044 0.391270
vt 0.706203 0.382725
vt 0.707044 0.374181
vt 0.709537 0.365965
vt 0.713584 0.358393
vt 0.750000 0.426522
vt 0.741455 0.425681
vt 0.733240 0.423189
vt 0.725668 0.419141
vt 0.719031 0.413695
vt 0.634268 0.226602
vt 0.634268 0.273398
vt 0.630277 0.273529
vt 0.629398 0.226443
vt 0.787603 0.138074
vt 0.791782 0.130255
vt 0.794356 0.121772
vt 0.795224 0.112949
vt 0.794355 0.104126
vt 0.791782 0.095642
vt 0.787603 0.087823
vt 0.781978 0.080970
vt 0.775125 0.075346
vt 0.767307 0.071167
vt 0.758823 0.068593
vt 0.750000 0.067724
vt 0.741177 0.068593
vt 0.732693 0.071167
vt 0.911514 0.166937
vt 0.907855 0.158862
vt 0.902691 0.151656
vt 0.896221 0.145595
vt 0.888692 0.140914
vt 0.880395 0.137791
vt 0.871648 0.136347
vt 0.862787 0.136637
vt 0.854153 0.138650
vt 0.846078 0.142309
vt 0.838871 0.147473
vt 0.832811 0.153943
vt 0.828129 0.161472
vt 0.874593 0.226312
vt 0.883227 0.224299
vt 0.891302 0.220640
vt 0.898508 0.215476
vt 0.904569 0.209005
vt 0.909250 0.201477
vt 0.912373 0.193179
vt 0.913818 0.184432
vt 0.913527 0.175571
vt 0.724874 0.075346
vt 0.718022 0.080970
vt 0.712397 0.087823
vt 0.708218 0.095642
vt 0.705644 0.104126
vt 0.704775 0.112949
vt 0.705645 0.121772
vt 0.708218 0.130255
vt 0.712397 0.138074
vt 0.718022 0.144927
vt 0.724875 0.150552
vt 0.732693 0.154731
vt 0.741177 0.157304
vt 0.750000 0.158173
vt 0.758823 0.157304
vt 0.767307 0.154731
vt 0.775125 0.150552
vt 0.781978 0.144927
vt 0.825006 0.169769
vt 0.823562 0.178517
vt 0.823852 0.187377
vt 0.825866 0.196011
vt 0.829524 0.204087
vt 0.834688 0.211293
vt 0.841159 0.217353
vt 0.848688 0.222035
vt 0.856985 0.225158
vt 0.865732 0.226602
vt 0.865732 0.273398
vt 0.856985 0.274842
vt 0.848688 0.277965
vt 0.841159 0.282647
vt 0.834688 0.288707
vt 0.829524 0.295913
vt 0.825865 0.303989
vt 0.823852 0.312623
vt 0.823562 0.321484
vt 0.825006 0.330231
vt 0.828129 0.338528
vt 0.787603 0.361926
vt 0.781979 0.355073
vt 0.775125 0.349449
vt 0.767307 0.345269
vt 0.758823 0.342696
vt 0.750000 0.341827
vt 0.741177 0.342696
vt 0.732693 0.345269
vt 0.724874 0.349448
vt 0.718021 0.355073
vt 0.712397 0.361926
vt 0.671871 0.338528
vt 0.674994 0.330231
vt 0.676438 0.321483
vt 0.676148 0.312623
vt 0.674134 0.303989
vt 0.670476 0.295913
vt 0.665312 0.288707
vt 0.658841 0.282647
vt 0.651313 0.277965
vt 0.643015 0.274842
vt 0.643015 0.225158
vt 0.651313 0.222035
vt 0.658841 0.217353
vt 0.665312 0.211293
vt 0.670476 0.204087
vt 0.674135 0.196011
vt 0.676148 0.187377
vt 0.676438 0.178517
vt 0.674994 0.169769
vt 0.671871 0.161472
vt 0.667189 0.153943
vt 0.661129 0.147473
vt 0.653922 0.142309
vt 0.645847 0.138650
vt 0.637213 0.136637
vt 0.628352 0.136347
vt 0.619605 0.137791
vt 0.611308 0.140914
vt 0.603779 0.145595
vt 0.597309 0.151656
vt 0.592145 0.158862
vt 0.588486 0.166937
vt 0.586473 0.175571
vt 0.586183 0.184432
vt 0.587627 0.193179
vt 0.590750 0.201477
vt 0.595431 0.209005
vt 0.601491 0.215476
vt 0.608698 0.220640
vt 0.616773 0.224299
vt 0.625407 0.226312
vt 0.625407 0.273688
vt 0.616773 0.275701
vt 0.608698 0.279360
vt 0.601491 0.284524
vt 0.595431 0.290995
vt 0.590750 0.298523
vt 0.587627 0.306821
vt 0.586183 0.315568
vt 0.586473 0.324429
vt 0.588486 0.333063
vt 0.592144 0.341138
vt 0.597308 0.348344
vt 0.603779 0.354405
vt 0.611308 0.359086
vt 0.619605 0.362209
vt 0.628352 0.363653
vt 0.637213 0.363363
vt 0.645847 0.361350
vt 0.653922 0.357691
vt 0.661129 0.352527
vt 0.667189 0.346056
vt 0.669298 0.342665
vt 0.710515 0.365448
vt 0.708218 0.369745
vt 0.705644 0.378228
vt 0.704776 0.387051
vt 0.705645 0.395874
vt 0.708218 0.404358
vt 0.712397 0.412177
vt 0.718022 0.419030
vt 0.724875 0.424654
vt 0.732693 0.428833
vt 0.741177 0.431407
vt 0.750000 0.432276
vt 0.758823 0.431407
vt 0.767307 0.428833
vt 0.775125 0.424654
vt 0.781978 0.419030
vt 0.787603 0.412177
vt 0.791782 0.404358
vt 0.794355 0.395874
vt 0.795224 0.387051
vt 0.794356 0.378228
vt 0.791782 0.369745
vt 0.789900 0.366223
vt 0.830238 0.341919
vt 0.832811 0.346057
vt 0.838871 0.352527
vt 0.846077 0.357691
vt 0.854153 0.361350
vt 0.862787 0.363363
vt 0.871648 0.363653
vt 0.880395 0.362209
vt 0.888692 0.359086
vt 0.896221 0.354405
vt 0.902691 0.348344
vt 0.907855 0.341138
vt 0.911514 0.333063
vt 0.913527 0.324429
vt 0.913817 0.315568
vt 0.912373 0.306821
vt 0.909250 0.298523
vt 0.904569 0.290995
vt 0.898508 0.284524
vt 0.891302 0.279360
vt 0.883227 0.275701
vt 0.874593 0.273688
vt 0.870602 0.273557
vt 0.869723 0.226471
vt 1.000000 0.725216
vt 1.000000 0.667466
vt 0.968750 0.667466
vt 0.968750 0.725216
vt 0.937500 0.667466
vt 0.937500 0.725216
vt 0.906250 0.667466
vt 0.906250 0.725216
vt 0.875000 0.667466
vt 0.875000 0.725216
vt 0.863285 0.667466
vt 0.843750 0.667466
vt 0.843750 0.725216
vt 0.812500 0.667466
vt 0.812500 0.725216
vt 0.781250 0.667466
vt 0.781250 0.725216
vt 0.750000 0.667466
vt 0.750000 0.725216
vt 0.718750 0.667466
vt 0.718750 0.725216
vt 0.687500 0.667466
vt 0.687500 0.725216
vt 0.656250 0.667466
vt 0.656250 0.725216
vt 0.632351 0.667466
vt 0.625000 0.667466
vt 0.625000 0.725216
vt 0.593750 0.667466
vt 0.593750 0.725216
vt 0.562500 0.667466
vt 0.562500 0.725216
vt 0.531250 0.667466
vt 0.531250 0.725216
vt 0.500000 0.667466
vt 0.500000 0.725216
vt 0.468750 0.667466
vt 0.468750 0.725216
vt 0.437500 0.667466
vt 0.437500 0.725216
vt 0.406250 0.667466
vt 0.406250 0.725216
vt 0.375000 0.667466
vt 0.375000 0.725216
vt 0.367649 0.667466
vt 0.343750 0.667466
vt 0.343750 0.725216
vt 0.312500 0.667466
vt 0.312500 0.725216
vt 0.281250 0.667466
vt 0.281250 0.725216
vt 0.250000 0.667466
vt 0.250000 0.725216
vt 0.218750 0.667466
vt 0.218750 0.725216
vt 0.187500 0.667466
vt 0.187500 0.725216
vt 0.156250 0.667466
vt 0.156250 0.725216
vt 0.136715 0.667466
vt 0.125000 0.667466
vt 0.125000 0.725216
vt 0.093750 0.667466
vt 0.093750 0.725216
vt 0.062500 0.667466
vt 0.062500 0.725216
vt 0.031250 0.667466
vt 0.031250 0.725216
vt 0.000000 0.667466
vt 0.000000 0.725216
vt 0.861982 0.667466
vt 0.835739 0.667466
vt 0.829674 0.725216
vt 0.769082 0.667466
vt 0.585790 0.667466
vt 0.457672 0.667466
vt 0.314601 0.667466
vt 0.137281 0.667466
vt 0.862719 0.667466
vt 0.829674 0.725216
vt 0.685399 0.667466
vt 0.542328 0.667466
vt 0.414210 0.667466
vt 0.230918 0.667466
vt 0.164261 0.667466
vt 0.173424 0.725216
vt 0.138018 0.667466
vt 0.863285 0.667466
vt 0.632351 0.667466
vt 0.367649 0.667466
vt 0.173424 0.725216
vt 0.136715 0.667466
vt 0.835740 0.667466
vt 0.769081 0.667466
vt 0.585790 0.667466
vt 0.457672 0.667466
vt 0.314601 0.667466
vt 0.173424 0.725216
vt 0.137281 0.667466
vt 0.862719 0.667466
vt 0.685399 0.667466
vt 0.542328 0.667466
vt 0.414210 0.667466
vt 0.230918 0.667466
vt 0.164261 0.667466
vt 0.138018 0.667466
vt 0.000000 0.000000
vt 1.000000 0.000000
vt 0.890388 0.390388
vt 0.915079 0.360302
vt 0.788733 0.444724
vt 0.750000 0.448539
vt 0.825978 0.433426
vt 0.860302 0.415079
vt 0.933426 0.325978
vt 0.944724 0.288733
vt 0.948539 0.250000
vt 0.944724 0.211267
vt 0.933426 0.174022
vt 0.915079 0.139698
vt 0.890388 0.109612
vt 0.860302 0.084921
vt 0.825978 0.066574
vt 0.788733 0.055276
vt 0.750000 0.051461
vt 0.711267 0.055276
vt 0.674022 0.066574
vt 0.639698 0.084921
vt 0.609612 0.109612
vt 0.584921 0.139698
vt 0.566574 0.174022
vt 0.555276 0.211267
vt 0.551461 0.250000
vt 0.555276 0.288733
vt 0.566574 0.325978
vt 0.584921 0.360302
vt 0.609612 0.390388
vt 0.639698 0.415079
vt 0.674022 0.433426
vt 0.711267 0.444724
vt 0.877541 0.250000
vt 0.875090 0.225118
vt 0.774882 0.375090
vt 0.750000 0.377541
vt 0.798808 0.367833
vt 0.820858 0.356047
vt 0.840185 0.340185
vt 0.856047 0.320858
vt 0.867833 0.298808
vt 0.875090 0.274882
vt 0.867833 0.201192
vt 0.856047 0.179142
vt 0.840185 0.159815
vt 0.820858 0.143953
vt 0.798808 0.132167
vt 0.774882 0.124910
vt 0.750000 0.122459
vt 0.725118 0.124910
vt 0.701192 0.132167
vt 0.679142 0.143953
vt 0.659815 0.159815
vt 0.643953 0.179142
vt 0.632167 0.201192
vt 0.624909 0.225118
vt 0.622459 0.250000
vt 0.624910 0.274882
vt 0.632167 0.298808
vt 0.643954 0.320858
vt 0.659815 0.340185
vt 0.679142 0.356047
vt 0.701192 0.367833
vt 0.725118 0.375091
vt 0.594995 0.781960
vt 0.534597 0.816440
vt 0.532843 0.774924
vt 0.477198 0.792730
vt 0.593889 0.922603
vt 0.562860 0.853078
vt 0.616706 0.810211
vt 0.436108 0.956402
vt 0.543151 0.974642
vt 0.480137 0.997445
vt 0.427400 0.851530
vt 0.383894 0.945623
vt 0.484746 0.833760
vt 0.547198 0.922873
vt 0.500000 0.876127
vt 0.396324 0.773661
vt 0.445108 0.758581
vt 0.568328 0.759101
vt 0.600800 0.983821
vt 0.619991 0.942196
vt 0.562299 0.999163
vt 0.398738 0.983359
vt 0.430098 0.999628
vt 0.512915 0.737258
vt 0.432800 0.741802
vt 0.442369 0.737081
vt 0.568486 0.738434
vt 0.509737 0.742419
vt 0.562544 0.733567
vt 0.491627 0.734375
vt 0.825081 0.737100
vt 0.714328 0.739231
vt 0.679455 0.735169
vt 0.531994 0.239530
vt 0.560472 0.246956
vt 0.496076 0.247676
vt 0.451469 0.249416
vt 0.575959 0.253847
vt 0.432602 0.256452
vt 0.572204 0.240361
vt 0.465268 0.236927
vt 0.429537 0.242117
vt 0.415379 0.236298
vt 0.586184 0.335141
vt 0.595589 0.284066
vt 0.619300 0.301741
vt 0.580090 0.427563
vt 0.548708 0.386017
vt 0.617832 0.444314
vt 0.439868 0.471226
vt 0.554274 0.458486
vt 0.552967 0.484724
vt 0.448522 0.419277
vt 0.500461 0.432184
vt 0.418049 0.325591
vt 0.388386 0.452171
vt 0.524908 0.319223
vt 0.447006 0.286436
vt 0.485994 0.364956
vt 0.541034 0.280022
vt 0.395977 0.269402
vt 0.604074 0.480547
vt 0.423038 0.496442
vt 0.171794 0.749586
vt 0.144062 0.749133
vt 0.151336 0.738749
vt 0.135461 0.744368
vt 0.127105 0.739944
vt 0.126647 0.737146
vt 0.127837 0.734380
vt 0.126353 0.748300
vt 0.125706 0.743462
vt 0.164032 0.734375
vt 0.622735 0.249199
vt 0.605420 0.247353
vt 0.621670 0.243129
vt 0.596509 0.242026
vt 0.600699 0.228241
vt 0.525354 0.223325
vt 0.615627 0.230678
vt 0.317070 0.508727
vt 0.356065 0.502987
vt 0.369742 0.508382
vt 0.412128 0.507840
vt 0.385969 0.500000
vt 0.664078 0.742611
vt 0.615700 0.735039
vt 0.293014 0.738993
vt 0.320829 0.742863
vt 0.373663 0.749495
vt 0.309137 0.735093
vt 0.175687 0.737789
vt 0.254422 0.508627
vt 0.193320 0.506260
vt 0.234767 0.521060
vt 0.166275 0.517035
vt 0.260320 0.544362
vt 0.188141 0.546033
vt 0.171553 0.542147
vt 0.255641 0.555247
vt 0.187998 0.557573
vt 0.187907 0.550493
vt 0.335360 0.561674
vt 0.234011 0.563589
vt 0.333881 0.544499
vt 0.313902 0.549727
vt 0.172250 0.564076
vt 0.327919 0.565659
vt 0.234122 0.566406
vt 0.267270 0.570313
vt 0.338970 0.572266
vt 0.187083 0.572266
vt 0.351679 0.568359
vt 0.264932 0.568359
vt 0.313217 0.576172
vt 0.405730 0.578125
vt 0.183176 0.578125
vt 0.147455 0.576172
vt 0.188014 0.574219
vt 0.312953 0.580978
vt 0.142197 0.582031
vt 0.176023 0.580078
vt 0.394023 0.583984
vt 0.334395 0.585938
vt 0.167134 0.583984
vt 0.379647 0.587891
vt 0.383023 0.589844
vt 0.132328 0.589844
vt 0.398652 0.591797
vt 0.246555 0.591797
vt 0.414850 0.593750
vt 0.235902 0.593750
vt 0.132108 0.591797
vt 0.294589 0.597656
vt 0.307654 0.599609
vt 0.181948 0.599609
vt 0.335274 0.601563
vt 0.185353 0.601563
vt 0.290815 0.603516
vt 0.162658 0.603516
vt 0.238361 0.605469
vt 0.376204 0.607422
vt 0.215518 0.607422
vt 0.394733 0.595703
vt 0.180927 0.595703
vt 0.378689 0.605469
vt 0.259017 0.613281
vt 0.342003 0.615234
vt 0.167753 0.615234
vt 0.260559 0.617188
vt 0.364178 0.619141
vt 0.237523 0.619141
vt 0.237941 0.623047
vt 0.303315 0.625000
vt 0.167835 0.625000
vt 0.147853 0.617188
vt 0.214767 0.611328
vt 0.160087 0.613281
vt 0.237724 0.630859
vt 0.303543 0.632813
vt 0.161642 0.632813
vt 0.237292 0.634766
vt 0.323306 0.636719
vt 0.198946 0.636719
vt 0.362849 0.638672
vt 0.212848 0.638672
vt 0.267733 0.626953
vt 0.364331 0.628906
vt 0.237844 0.628906
vt 0.364973 0.634766
vt 0.290513 0.642578
vt 0.386429 0.644531
vt 0.192283 0.644531
vt 0.239659 0.646484
vt 0.330540 0.648438
vt 0.155786 0.648438
vt 0.212529 0.640625
vt 0.150204 0.642578
vt 0.391347 0.646484
vt 0.400583 0.650391
vt 0.241981 0.650391
vt 0.243159 0.658203
vt 0.374861 0.660156
vt 0.231607 0.660156
vt 0.263174 0.664920
vt 0.346569 0.668834
vt 0.212986 0.667969
vt 0.253754 0.671373
vt 0.378377 0.662109
vt 0.241754 0.662109
vt 0.140190 0.667608
vt 0.202844 0.676828
vt 0.161277 0.672877
vt 0.293179 0.681947
vt 0.174425 0.681889
vt 0.336558 0.677978
vt 0.292610 0.685927
vt 0.197527 0.687241
vt 0.364206 0.690436
vt 0.287258 0.692959
vt 0.175729 0.690473
vt 0.175748 0.694341
vt 0.293028 0.696273
vt 0.175750 0.698209
vt 0.292894 0.700144
vt 0.149942 0.702089
vt 0.175866 0.706147
vt 0.320552 0.707258
vt 0.175882 0.710050
vt 0.293091 0.704105
vt 0.155156 0.716797
vt 0.292454 0.717818
vt 0.155119 0.718750
vt 0.293226 0.724609
vt 0.316525 0.726563
vt 0.188563 0.727490
vt 0.317078 0.728516
vt 0.359287 0.731445
vt 0.241094 0.731382
vt 0.609179 0.507952
vt 0.620359 0.501336
vt 0.671906 0.503106
vt 0.573265 0.500342
vt 0.699729 0.509233
vt 0.644657 0.508765
vt 0.583127 0.522241
vt 0.565664 0.510612
vt 0.551097 0.504053
vt 0.705922 0.525764
vt 0.626344 0.522921
vt 0.645268 0.528481
vt 0.583250 0.528523
vt 0.619081 0.533700
vt 0.617873 0.542317
vt 0.577096 0.533347
vt 0.640457 0.554154
vt 0.625378 0.549939
vt 0.686535 0.549755
vt 0.693449 0.562127
vt 0.636538 0.561203
vt 0.679387 0.557869
vt 0.597834 0.557616
vt 0.582251 0.548862
vt 0.552170 0.553376
vt 0.605877 0.563461
vt 0.553831 0.559332
vt 0.588282 0.545110
vt 0.652360 0.544696
vt 0.619690 0.574219
vt 0.609737 0.572266
vt 0.691776 0.572266
vt 0.623378 0.566406
vt 0.686570 0.565112
vt 0.560920 0.569630
vt 0.624789 0.570313
vt 0.550730 0.565697
vt 0.610626 0.568359
vt 0.639255 0.578125
vt 0.566196 0.576989
vt 0.639509 0.576172
vt 0.547215 0.573174
vt 0.734564 0.589844
vt 0.590029 0.591797
vt 0.573764 0.589844
vt 0.779582 0.585938
vt 0.579377 0.587891
vt 0.592094 0.585938
vt 0.610164 0.582031
vt 0.535885 0.579700
vt 0.617391 0.580078
vt 0.706020 0.599609
vt 0.637576 0.601563
vt 0.625763 0.599609
vt 0.631650 0.597656
vt 0.567466 0.599609
vt 0.572862 0.597656
vt 0.581036 0.601563
vt 0.644090 0.605469
vt 0.633207 0.607422
vt 0.576258 0.605469
vt 0.615635 0.595703
vt 0.528499 0.595703
vt 0.581836 0.609375
vt 0.566992 0.607422
vt 0.632813 0.593750
vt 0.559788 0.593750
vt 0.679125 0.615234
vt 0.617113 0.617188
vt 0.600694 0.615234
vt 0.656492 0.611328
vt 0.636838 0.613281
vt 0.574998 0.611328
vt 0.581624 0.613281
vt 0.671552 0.623047
vt 0.637058 0.625000
vt 0.599154 0.621987
vt 0.640756 0.609375
vt 0.671624 0.626953
vt 0.636790 0.628906
vt 0.601897 0.626473
vt 0.639691 0.634766
vt 0.629049 0.636719
vt 0.594475 0.634196
vt 0.729450 0.634766
vt 0.602623 0.640625
vt 0.536135 0.638672
vt 0.628067 0.638672
vt 0.663606 0.644531
vt 0.626368 0.642578
vt 0.709807 0.642578
vt 0.647173 0.646484
vt 0.586355 0.643480
vt 0.661563 0.654297
vt 0.622274 0.656250
vt 0.584937 0.653693
vt 0.551085 0.657763
vt 0.525402 0.654297
vt 0.526256 0.650391
vt 0.615104 0.651951
vt 0.528735 0.646484
vt 0.516054 0.644531
vt 0.688167 0.666715
vt 0.618721 0.671139
vt 0.618289 0.667160
vt 0.683804 0.664063
vt 0.611350 0.662941
vt 0.662631 0.660156
vt 0.587820 0.660642
vt 0.585546 0.666837
vt 0.619358 0.658203
vt 0.708723 0.682721
vt 0.656594 0.686064
vt 0.619702 0.681995
vt 0.683008 0.678860
vt 0.612725 0.678054
vt 0.609027 0.686615
vt 0.653798 0.674302
vt 0.576795 0.677410
vt 0.707607 0.694345
vt 0.657591 0.698218
vt 0.625160 0.694333
vt 0.625225 0.690464
vt 0.577886 0.694272
vt 0.582727 0.690205
vt 0.608943 0.698187
vt 0.530561 0.689803
vt 0.563030 0.686616
vt 0.625084 0.706149
vt 0.578604 0.710088
vt 0.578117 0.706208
vt 0.625350 0.710072
vt 0.579041 0.713964
vt 0.625605 0.713978
vt 0.579357 0.717782
vt 0.608920 0.702089
vt 0.563423 0.699774
vt 0.657498 0.702097
vt 0.707167 0.720703
vt 0.622873 0.722656
vt 0.610863 0.720703
vt 0.679710 0.726563
vt 0.660003 0.728516
vt 0.612663 0.725414
vt 0.645232 0.731555
vt 0.608920 0.728185
vt 0.568630 0.723245
vt 0.537206 0.729733
vt 0.543529 0.720928
vt 0.625773 0.717840
vt 0.386710 0.736935
vt 0.383016 0.741470
vt 0.408674 0.734375
vt 0.292528 0.721696
vt 0.381682 0.723701
vt 0.405640 0.726563
vt 0.396310 0.729592
vt 0.448221 0.732422
vt 0.456571 0.729595
vt 0.373301 0.719819
vt 0.292918 0.713912
vt 0.373418 0.715807
vt 0.296575 0.710293
vt 0.373880 0.711879
vt 0.389103 0.707926
vt 0.374338 0.704026
vt 0.439103 0.715432
vt 0.414890 0.702241
vt 0.449972 0.710504
vt 0.455144 0.719632
vt 0.374377 0.699135
vt 0.374474 0.694322
vt 0.411181 0.694415
vt 0.375255 0.682700
vt 0.448118 0.677613
vt 0.391017 0.686584
vt 0.392162 0.677009
vt 0.341294 0.672867
vt 0.420551 0.667330
vt 0.428686 0.671077
vt 0.463526 0.688645
vt 0.387706 0.664062
vt 0.379501 0.666813
vt 0.436584 0.660156
vt 0.437201 0.662109
vt 0.387574 0.658203
vt 0.470056 0.664062
vt 0.411395 0.648438
vt 0.371954 0.640625
vt 0.405602 0.642578
vt 0.402548 0.654297
vt 0.495419 0.656250
vt 0.387326 0.656250
vt 0.378577 0.630859
vt 0.378894 0.632813
vt 0.400060 0.636719
vt 0.418968 0.638672
vt 0.440494 0.634766
vt 0.378513 0.626953
vt 0.424477 0.628117
vt 0.462499 0.632813
vt 0.389830 0.625000
vt 0.451343 0.630859
vt 0.464961 0.640625
vt 0.359665 0.613281
vt 0.405120 0.614138
vt 0.376128 0.611328
vt 0.417571 0.620123
vt 0.364258 0.621094
vt 0.380957 0.617188
vt 0.558040 0.620677
vt 0.364286 0.623047
vt 0.385946 0.603516
vt 0.393555 0.599609
vt 0.404144 0.597656
vt 0.400832 0.601563
vt 0.498542 0.602093
vt 0.484112 0.605537
vt 0.480074 0.612098
vt 0.368675 0.609375
vt 0.412362 0.580078
vt 0.425695 0.582031
vt 0.453920 0.587488
vt 0.383898 0.574219
vt 0.414393 0.576172
vt 0.387119 0.570313
vt 0.413543 0.572003
vt 0.407498 0.563160
vt 0.496820 0.569659
vt 0.392922 0.567484
vt 0.475679 0.575189
vt 0.326959 0.557597
vt 0.354261 0.553697
vt 0.370437 0.558649
vt 0.404852 0.555238
vt 0.377634 0.548774
vt 0.387279 0.543015
vt 0.402175 0.529796
vt 0.420701 0.545565
vt 0.331305 0.521603
vt 0.373299 0.525897
vt 0.622253 0.001303
vt 0.615381 0.005217
vt 0.602130 0.000630
vt 0.610296 0.008797
vt 0.575392 0.007041
vt 0.601274 0.012847
vt 0.571428 0.010897
vt 0.567772 0.013672
vt 0.625000 0.009766
vt 0.621821 0.012900
vt 0.605285 0.015625
vt 0.543406 0.015625
vt 0.546032 0.004774
vt 0.562769 0.001427
vt 0.615055 0.024428
vt 0.609294 0.028505
vt 0.591812 0.024301
vt 0.610805 0.021484
vt 0.566748 0.020428
vt 0.597499 0.017578
vt 0.526789 0.017578
vt 0.587079 0.028742
vt 0.559937 0.024254
vt 0.625000 0.018911
vt 0.597464 0.019531
vt 0.557454 0.030484
vt 0.619077 0.036038
vt 0.613300 0.039184
vt 0.594375 0.034063
vt 0.619117 0.043888
vt 0.613104 0.047087
vt 0.594710 0.041964
vt 0.577930 0.038664
vt 0.551994 0.034730
vt 0.613769 0.032008
vt 0.613149 0.050997
vt 0.571302 0.050735
vt 0.582791 0.046771
vt 0.613087 0.054851
vt 0.598621 0.056799
vt 0.610864 0.059977
vt 0.569542 0.057735
vt 0.619196 0.067313
vt 0.595409 0.065796
vt 0.619319 0.063393
vt 0.611408 0.071532
vt 0.592615 0.076216
vt 0.622404 0.073120
vt 0.588231 0.071439
vt 0.549002 0.065987
vt 0.572690 0.081051
vt 0.538779 0.076697
vt 0.605622 0.085938
vt 0.570349 0.085027
vt 0.610667 0.083984
vt 0.611607 0.089844
vt 0.585137 0.091797
vt 0.567047 0.089844
vt 0.605120 0.087891
vt 0.561536 0.087891
vt 0.625000 0.091797
vt 0.611268 0.093750
vt 0.607811 0.081435
vt 0.612273 0.103516
vt 0.602214 0.105469
vt 0.555526 0.103516
vt 0.582045 0.107422
vt 0.557168 0.105469
vt 0.619253 0.107422
vt 0.606457 0.109375
vt 0.621703 0.113281
vt 0.607095 0.115234
vt 0.587007 0.113281
vt 0.620370 0.119141
vt 0.609357 0.121094
vt 0.585669 0.119141
vt 0.609201 0.117188
vt 0.573795 0.117188
vt 0.585722 0.123047
vt 0.573942 0.121094
vt 0.602601 0.111328
vt 0.549132 0.111328
vt 0.551218 0.115234
vt 0.625000 0.117188
vt 0.625000 0.121094
vt 0.620430 0.123047
vt 0.620437 0.128906
vt 0.609395 0.130859
vt 0.592810 0.128906
vt 0.594027 0.132812
vt 0.572229 0.130859
vt 0.609074 0.126953
vt 0.566196 0.127354
vt 0.609158 0.134766
vt 0.592859 0.136719
vt 0.576340 0.134843
vt 0.625000 0.132813
vt 0.619385 0.138672
vt 0.595653 0.140625
vt 0.588313 0.138721
vt 0.620438 0.125000
vt 0.585634 0.125000
vt 0.621525 0.144531
vt 0.592650 0.146484
vt 0.591200 0.144531
vt 0.621363 0.148438
vt 0.601629 0.150391
vt 0.582617 0.148362
vt 0.603336 0.142578
vt 0.577332 0.142546
vt 0.588828 0.152344
vt 0.550120 0.150391
vt 0.625000 0.146484
vt 0.625000 0.152344
vt 0.622890 0.154297
vt 0.608235 0.166016
vt 0.572832 0.164062
vt 0.623301 0.164062
vt 0.586748 0.160156
vt 0.528974 0.158203
vt 0.613353 0.158203
vt 0.600978 0.167969
vt 0.558349 0.166749
vt 0.557058 0.169922
vt 0.625000 0.160156
vt 0.623173 0.162109
vt 0.611464 0.169922
vt 0.570893 0.171875
vt 0.623214 0.156250
vt 0.581604 0.156250
vt 0.622143 0.173828
vt 0.605080 0.175781
vt 0.580612 0.173828
vt 0.618473 0.181641
vt 0.591706 0.184287
vt 0.588697 0.181641
vt 0.615902 0.177734
vt 0.575023 0.179684
vt 0.584556 0.177734
vt 0.614905 0.179688
vt 0.553879 0.176128
vt 0.555313 0.183425
vt 0.616548 0.171875
vt 0.617731 0.199628
vt 0.608129 0.194685
vt 0.620492 0.193518
vt 0.592203 0.196355
vt 0.587956 0.202272
vt 0.569338 0.195442
vt 0.615421 0.205573
vt 0.606314 0.216451
vt 0.590649 0.207092
vt 0.586263 0.220260
vt 0.604838 0.220921
vt 0.531853 0.215100
vt 0.547206 0.203132
vt 0.620604 0.223221
vt 0.155607 0.507909
vt 0.193219 0.500676
vt 0.143627 0.501160
vt 0.135007 0.512246
vt 0.136076 0.505226
vt 0.127974 0.501097
vt 0.127590 0.508494
vt 0.142941 0.519594
vt 0.125000 0.504694
vt 0.130653 0.528464
vt 0.126356 0.522332
vt 0.146078 0.527077
vt 0.179766 0.526290
vt 0.149069 0.533372
vt 0.187671 0.533267
vt 0.149142 0.547562
vt 0.138600 0.542957
vt 0.130533 0.533394
vt 0.152870 0.555277
vt 0.137055 0.554180
vt 0.128569 0.545362
vt 0.148728 0.565671
vt 0.127615 0.565352
vt 0.135293 0.574219
vt 0.129735 0.568359
vt 0.152972 0.568359
vt 0.144449 0.570313
vt 0.133038 0.578125
vt 0.127830 0.576172
vt 0.133988 0.572266
vt 0.125000 0.570313
vt 0.132342 0.580078
vt 0.131238 0.585938
vt 0.130601 0.583984
vt 0.126687 0.587891
vt 0.144726 0.587891
vt 0.137961 0.601563
vt 0.145848 0.597656
vt 0.133896 0.595703
vt 0.142770 0.605469
vt 0.133155 0.603516
vt 0.136171 0.599609
vt 0.127217 0.597656
vt 0.135083 0.593750
vt 0.140256 0.611328
vt 0.134120 0.615234
vt 0.157541 0.623047
vt 0.134409 0.624050
vt 0.128175 0.609375
vt 0.147099 0.609375
vt 0.157565 0.630859
vt 0.133125 0.629845
vt 0.157620 0.628906
vt 0.146165 0.636719
vt 0.130184 0.634225
vt 0.157252 0.634766
vt 0.128585 0.626953
vt 0.149851 0.626953
vt 0.138780 0.638672
vt 0.128328 0.636719
vt 0.148884 0.645481
vt 0.125522 0.648388
vt 0.128178 0.650733
vt 0.127587 0.646484
vt 0.127640 0.644531
vt 0.242797 0.652344
vt 0.154970 0.651413
vt 0.243466 0.656250
vt 0.155143 0.655371
vt 0.243306 0.654297
vt 0.131465 0.655455
vt 0.125000 0.652344
vt 0.138543 0.640625
vt 0.164105 0.664856
vt 0.131647 0.662697
vt 0.150172 0.661012
vt 0.125109 0.658612
vt 0.141962 0.658203
vt 0.148922 0.677974
vt 0.142451 0.682750
vt 0.135095 0.674073
vt 0.128254 0.681501
vt 0.142425 0.686620
vt 0.125000 0.674749
vt 0.142525 0.698183
vt 0.126935 0.694287
vt 0.142468 0.694318
vt 0.127221 0.699837
vt 0.135991 0.690462
vt 0.127692 0.686447
vt 0.142664 0.713942
vt 0.175787 0.713943
vt 0.142598 0.710071
vt 0.127510 0.706303
vt 0.142582 0.706206
vt 0.127013 0.710115
vt 0.129558 0.717761
vt 0.127052 0.713955
vt 0.156006 0.731374
vt 0.148992 0.727466
vt 0.175600 0.724609
vt 0.142996 0.723524
vt 0.175567 0.721658
vt 0.136084 0.721034
vt 0.448827 0.006538
vt 0.462409 0.002482
vt 0.518287 0.008889
vt 0.436647 0.009766
vt 0.506692 0.012787
vt 0.472949 0.022595
vt 0.437315 0.026090
vt 0.479606 0.030512
vt 0.429466 0.015625
vt 0.425744 0.018577
vt 0.504491 0.020334
vt 0.424642 0.032239
vt 0.486879 0.036026
vt 0.424564 0.036045
vt 0.487445 0.033203
vt 0.486256 0.039827
vt 0.424538 0.039885
vt 0.432226 0.043626
vt 0.483854 0.051059
vt 0.421518 0.050162
vt 0.485845 0.054928
vt 0.524321 0.060825
vt 0.478208 0.062183
vt 0.491456 0.068772
vt 0.433890 0.063873
vt 0.422651 0.068690
vt 0.501698 0.079547
vt 0.441041 0.081314
vt 0.505478 0.083245
vt 0.488674 0.085735
vt 0.484770 0.088999
vt 0.421159 0.087626
vt 0.435965 0.091410
vt 0.522881 0.091797
vt 0.571356 0.093750
vt 0.480592 0.093750
vt 0.415379 0.094545
vt 0.572213 0.095703
vt 0.551939 0.097656
vt 0.479637 0.095703
vt 0.444332 0.105469
vt 0.431565 0.103516
vt 0.451680 0.107422
vt 0.547202 0.109375
vt 0.455567 0.113281
vt 0.422545 0.111328
vt 0.496348 0.118006
vt 0.426326 0.116083
vt 0.522243 0.125930
vt 0.430187 0.129536
vt 0.453322 0.133850
vt 0.507434 0.137999
vt 0.426796 0.138672
vt 0.427022 0.136719
vt 0.457263 0.140625
vt 0.423375 0.142578
vt 0.486379 0.143458
vt 0.423383 0.144531
vt 0.423417 0.146484
vt 0.484809 0.147424
vt 0.423500 0.148438
vt 0.439540 0.150391
vt 0.566701 0.154048
vt 0.473689 0.156250
vt 0.427372 0.154297
vt 0.415379 0.156250
vt 0.426881 0.158203
vt 0.484353 0.160156
vt 0.427591 0.160156
vt 0.574372 0.162109
vt 0.454099 0.162109
vt 0.419895 0.166051
vt 0.435365 0.164062
vt 0.428620 0.166016
vt 0.432225 0.171371
vt 0.425813 0.171875
vt 0.426215 0.169922
vt 0.415379 0.167969
vt 0.481249 0.174339
vt 0.427661 0.175781
vt 0.427135 0.173828
vt 0.436565 0.177734
vt 0.455979 0.180530
vt 0.430540 0.184622
vt 0.424987 0.181641
vt 0.487606 0.184751
vt 0.428068 0.195816
vt 0.500786 0.203640
vt 0.426085 0.204555
vt 0.467013 0.216097
vt 0.415379 0.216592
vt 0.464675 0.221534
vt 0.499422 0.227192
vt 0.427559 0.226334
vt 0.415379 0.221534
vt 0.757580 0.522794
vt 0.825509 0.526785
vt 0.816808 0.506718
vt 0.825897 0.518772
vt 0.743064 0.533619
vt 0.824958 0.544516
vt 0.742882 0.544689
vt 0.754754 0.554924
vt 0.824903 0.550073
vt 0.832684 0.565201
vt 0.824704 0.568359
vt 0.689171 0.568359
vt 0.829351 0.570313
vt 0.813545 0.572266
vt 0.700328 0.570313
vt 0.824697 0.574219
vt 0.794954 0.587891
vt 0.820116 0.583984
vt 0.579424 0.583984
vt 0.791868 0.597656
vt 0.828876 0.599609
vt 0.797893 0.601563
vt 0.775180 0.603516
vt 0.806065 0.605469
vt 0.797157 0.607422
vt 0.811138 0.593750
vt 0.783883 0.595703
vt 0.636513 0.603516
vt 0.816262 0.611328
vt 0.788643 0.613281
vt 0.815363 0.615234
vt 0.771873 0.617188
vt 0.796550 0.609375
vt 0.810944 0.623047
vt 0.788057 0.625000
vt 0.771746 0.619141
vt 0.671377 0.621094
vt 0.617411 0.619141
vt 0.810887 0.626953
vt 0.771656 0.628906
vt 0.826433 0.634766
vt 0.795010 0.636719
vt 0.794822 0.638672
vt 0.709106 0.640625
vt 0.771065 0.632813
vt 0.635855 0.632813
vt 0.826443 0.642578
vt 0.809129 0.644531
vt 0.799995 0.646484
vt 0.662041 0.648438
vt 0.819284 0.650391
vt 0.807817 0.652344
vt 0.661420 0.650391
vt 0.780865 0.658203
vt 0.810939 0.660156
vt 0.682569 0.662109
vt 0.824768 0.664063
vt 0.819741 0.656250
vt 0.798232 0.676000
vt 0.823704 0.679688
vt 0.825809 0.682688
vt 0.809343 0.686604
vt 0.796302 0.670602
vt 0.834621 0.673828
vt 0.707861 0.690477
vt 0.760534 0.702086
vt 0.706122 0.706126
vt 0.827039 0.717992
vt 0.707934 0.718750
vt 0.708208 0.716797
vt 0.827024 0.720703
vt 0.768653 0.722656
vt 0.824922 0.725572
vt 0.681048 0.724609
vt 0.811022 0.728516
vt 0.782447 0.731089
vt 0.447013 0.499468
vt 0.450147 0.508877
vt 0.510563 0.521094
vt 0.454976 0.524749
vt 0.506217 0.510589
vt 0.513714 0.535441
vt 0.436317 0.535285
vt 0.503455 0.528629
vt 0.512369 0.546317
vt 0.472749 0.550700
vt 0.493065 0.558502
vt 0.505401 0.582376
vt 0.522908 0.585938
vt 0.458964 0.589844
vt 0.500017 0.591797
vt 0.475591 0.598205
vt 0.575901 0.603516
vt 0.502974 0.608573
vt 0.515919 0.625985
vt 0.522421 0.630042
vt 0.536317 0.636719
vt 0.581144 0.629841
vt 0.492641 0.648438
vt 0.588018 0.648048
vt 0.492525 0.652344
vt 0.511461 0.642578
vt 0.509822 0.661036
vt 0.463675 0.658203
vt 0.489254 0.666802
vt 0.493421 0.670641
vt 0.549626 0.681476
vt 0.500003 0.683696
vt 0.507327 0.694162
vt 0.508452 0.708796
vt 0.473043 0.699449
vt 0.508206 0.713954
vt 0.507628 0.717722
vt 0.469836 0.725083
vt 0.510140 0.956424
vt 0.498822 0.926325
vt 0.554716 0.756108
vt 0.798441 0.743234
vt 0.829188 0.742188
vt 0.260242 0.527655
vt 0.334453 0.527678
vt 0.825128 0.734375
vt 0.383936 0.303377
vt 0.606432 0.250000
vt 0.583116 0.251847
vt 0.347173 0.500063
vt 0.678675 0.748391
vt 0.611724 0.744459
vt 0.627068 0.749361
vt 0.259917 0.533146
vt 0.335086 0.533328
vt 0.215012 0.609375
vt 0.237774 0.621094
vt 0.401687 0.652344
vt 0.665778 0.533447
vt 0.585465 0.496843
vt 0.674887 0.500000
vt 0.636388 0.630859
vt 0.707111 0.710070
vt 0.707955 0.713977
vt 0.453697 0.623513
vt 0.472004 0.564700
vt 0.374890 0.533368
vt 0.625000 0.027344
vt 0.611268 0.095703
vt 0.611289 0.097656
vt 0.621594 0.079410
vt 0.552594 0.099609
vt 0.611364 0.099609
vt 0.553852 0.101562
vt 0.611477 0.101563
vt 0.621728 0.111328
vt 0.620499 0.136719
vt 0.625000 0.130859
vt 0.621764 0.142578
vt 0.621890 0.140625
vt 0.617944 0.184313
vt 0.622080 0.216380
vt 0.125000 0.553799
vt 0.140811 0.607422
vt 0.132627 0.613281
vt 0.129924 0.620171
vt 0.157491 0.621094
vt 0.146291 0.619141
vt 0.125000 0.617188
vt 0.128599 0.642578
vt 0.127005 0.667053
vt 0.126543 0.731301
vt 0.129240 0.725332
vt 0.432112 0.012854
vt 0.486365 0.000000
vt 0.415379 0.028569
vt 0.438310 0.099609
vt 0.438248 0.097656
vt 0.435950 0.056230
vt 0.420336 0.059522
vt 0.437113 0.101563
vt 0.422462 0.109375
vt 0.438059 0.119505
vt 0.495851 0.121929
vt 0.415379 0.134766
vt 0.415379 0.125950
vt 0.434309 0.152344
vt 0.824895 0.533309
vt 0.815983 0.500801
vt 0.829673 0.555731
vt 0.824047 0.576172
vt 0.829604 0.578125
vt 0.828332 0.582031
vt 0.828468 0.580078
vt 0.821111 0.591797
vt 0.810854 0.621094
vt 0.787814 0.630859
vt 0.826345 0.640625
vt 0.818901 0.648438
vt 0.819683 0.654297
vt 0.824781 0.662109
vt 0.826875 0.690486
vt 0.826929 0.694351
vt 0.827213 0.666016
vt 0.828779 0.667969
vt 0.761014 0.698207
vt 0.826928 0.698214
vt 0.826931 0.702096
vt 0.827038 0.706112
vt 0.827098 0.710048
vt 0.827096 0.713962
vt 0.518493 0.616166
vt 0.817057 0.748697
s 0
usemtl 木
f 1565/1604/654 1220/1605/654 1223/1606/654 1569/1607/654
f 1569/1607/655 1223/1606/655 1221/1608/655 1567/1609/655
f 1567/1609/656 1221/1608/656 1222/1610/656 1580/1611/656
f 1580/1611/657 1222/1610/657 1193/1612/657 1466/1613/657
f 1193/1612/658 1180/1614/658 1309/1615/658 1475/1616/658 1466/1613/658
f 1309/1615/659 1310/1617/659 1469/1618/659 1475/1616/659
f 1310/1617/660 1312/1619/660 1473/1620/660 1469/1618/660
f 1312/1619/661 1311/1621/661 1471/1622/661 1473/1620/661
f 1311/1621/662 1316/1623/662 1470/1624/662 1471/1622/662
f 1316/1623/663 1315/1625/663 1472/1626/663 1470/1624/663
f 1315/1625/664 1314/1627/664 1468/1628/664 1472/1626/664
f 1314/1627/665 1313/1629/665 1317/1630/665 1474/1631/665 1468/1628/665
f 1317/1630/666 1322/1632/666 1465/1633/666 1474/1631/666
f 1322/1632/667 1321/1634/667 1467/1635/667 1465/1633/667
f 1321/1634/668 1318/1636/668 1463/1637/668 1467/1635/668
f 1318/1636/669 1319/1638/669 1464/1639/669 1463/1637/669
f 1319/1638/670 1320/1638/670 1327/1640/670 1462/1641/670 1464/1639/670
f 1327/1640/671 1326/1642/671 1551/1643/671 1462/1641/671
f 1326/1642/672 1325/1644/672 1555/1645/672 1551/1643/672
f 1325/1644/673 1324/1646/673 1546/1647/673 1555/1645/673
f 1546/1647/674 1324/1646/674 1323/1648/674 1330/1649/674 1545/1650/674
f 1545/1650/675 1330/1649/675 1334/1651/675 1559/1652/675
f 1559/1652/676 1334/1651/676 1332/1653/676 1540/1654/676
f 1540/1654/677 1332/1653/677 1331/1655/677 1535/1656/677
f 1535/1656/678 1331/1655/678 1333/1657/678 1541/1658/678
f 1541/1658/679 1333/1657/679 1328/1659/679 1537/1660/679
f 1537/1660/680 1328/1659/680 1329/1661/680 1560/1662/680
f 1560/1662/681 1329/1661/681 1181/1663/681 1192/1664/681 1547/1665/681
f 1547/1665/682 1192/1664/682 1216/1666/682 1556/1667/682
f 1556/1667/683 1216/1666/683 1218/1668/683 1552/1669/683
f 1552/1669/684 1218/1668/684 1219/1670/684 1561/1671/684
f 1561/1671/685 1219/1670/685 1220/1672/685 1565/1673/685
f 1482/1604/686 1213/1605/686 1214/1606/686 1480/1607/686
f 1480/1607/687 1214/1606/687 1212/1608/687 1486/1609/687
f 1486/1609/688 1212/1608/688 1210/1610/688 1483/1611/688
f 1483/1611/689 1210/1610/689 1189/1612/689 1487/1613/689
f 1487/1613/690 1189/1612/690 1178/1674/690 1285/1615/690 1494/1616/690
f 1494/1616/691 1285/1615/691 1282/1675/691 1281/1617/691 1496/1618/691 1495/1676/691
f 1496/1618/692 1281/1617/692 1284/1619/692 1500/1620/692
f 1500/1620/693 1284/1619/693 1283/1677/693 1287/1621/693 1504/1622/693
f 1504/1622/694 1287/1621/694 1286/1623/694 1506/1624/694
f 1286/1623/695 1289/1625/695 1511/1626/695 1506/1624/695
f 1289/1625/696 1288/1627/696 1512/1628/696 1511/1626/696
f 1288/1627/697 1292/1630/697 1521/1631/697 1512/1628/697
f 1292/1630/698 1290/1632/698 1516/1633/698 1521/1631/698
f 1290/1632/699 1291/1678/699 1295/1634/699 1517/1635/699 1516/1633/699
f 1295/1634/700 1297/1636/700 1520/1637/700 1517/1635/700
f 1297/1636/701 1296/1638/701 1514/1639/701 1520/1637/701
f 1296/1638/702 1293/1640/702 1524/1641/702 1514/1639/702
f 1293/1640/703 1294/1679/703 1301/1642/703 1507/1643/703 1524/1641/703
f 1301/1642/704 1300/1644/704 1509/1645/704 1507/1643/704
f 1300/1644/705 1302/1646/705 1501/1647/705 1509/1645/705
f 1302/1646/706 1299/1649/706 1502/1650/706 1501/1647/706
f 1299/1649/707 1298/1680/707 1306/1651/707 1491/1652/707 1502/1650/707
f 1306/1651/708 1307/1653/708 1489/1654/708 1491/1652/708
f 1307/1653/709 1305/1655/709 1485/1656/709 1489/1654/709
f 1305/1655/710 1308/1657/710 1490/1658/710 1485/1656/710
f 1490/1658/711 1308/1657/711 1304/1659/711 1479/1660/711
f 1479/1660/712 1304/1659/712 1303/1661/712 1481/1662/712
f 1481/1662/713 1303/1661/713 1179/1681/713 1191/1664/713 1477/1665/713
f 1477/1665/714 1191/1664/714 1207/1666/714 1476/1667/714
f 1476/1667/715 1207/1666/715 1208/1668/715 1492/1669/715
f 1492/1669/716 1208/1668/716 1209/1670/716 1478/1671/716
f 1478/1671/717 1209/1670/717 1213/1672/717 1482/1673/717
f 1586/1604/718 1232/1605/718 1233/1606/718 1589/1607/718
f 1589/1607/719 1233/1606/719 1204/1608/719 1584/1609/719
f 1584/1609/720 1204/1608/720 1205/1610/720 1585/1611/720
f 1585/1611/721 1205/1610/721 1188/1612/721 1590/1613/721
f 1590/1613/722 1188/1612/722 1176/1682/722 1253/1615/722 1587/1616/722
f 1587/1616/723 1253/1615/723 1254/1617/723 1600/1618/723 1588/1683/723
f 1600/1618/724 1254/1617/724 1256/1619/724 1591/1620/724
f 1591/1620/725 1256/1619/725 1255/1621/725 1593/1622/725
f 1593/1622/726 1255/1621/726 1257/1623/726 1598/1624/726
f 1598/1624/727 1257/1623/727 1258/1625/727 1595/1626/727
f 1595/1626/728 1258/1625/728 1259/1684/728 1260/1627/728 1594/1628/728
f 1594/1628/729 1260/1627/729 1261/1630/729 1597/1631/729
f 1597/1631/730 1261/1630/730 1264/1632/730 1596/1633/730
f 1596/1633/731 1264/1632/731 1263/1634/731 1508/1635/731
f 1508/1635/732 1263/1634/732 1262/1685/732 1266/1636/732 1525/1637/732
f 1266/1636/733 1265/1638/733 1515/1639/733 1525/1637/733
f 1265/1638/734 1267/1640/734 1523/1641/734 1515/1639/734
f 1267/1640/735 1269/1642/735 1519/1643/735 1523/1641/735
f 1269/1642/736 1268/1686/736 1270/1644/736 1518/1645/736 1519/1643/736
f 1270/1644/737 1277/1646/737 1522/1647/737 1518/1645/737
f 1277/1646/738 1275/1649/738 1513/1650/738 1522/1647/738
f 1275/1649/739 1276/1651/739 1510/1652/739 1513/1650/739
f 1276/1651/740 1278/1653/740 1505/1654/740 1510/1652/740
f 1278/1653/741 1273/1655/741 1503/1656/741 1505/1654/741
f 1273/1655/742 1274/1687/742 1279/1657/742 1499/1658/742 1503/1656/742
f 1279/1657/743 1280/1659/743 1497/1660/743 1499/1658/743
f 1280/1659/744 1271/1688/744 1272/1661/744 1493/1662/744 1498/1689/744 1497/1660/744
f 1272/1661/745 1177/1690/745 1190/1664/745 1488/1665/745 1493/1662/745
f 1190/1664/746 1211/1666/746 1484/1667/746 1488/1665/746
f 1211/1666/747 1234/1668/747 1592/1669/747 1484/1667/747
f 1234/1668/748 1235/1670/748 1599/1671/748 1592/1669/748
f 1599/1671/749 1235/1670/749 1232/1672/749 1586/1673/749
f 1202/1605/670 1200/1606/670 1562/1607/670 1566/1604/670
f 1200/1606/671 1198/1608/671 1553/1609/671 1562/1607/671
f 1198/1608/672 1199/1610/672 1557/1611/672 1553/1609/672
f 1199/1610/673 1186/1612/673 1548/1613/673 1557/1611/673
f 1548/1613/674 1186/1612/674 1174/1691/674 1393/1615/674 1563/1616/674
f 1563/1616/675 1393/1615/675 1394/1617/675 1538/1618/675 1539/1683/675
f 1538/1618/676 1394/1617/676 1392/1619/676 1542/1620/676
f 1542/1620/677 1392/1619/677 1391/1621/677 1544/1622/677
f 1544/1622/678 1391/1621/678 1395/1623/678 1536/1624/678
f 1536/1624/679 1395/1623/679 1396/1625/679 1543/1626/679
f 1543/1626/680 1396/1625/680 1398/1627/680 1564/1628/680
f 1564/1628/681 1398/1627/681 1397/1692/681 1399/1630/681 1549/1631/681
f 1549/1631/682 1399/1630/682 1400/1632/682 1558/1633/682
f 1558/1633/683 1400/1632/683 1401/1634/683 1554/1635/683
f 1554/1635/684 1401/1634/684 1402/1636/684 1550/1637/684
f 1550/1637/685 1402/1636/685 1403/1638/685 1603/1639/685
f 1603/1639/654 1403/1638/654 1240/1638/654 1241/1640/654 1571/1641/654
f 1571/1641/655 1241/1640/655 1245/1642/655 1568/1643/655
f 1568/1643/656 1245/1642/656 1244/1644/656 1582/1645/656
f 1582/1645/657 1244/1644/657 1242/1646/657 1579/1647/657
f 1242/1646/658 1243/1693/658 1248/1649/658 1573/1650/658 1579/1647/658
f 1248/1649/659 1249/1651/659 1577/1652/659 1573/1650/659
f 1249/1651/660 1252/1653/660 1602/1654/660 1577/1652/660
f 1252/1653/661 1250/1655/661 1583/1656/661 1602/1654/661
f 1250/1655/662 1251/1657/662 1601/1658/662 1583/1656/662
f 1251/1657/663 1246/1659/663 1574/1660/663 1601/1658/663
f 1246/1659/664 1247/1661/664 1576/1662/664 1575/1694/664 1574/1660/664
f 1247/1661/665 1175/1695/665 1187/1664/665 1578/1665/665 1576/1662/665
f 1187/1664/666 1203/1666/666 1572/1667/666 1578/1665/666
f 1203/1666/667 1206/1668/667 1581/1669/667 1572/1667/667
f 1206/1668/668 1201/1670/668 1570/1671/668 1581/1669/668
f 1201/1670/669 1202/1672/669 1566/1673/669 1570/1671/669
f 1230/1605/702 1231/1606/702 1450/1607/702 1533/1604/702
f 1231/1606/703 1226/1608/703 1449/1609/703 1450/1607/703
f 1226/1608/704 1225/1610/704 1440/1611/704 1449/1609/704
f 1225/1610/705 1195/1612/705 1442/1613/705 1440/1611/705
f 1195/1612/706 1184/1674/706 1369/1615/706 1436/1616/706 1442/1613/706
f 1369/1615/707 1365/1696/707 1366/1617/707 1432/1618/707 1435/1676/707 1436/1616/707
f 1366/1617/708 1363/1619/708 1424/1620/708 1432/1618/708
f 1363/1619/709 1364/1697/709 1367/1621/709 1423/1622/709 1424/1620/709
f 1367/1621/710 1368/1623/710 1420/1624/710 1423/1622/710
f 1420/1624/711 1368/1623/711 1374/1625/711 1417/1626/711
f 1417/1626/712 1374/1625/712 1373/1627/712 1413/1628/712
f 1413/1628/713 1373/1627/713 1370/1630/713 1409/1631/713
f 1409/1631/714 1370/1630/714 1371/1632/714 1406/1633/714
f 1406/1633/715 1371/1632/715 1372/1698/715 1375/1634/715 1407/1635/715
f 1407/1635/716 1375/1634/716 1376/1636/716 1410/1637/716
f 1410/1637/717 1376/1636/717 1377/1638/717 1414/1639/717
f 1414/1639/686 1377/1638/686 1379/1640/686 1431/1641/686
f 1431/1641/687 1379/1640/687 1378/1699/687 1380/1642/687 1422/1643/687
f 1422/1643/688 1380/1642/688 1381/1644/688 1429/1645/688
f 1429/1645/689 1381/1644/689 1382/1646/689 1427/1647/689
f 1427/1647/690 1382/1646/690 1384/1649/690 1447/1650/690
f 1447/1650/691 1384/1649/691 1383/1700/691 1385/1651/691 1446/1652/691
f 1446/1652/692 1385/1651/692 1387/1653/692 1438/1654/692
f 1438/1654/693 1387/1653/693 1386/1655/693 1444/1656/693
f 1444/1656/694 1386/1655/694 1390/1657/694 1526/1658/694
f 1390/1657/695 1389/1659/695 1528/1660/695 1526/1658/695
f 1389/1659/696 1388/1661/696 1534/1662/696 1527/1701/696 1528/1660/696
f 1388/1661/697 1185/1702/697 1197/1664/697 1532/1665/697 1534/1662/697
f 1197/1664/698 1227/1666/698 1530/1667/698 1532/1665/698
f 1227/1666/699 1228/1668/699 1531/1669/699 1530/1667/699
f 1228/1668/700 1229/1670/700 1529/1671/700 1531/1669/700
f 1229/1670/701 1230/1672/701 1533/1673/701 1529/1671/701
f 1239/1605/734 1238/1606/734 1458/1607/734 1454/1604/734
f 1238/1606/735 1215/1608/735 1456/1609/735 1458/1607/735
f 1215/1608/736 1217/1610/736 1455/1611/736 1456/1609/736
f 1217/1610/737 1194/1612/737 1457/1613/737 1455/1611/737
f 1194/1612/738 1182/1703/738 1335/1615/738 1453/1616/738 1457/1613/738
f 1335/1615/739 1336/1617/739 1459/1618/739 1453/1616/739
f 1336/1617/740 1341/1619/740 1452/1620/740 1459/1618/740
f 1341/1619/741 1340/1621/741 1461/1622/741 1452/1620/741
f 1340/1621/742 1339/1623/742 1441/1624/742 1461/1622/742
f 1339/1623/743 1338/1625/743 1445/1626/743 1441/1624/743
f 1338/1625/744 1337/1704/744 1342/1627/744 1460/1628/744 1445/1626/744
f 1342/1627/745 1345/1630/745 1426/1631/745 1460/1628/745
f 1345/1630/750 1346/1632/750 1428/1633/750 1426/1631/750
f 1346/1632/747 1344/1634/747 1421/1635/747 1428/1633/747
f 1344/1634/748 1343/1705/748 1351/1636/748 1430/1637/748 1421/1635/748
f 1430/1637/749 1351/1636/749 1350/1638/749 1411/1639/749
f 1411/1639/718 1350/1638/718 1348/1640/718 1415/1641/718
f 1415/1641/719 1348/1640/719 1349/1642/719 1404/1643/719
f 1404/1643/720 1349/1642/720 1347/1706/720 1352/1644/720 1405/1645/720
f 1405/1645/721 1352/1644/721 1354/1646/721 1408/1647/721
f 1408/1647/722 1354/1646/722 1353/1649/722 1412/1650/722
f 1412/1650/723 1353/1649/723 1355/1651/723 1416/1652/723
f 1416/1652/724 1355/1651/724 1357/1653/724 1418/1654/724
f 1418/1654/725 1357/1653/725 1356/1655/725 1419/1656/725
f 1419/1656/726 1356/1655/726 1360/1707/726 1361/1657/726 1425/1658/726
f 1425/1658/727 1361/1657/727 1362/1659/727 1433/1660/727
f 1433/1660/728 1362/1659/728 1359/1708/728 1358/1661/728 1437/1662/728 1434/1689/728
f 1437/1662/729 1358/1661/729 1183/1709/729 1196/1664/729 1443/1665/729
f 1443/1665/751 1196/1664/751 1224/1666/751 1439/1667/751
f 1439/1667/731 1224/1666/731 1237/1668/731 1448/1669/731
f 1448/1669/732 1237/1668/732 1236/1670/732 1451/1671/732
f 1236/1670/733 1239/1672/733 1454/1673/733 1451/1671/733
f 4696/1604/685 4700/1607/685 4354/1606/685 4351/1605/685
f 4700/1607/684 4698/1609/684 4352/1608/684 4354/1606/684
f 4698/1609/683 4711/1611/683 4353/1610/683 4352/1608/683
f 4711/1611/2562 4597/1613/2562 4324/1612/2562 4353/1610/2562
f 4324/1612/2563 4597/1613/2563 4606/1616/2563 4440/1615/2563 4311/1614/2563
f 4440/1615/680 4606/1616/680 4600/1618/680 4441/1617/680
f 4441/1617/2564 4600/1618/2564 4604/1620/2564 4443/1619/2564
f 4443/1619/2565 4604/1620/2565 4602/1622/2565 4442/1621/2565
f 4442/1621/2566 4602/1622/2566 4601/1624/2566 4447/1623/2566
f 4447/1623/2567 4601/1624/2567 4603/1626/2567 4446/1625/2567
f 4446/1625/675 4603/1626/675 4599/1628/675 4445/1627/675
f 4445/1627/674 4599/1628/674 4605/1631/674 4448/1630/674 4444/1629/674
f 4448/1630/2568 4605/1631/2568 4596/1633/2568 4453/1632/2568
f 4453/1632/672 4596/1633/672 4598/1635/672 4452/1634/672
f 4452/1634/671 4598/1635/671 4594/1637/671 4449/1636/671
f 4449/1636/670 4594/1637/670 4595/1639/670 4450/1638/670
f 4450/1638/669 4595/1639/669 4593/1641/669 4458/1640/669 4451/1638/669
f 4458/1640/668 4593/1641/668 4682/1643/668 4457/1642/668
f 4457/1642/667 4682/1643/667 4686/1645/667 4456/1644/667
f 4456/1644/666 4686/1645/666 4677/1647/666 4455/1646/666
f 4677/1647/2569 4676/1650/2569 4461/1649/2569 4454/1648/2569 4455/1646/2569
f 4676/1650/2570 4690/1652/2570 4465/1651/2570 4461/1649/2570
f 4690/1652/2571 4671/1654/2571 4463/1653/2571 4465/1651/2571
f 4671/1654/662 4666/1656/662 4462/1655/662 4463/1653/662
f 4666/1656/661 4672/1658/661 4464/1657/661 4462/1655/661
f 4672/1658/2572 4668/1660/2572 4459/1659/2572 4464/1657/2572
f 4668/1660/2573 4691/1662/2573 4460/1661/2573 4459/1659/2573
f 4691/1662/2574 4678/1665/2574 4323/1664/2574 4312/1663/2574 4460/1661/2574
f 4678/1665/657 4687/1667/657 4347/1666/657 4323/1664/657
f 4687/1667/656 4683/1669/656 4349/1668/656 4347/1666/656
f 4683/1669/655 4692/1671/655 4350/1670/655 4349/1668/655
f 4692/1671/654 4696/1673/654 4351/1672/654 4350/1670/654
f 4613/1604/733 4611/1607/733 4345/1606/733 4344/1605/733
f 4611/1607/732 4617/1609/732 4343/1608/732 4345/1606/732
f 4617/1609/731 4614/1611/731 4341/1610/731 4343/1608/731
f 4614/1611/751 4618/1613/751 4320/1612/751 4341/1610/751
f 4618/1613/729 4625/1616/729 4416/1615/729 4309/1674/729 4320/1612/729
f 4625/1616/728 4626/1676/728 4627/1618/728 4412/1617/728 4413/1675/728 4416/1615/728
f 4627/1618/727 4631/1620/727 4415/1619/727 4412/1617/727
f 4631/1620/726 4635/1622/726 4418/1621/726 4414/1677/726 4415/1619/726
f 4635/1622/725 4637/1624/725 4417/1623/725 4418/1621/725
f 4417/1623/724 4637/1624/724 4642/1626/724 4420/1625/724
f 4420/1625/723 4642/1626/723 4643/1628/723 4419/1627/723
f 4419/1627/722 4643/1628/722 4652/1631/722 4423/1630/722
f 4423/1630/2575 4652/1631/2575 4647/1633/2575 4421/1632/2575
f 4421/1632/720 4647/1633/720 4648/1635/720 4426/1634/720 4422/1678/720
f 4426/1634/719 4648/1635/719 4651/1637/719 4428/1636/719
f 4428/1636/2576 4651/1637/2576 4645/1639/2576 4427/1638/2576
f 4427/1638/749 4645/1639/749 4655/1641/749 4424/1640/749
f 4424/1640/748 4655/1641/748 4638/1643/748 4432/1642/748 4425/1679/748
f 4432/1642/747 4638/1643/747 4640/1645/747 4431/1644/747
f 4431/1644/746 4640/1645/746 4632/1647/746 4433/1646/746
f 4433/1646/745 4632/1647/745 4633/1650/745 4430/1649/745
f 4430/1649/744 4633/1650/744 4622/1652/744 4437/1651/744 4429/1680/744
f 4437/1651/743 4622/1652/743 4620/1654/743 4438/1653/743
f 4438/1653/742 4620/1654/742 4616/1656/742 4436/1655/742
f 4436/1655/741 4616/1656/741 4621/1658/741 4439/1657/741
f 4621/1658/740 4610/1660/740 4435/1659/740 4439/1657/740
f 4610/1660/739 4612/1662/739 4434/1661/739 4435/1659/739
f 4612/1662/738 4608/1665/738 4322/1664/738 4310/1681/738 4434/1661/738
f 4608/1665/737 4607/1667/737 4338/1666/737 4322/1664/737
f 4607/1667/736 4623/1669/736 4339/1668/736 4338/1666/736
f 4623/1669/735 4609/1671/735 4340/1670/735 4339/1668/735
f 4609/1671/734 4613/1673/734 4344/1672/734 4340/1670/734
f 4717/1604/701 4720/1607/701 4364/1606/701 4363/1605/701
f 4720/1607/700 4715/1609/700 4335/1608/700 4364/1606/700
f 4715/1609/699 4716/1611/699 4336/1610/699 4335/1608/699
f 4716/1611/698 4721/1613/698 4319/1612/698 4336/1610/698
f 4721/1613/697 4718/1616/697 4384/1615/697 4307/1682/697 4319/1612/697
f 4718/1616/696 4719/1683/696 4731/1618/696 4385/1617/696 4384/1615/696
f 4731/1618/695 4722/1620/695 4387/1619/695 4385/1617/695
f 4722/1620/694 4724/1622/694 4386/1621/694 4387/1619/694
f 4724/1622/693 4729/1624/693 4388/1623/693 4386/1621/693
f 4729/1624/692 4726/1626/692 4389/1625/692 4388/1623/692
f 4726/1626/691 4725/1628/691 4391/1627/691 4390/1684/691 4389/1625/691
f 4725/1628/690 4728/1631/690 4392/1630/690 4391/1627/690
f 4728/1631/689 4727/1633/689 4395/1632/689 4392/1630/689
f 4727/1633/688 4639/1635/688 4394/1634/688 4395/1632/688
f 4639/1635/687 4656/1637/687 4397/1636/687 4393/1685/687 4394/1634/687
f 4397/1636/686 4656/1637/686 4646/1639/686 4396/1638/686
f 4396/1638/2577 4646/1639/2577 4654/1641/2577 4398/1640/2577
f 4398/1640/716 4654/1641/716 4650/1643/716 4400/1642/716
f 4400/1642/715 4650/1643/715 4649/1645/715 4401/1644/715 4399/1686/715
f 4401/1644/2578 4649/1645/2578 4653/1647/2578 4408/1646/2578
f 4408/1646/713 4653/1647/713 4644/1650/713 4406/1649/713
f 4406/1649/712 4644/1650/712 4641/1652/712 4407/1651/712
f 4407/1651/711 4641/1652/711 4636/1654/711 4409/1653/711
f 4409/1653/710 4636/1654/710 4634/1656/710 4404/1655/710
f 4404/1655/709 4634/1656/709 4630/1658/709 4410/1657/709 4405/1687/709
f 4410/1657/708 4630/1658/708 4628/1660/708 4411/1659/708
f 4411/1659/707 4628/1660/707 4629/1689/707 4624/1662/707 4403/1661/707 4402/1688/707
f 4403/1661/706 4624/1662/706 4619/1665/706 4321/1664/706 4308/1690/706
f 4321/1664/705 4619/1665/705 4615/1667/705 4342/1666/705
f 4342/1666/704 4615/1667/704 4723/1669/704 4365/1668/704
f 4365/1668/703 4723/1669/703 4730/1671/703 4366/1670/703
f 4730/1671/702 4717/1673/702 4363/1672/702 4366/1670/702
f 4333/1605/669 4697/1604/669 4693/1607/669 4331/1606/669
f 4331/1606/668 4693/1607/668 4684/1609/668 4329/1608/668
f 4329/1608/667 4684/1609/667 4688/1611/667 4330/1610/667
f 4330/1610/666 4688/1611/666 4679/1613/666 4317/1612/666
f 4679/1613/665 4694/1616/665 4524/1615/665 4305/1691/665 4317/1612/665
f 4694/1616/664 4670/1683/664 4669/1618/664 4525/1617/664 4524/1615/664
f 4669/1618/663 4673/1620/663 4523/1619/663 4525/1617/663
f 4673/1620/662 4675/1622/662 4522/1621/662 4523/1619/662
f 4675/1622/661 4667/1624/661 4526/1623/661 4522/1621/661
f 4667/1624/660 4674/1626/660 4527/1625/660 4526/1623/660
f 4674/1626/659 4695/1628/659 4529/1627/659 4527/1625/659
f 4695/1628/2574 4680/1631/2574 4530/1630/2574 4528/1692/2574 4529/1627/2574
f 4680/1631/657 4689/1633/657 4531/1632/657 4530/1630/657
f 4689/1633/656 4685/1635/656 4532/1634/656 4531/1632/656
f 4685/1635/655 4681/1637/655 4533/1636/655 4532/1634/655
f 4681/1637/654 4734/1639/654 4534/1638/654 4533/1636/654
f 4734/1639/685 4702/1641/685 4372/1640/685 4371/1638/685 4534/1638/685
f 4702/1641/684 4699/1643/684 4376/1642/684 4372/1640/684
f 4699/1643/683 4713/1645/683 4375/1644/683 4376/1642/683
f 4713/1645/682 4710/1647/682 4373/1646/682 4375/1644/682
f 4373/1646/681 4710/1647/681 4704/1650/681 4379/1649/681 4374/1693/681
f 4379/1649/680 4704/1650/680 4708/1652/680 4380/1651/680
f 4380/1651/2564 4708/1652/2564 4733/1654/2564 4383/1653/2564
f 4383/1653/2565 4733/1654/2565 4714/1656/2565 4381/1655/2565
f 4381/1655/2566 4714/1656/2566 4732/1658/2566 4382/1657/2566
f 4382/1657/2567 4732/1658/2567 4705/1660/2567 4377/1659/2567
f 4377/1659/675 4705/1660/675 4706/1694/675 4707/1662/675 4378/1661/675
f 4378/1661/2579 4707/1662/2579 4709/1665/2579 4318/1664/2579 4306/1695/2579
f 4318/1664/673 4709/1665/673 4703/1667/673 4334/1666/673
f 4334/1666/672 4703/1667/672 4712/1669/672 4337/1668/672
f 4337/1668/671 4712/1669/671 4701/1671/671 4332/1670/671
f 4332/1670/670 4701/1671/670 4697/1673/670 4333/1672/670
f 4361/1605/2580 4664/1604/2580 4581/1607/2580 4362/1606/2580
f 4362/1606/748 4581/1607/748 4580/1609/748 4357/1608/748
f 4357/1608/747 4580/1609/747 4571/1611/747 4356/1610/747
f 4356/1610/746 4571/1611/746 4573/1613/746 4326/1612/746
f 4326/1612/745 4573/1613/745 4567/1616/745 4500/1615/745 4315/1674/745
f 4500/1615/744 4567/1616/744 4566/1676/744 4563/1618/744 4497/1617/744 4496/1696/744
f 4497/1617/743 4563/1618/743 4555/1620/743 4494/1619/743
f 4494/1619/742 4555/1620/742 4554/1622/742 4498/1621/742 4495/1697/742
f 4498/1621/741 4554/1622/741 4551/1624/741 4499/1623/741
f 4551/1624/2581 4548/1626/2581 4505/1625/2581 4499/1623/2581
f 4548/1626/739 4544/1628/739 4504/1627/739 4505/1625/739
f 4544/1628/738 4540/1631/738 4501/1630/738 4504/1627/738
f 4540/1631/737 4537/1633/737 4502/1632/737 4501/1630/737
f 4537/1633/736 4538/1635/736 4506/1634/736 4503/1698/736 4502/1632/736
f 4538/1635/735 4541/1637/735 4507/1636/735 4506/1634/735
f 4541/1637/2582 4545/1639/2582 4508/1638/2582 4507/1636/2582
f 4545/1639/733 4562/1641/733 4510/1640/733 4508/1638/733
f 4562/1641/732 4553/1643/732 4511/1642/732 4509/1699/732 4510/1640/732
f 4553/1643/2583 4560/1645/2583 4512/1644/2583 4511/1642/2583
f 4560/1645/730 4558/1647/730 4513/1646/730 4512/1644/730
f 4558/1647/729 4578/1650/729 4515/1649/729 4513/1646/729
f 4578/1650/728 4577/1652/728 4516/1651/728 4514/1700/728 4515/1649/728
f 4577/1652/727 4569/1654/727 4518/1653/727 4516/1651/727
f 4569/1654/726 4575/1656/726 4517/1655/726 4518/1653/726
f 4575/1656/725 4657/1658/725 4521/1657/725 4517/1655/725
f 4521/1657/724 4657/1658/724 4659/1660/724 4520/1659/724
f 4520/1659/723 4659/1660/723 4658/1701/723 4665/1662/723 4519/1661/723
f 4519/1661/2584 4665/1662/2584 4663/1665/2584 4328/1664/2584 4316/1702/2584
f 4328/1664/721 4663/1665/721 4661/1667/721 4358/1666/721
f 4358/1666/720 4661/1667/720 4662/1669/720 4359/1668/720
f 4359/1668/719 4662/1669/719 4660/1671/719 4360/1670/719
f 4360/1670/2585 4660/1671/2585 4664/1673/2585 4361/1672/2585
f 4370/1605/2586 4585/1604/2586 4589/1607/2586 4369/1606/2586
f 4369/1606/716 4589/1607/716 4587/1609/716 4346/1608/716
f 4346/1608/715 4587/1609/715 4586/1611/715 4348/1610/715
f 4348/1610/714 4586/1611/714 4588/1613/714 4325/1612/714
f 4325/1612/2587 4588/1613/2587 4584/1616/2587 4466/1615/2587 4313/1703/2587
f 4466/1615/712 4584/1616/712 4590/1618/712 4467/1617/712
f 4467/1617/711 4590/1618/711 4583/1620/711 4472/1619/711
f 4472/1619/710 4583/1620/710 4592/1622/710 4471/1621/710
f 4471/1621/709 4592/1622/709 4572/1624/709 4470/1623/709
f 4470/1623/708 4572/1624/708 4576/1626/708 4469/1625/708
f 4469/1625/707 4576/1626/707 4591/1628/707 4473/1627/707 4468/1704/707
f 4473/1627/706 4591/1628/706 4557/1631/706 4476/1630/706
f 4476/1630/2588 4557/1631/2588 4559/1633/2588 4477/1632/2588
f 4477/1632/704 4559/1633/704 4552/1635/704 4475/1634/704
f 4475/1634/703 4552/1635/703 4561/1637/703 4482/1636/703 4474/1705/703
f 4561/1637/702 4542/1639/702 4481/1638/702 4482/1636/702
f 4542/1639/2589 4546/1641/2589 4479/1640/2589 4481/1638/2589
f 4546/1641/700 4535/1643/700 4480/1642/700 4479/1640/700
f 4535/1643/2590 4536/1645/2590 4483/1644/2590 4478/1706/2590 4480/1642/2590
f 4536/1645/2591 4539/1647/2591 4485/1646/2591 4483/1644/2591
f 4539/1647/697 4543/1650/697 4484/1649/697 4485/1646/697
f 4543/1650/696 4547/1652/696 4486/1651/696 4484/1649/696
f 4547/1652/2592 4549/1654/2592 4488/1653/2592 4486/1651/2592
f 4549/1654/694 4550/1656/694 4487/1655/694 4488/1653/694
f 4550/1656/693 4556/1658/693 4492/1657/693 4491/1707/693 4487/1655/693
f 4556/1658/692 4564/1660/692 4493/1659/692 4492/1657/692
f 4564/1660/691 4565/1689/691 4568/1662/691 4489/1661/691 4490/1708/691 4493/1659/691
f 4568/1662/690 4574/1665/690 4327/1664/690 4314/1709/690 4489/1661/690
f 4574/1665/689 4570/1667/689 4355/1666/689 4327/1664/689
f 4570/1667/688 4579/1669/688 4368/1668/688 4355/1666/688
f 4579/1669/687 4582/1671/687 4367/1670/687 4368/1668/687
f 4367/1670/2593 4582/1671/2593 4585/1673/2593 4370/1672/2593
s 1
f 4/1/1 117/2/1 118/3/2 5/4/2
f 5/4/2 118/3/2 119/5/3 6/6/3
f 6/6/3 119/5/3 120/7/4 7/8/4
f 7/8/4 120/7/4 121/9/5 8/10/5
f 8/10/5 121/9/5 122/11/6 9/12/6
f 9/12/6 122/11/6 123/13/7 10/14/7
f 10/14/7 123/13/7 124/15/8 11/16/8
f 11/16/8 124/15/8 125/17/9 12/18/9
f 12/18/9 125/17/9 126/19/10 13/20/10
f 13/20/10 126/19/10 127/21/11 14/22/11
f 14/22/11 127/21/11 128/23/12 15/24/12
f 15/24/12 128/23/12 129/25/13 16/26/13
f 16/26/13 129/25/13 130/27/14 17/28/14
f 17/28/14 130/27/14 131/29/15 18/30/15
f 18/30/15 131/29/15 132/31/16 19/32/16
f 19/32/16 132/31/16 133/33/17 20/34/17
f 20/34/17 133/33/17 134/35/18 21/36/18
f 21/36/18 134/35/18 135/37/19 22/38/19
f 22/38/19 135/37/19 136/39/20 23/40/20
f 23/40/20 136/39/20 137/41/21 24/42/21
f 24/42/21 137/41/21 138/43/22 25/44/22
f 25/44/22 138/43/22 139/45/23 26/46/23
f 26/46/23 139/45/23 140/47/24 27/48/24
f 27/48/24 140/47/24 141/49/25 28/50/25
f 28/50/25 141/49/25 142/51/26 29/52/26
f 29/52/26 142/51/26 143/53/27 30/54/27
f 30/54/27 143/53/27 144/55/28 31/56/28
f 31/56/28 144/55/28 145/57/29 32/58/29
f 32/58/29 145/57/29 146/59/30 33/60/30
f 33/60/30 146/59/30 147/61/31 34/62/31
f 34/62/31 147/61/31 148/63/32 35/64/32
f 35/64/32 148/63/32 149/65/33 36/66/33
f 73/67/34 91/68/34 104/69/35 53/70/35
f 37/71/36 150/72/36 151/73/37 38/74/37
f 38/74/37 151/73/37 112/75/35 39/76/35
f 40/77/34 113/78/34 114/79/38 1/80/38
f 43/81/19 107/82/19 82/83/18 41/84/18
f 70/85/15 84/86/15 83/87/14 68/88/14
f 59/89/4 105/90/4 89/91/3 61/92/3
f 3/93/39 116/94/39 117/2/1 4/1/1
f 65/95/10 86/96/10 85/97/9 78/98/9
f 43/99/40 2/100/40 3/101/40 4/102/40 5/103/40 6/104/40 7/105/40 8/106/40 9/107/40 10/108/40 11/109/40 12/110/40 13/111/40 14/112/40 15/113/40 16/114/40 17/115/40 18/116/40 19/117/40 20/118/40 21/119/40 22/120/40 23/121/40 24/122/40 25/123/40 26/124/40 27/125/40 28/126/40 29/127/40 30/128/40 31/129/40 32/130/40 33/131/40 34/132/40 35/133/40 36/134/40 37/135/40 38/136/40 39/137/40 40/138/40 79/139/40 69/140/40 70/141/40 68/142/40 75/143/40 66/144/40 67/145/40 65/146/40 78/147/40 62/148/40 64/149/40 63/150/40 74/151/40 59/152/40 61/153/40 60/154/40 77/155/40 56/156/40 58/157/40 57/158/40 73/159/40 53/160/40 55/161/40 54/162/40 80/163/40 50/164/40 52/165/40 51/166/40 72/167/40 48/168/40 49/169/40 47/170/40 76/171/40 45/172/40 46/173/40 44/174/40 71/175/40 42/176/40
f 40/138/40 1/177/40 2/100/40 43/99/40 41/178/40 79/139/40
f 64/179/7 154/180/7 88/181/6 63/182/6
f 39/76/35 112/75/35 113/78/34 40/77/34
f 68/88/14 83/87/14 152/183/13 75/184/13
f 56/185/39 110/186/39 155/187/41 58/188/41
f 76/189/25 97/190/25 103/191/24 45/192/24
f 74/193/5 87/194/5 105/90/4 59/89/4
f 72/195/29 95/196/29 106/197/28 48/198/28
f 78/98/9 85/97/9 102/199/8 62/200/8
f 62/200/8 102/199/8 154/180/7 64/179/7
f 75/184/13 152/183/13 160/201/12 66/202/12
f 71/203/21 111/204/21 108/205/20 42/206/20
f 79/207/17 81/208/17 101/209/16 69/210/16
f 69/210/16 101/209/16 84/86/15 70/85/15
f 48/198/28 106/197/28 158/211/27 49/212/27
f 44/213/22 99/214/22 111/204/21 71/203/21
f 46/215/23 100/216/23 99/214/22 44/213/22
f 42/206/20 108/205/20 107/82/19 43/81/19
f 67/217/11 153/218/11 86/96/10 65/95/10
f 47/219/26 98/220/26 97/190/25 76/189/25
f 49/212/27 158/211/27 98/220/26 47/219/26
f 66/202/12 160/201/12 153/218/11 67/217/11
f 36/66/33 149/65/33 150/72/36 37/71/36
f 52/221/31 157/222/31 96/223/30 51/224/30
f 51/224/30 96/223/30 95/196/29 72/195/29
f 77/225/1 109/226/1 110/186/39 56/185/39
f 55/227/37 93/228/37 94/229/36 54/230/36
f 54/230/36 94/229/36 156/231/33 80/232/33
f 45/192/24 103/191/24 100/216/23 46/215/23
f 57/233/38 92/234/38 91/68/34 73/67/34
f 58/188/41 155/187/41 92/234/38 57/233/38
f 80/232/33 156/231/33 159/235/32 50/236/32
f 60/237/2 90/238/2 109/226/1 77/225/1
f 61/92/3 89/91/3 90/238/2 60/237/2
f 50/236/32 159/235/32 157/222/31 52/221/31
f 53/70/35 104/69/35 93/228/37 55/227/37
f 63/182/6 88/181/6 87/194/5 74/193/5
f 2/239/41 115/240/41 116/94/39 3/93/39
f 1/241/38 114/242/38 115/240/41 2/239/41
f 82/243/42 114/244/42 113/245/42 112/246/42 151/247/42 150/248/42 149/249/42 148/250/42 147/251/42 146/252/42 145/253/42 144/254/42 143/255/42 142/256/42 141/257/42 140/258/42 139/259/42 138/260/42 137/261/42 136/262/42 135/263/42 134/264/42 133/265/42 132/266/42 131/267/42 130/268/42 129/269/42 128/270/42 127/271/42 126/272/42 125/273/42 124/274/42 123/275/42 122/276/42 121/277/42 120/278/42 119/279/42 118/280/42 117/281/42 116/282/42 108/283/42 111/284/42 99/285/42 100/286/42 103/287/42 97/288/42 98/289/42 158/290/42 106/291/42 95/292/42 96/293/42 157/294/42 159/295/42 156/296/42 94/297/42 93/298/42 104/299/42 91/300/42 92/301/42 155/302/42 110/303/42 109/304/42 90/305/42 89/306/42 105/307/42 87/308/42 88/309/42 154/310/42 102/311/42 85/312/42 86/313/42 153/314/42 160/315/42 152/316/42 83/317/42 84/318/42 101/319/42 81/320/42
f 108/283/42 116/282/42 115/321/42 114/244/42 82/243/42 107/322/42
f 41/323/18 82/324/18 81/208/17 79/207/17
f 1053/1072/21 1148/1/21 1149/4/22 1038/1073/22
f 1017/1074/14 1153/71/14 1142/74/15 1016/1075/15
f 1042/1076/28 1168/16/28 1166/18/29 1043/1077/29
f 1034/1078/36 1150/28/36 1151/30/37 1035/1079/37
f 1040/1080/25 1155/10/25 1134/12/26 1045/1081/26
f 1021/1082/18 1146/241/18 1147/239/19 1020/1083/19
f 1036/1084/32 1156/24/32 1157/26/33 1037/1085/33
f 1049/1086/1 1161/42/1 1136/44/2 1028/1087/2
f 1028/1087/2 1136/44/2 1137/46/3 1029/1088/3
f 1047/1089/11 1141/62/11 1169/64/12 1014/1090/12
f 1037/1085/33 1157/26/33 1150/28/36 1034/1078/36
f 1044/1091/27 1135/14/27 1168/16/28 1042/1076/28
f 1035/1079/37 1151/30/37 1171/32/35 1032/1092/35
f 1031/1093/41 1173/38/41 1160/40/39 1052/1094/39
f 1033/1095/34 1158/34/34 1159/36/38 1030/1096/38
f 1032/1092/35 1171/32/35 1158/34/34 1033/1095/34
f 1015/1097/13 1152/66/13 1153/71/14 1017/1074/14
f 1020/1083/19 1147/239/19 1172/93/20 1051/1098/20
f 1026/1099/4 1165/48/4 1162/50/5 1027/1100/5
f 1160/40/39 1161/42/1 1049/1086/1 1048/1101/120 1052/1094/39
f 1055/1102/31 1170/22/31 1156/24/32 1036/1084/32
f 1027/1100/5 1162/50/5 1163/52/6 1023/1103/6
f 1023/1103/6 1163/52/6 1138/54/7 1024/1104/7
f 1024/1104/7 1138/54/7 1139/56/8 1022/1105/8
f 1043/1077/29 1166/18/29 1167/20/30 1054/1106/30
f 1025/1107/9 1164/58/9 1140/60/10 1046/1108/10
f 1022/1105/8 1139/56/8 1164/58/9 1025/1107/9
f 1172/93/20 1148/1/21 1053/1072/21 1050/1109/361 1051/1098/20
f 1046/1108/10 1140/60/10 1141/62/11 1047/1089/11
f 1029/1088/3 1137/46/3 1165/48/4 1026/1099/4
f 1014/1090/12 1169/64/12 1152/66/13 1015/1097/13
f 1016/1075/15 1142/74/15 1143/76/16 1019/1110/16
f 1019/1110/16 1143/76/16 1154/77/17 1018/1111/17
f 1030/1096/38 1159/36/38 1173/38/41 1031/1093/41
f 1018/1111/17 1154/77/17 1146/80/18 1021/1112/18
f 1038/1073/22 1149/4/22 1144/6/23 1039/1113/23
f 1039/1113/23 1144/6/23 1145/8/24 1041/1114/24
f 1054/1106/30 1167/20/30 1170/22/31 1055/1102/31
f 1041/1114/24 1145/8/24 1155/10/25 1040/1080/25
f 1437/1404/42 1436/1405/42 1435/1406/42 1434/1407/42
f 1475/1408/42 1469/1409/42 1473/1410/42 1471/1411/42 1470/1412/42 1472/1413/42 1468/1414/42 1474/1415/42 1465/1416/42 1467/1417/42 1463/1418/42 1464/1419/42 1462/1420/42 1551/1421/42 1173/120/42 1159/119/42 1158/118/42 1171/117/42 1151/116/42 1150/115/42 1157/114/42 1156/113/42 1170/112/42 1520/1422/42 1514/1423/42 1524/1424/42 1507/1425/42 1509/1426/42 1501/1427/42 1502/1428/42 1491/1429/42 1489/1430/42 1485/1431/42 1490/1432/42 1479/1433/42 1481/1434/42
f 1496/1435/42 1500/1436/42 1504/1437/42 1506/1438/42 1511/1439/42 1512/1440/42 1521/1441/42 1516/1442/42 1517/1443/42 1520/1422/42 1170/112/42 1167/111/42 1166/110/42 1168/109/42 1135/108/42 1134/107/42 1155/106/42 1145/105/42 1144/104/42 1149/103/42 1148/102/42 1172/101/42 1147/100/42 1146/177/42 1154/138/42 1143/137/42 1142/136/42 1153/135/42 1152/134/42 1169/133/42 1141/132/42 1140/131/42 1164/130/42 1139/129/42 1138/128/42 1163/127/42 1162/126/42 1165/125/42 1137/124/42 1136/123/42 1161/122/42 1160/121/42 1173/120/42 1551/1421/42 1555/1444/42 1546/1445/42 1545/1446/42 1559/1447/42 1540/1448/42 1535/1449/42 1541/1450/42 1537/1451/42 1560/1452/42 1547/1453/42 1556/1454/42 1552/1455/42 1561/1456/42 1565/1457/42 1569/1458/42 1567/1459/42 1580/1460/42 1466/1461/42 1475/1408/42 1481/1434/42 1477/1462/42 1476/1463/42 1492/1464/42 1478/1465/42 1482/1466/42 1480/1467/42 1486/1468/42 1483/1469/42 1487/1470/42 1494/1471/42 1493/1472/42 1488/1473/42 1484/1474/42 1592/1475/42 1599/1476/42 1586/1477/42 1589/1478/42 1584/1479/42 1585/1480/42 1590/1481/42 1587/1482/42 1576/1483/42 1578/1484/42 1572/1485/42 1581/1486/42 1570/1487/42 1566/1488/42 1562/1489/42 1553/1490/42 1557/1491/42 1548/1492/42 1563/1493/42 1534/1494/42 1532/1495/42 1530/1496/42 1531/1497/42 1529/1498/42 1533/1499/42 1450/1500/42 1449/1501/42 1440/1502/42 1442/1503/42 1436/1405/42 1437/1404/42 1443/1504/42 1439/1505/42 1448/1506/42 1451/1507/42 1454/1508/42 1458/1509/42 1456/1510/42 1455/1511/42 1457/1512/42 1453/1513/42 1459/1514/42 1452/1515/42 1461/1516/42 1441/1517/42 1445/1518/42 1460/1519/42 1426/1520/42 1428/1521/42 1421/1522/42 1430/1523/42 1411/1524/42 1415/1525/42 1404/1526/42 1405/1527/42 1408/1528/42 1412/1529/42 1416/1530/42 1418/1531/42 1419/1532/42 1425/1533/42 1433/1534/42 1434/1407/42 1435/1406/42 1432/1535/42 1424/1536/42 1423/1537/42 1420/1538/42 1417/1539/42 1413/1540/42 1409/1541/42 1406/1542/42 1407/1543/42 1410/1544/42 1414/1545/42 1431/1546/42 1422/1547/42 1429/1548/42 1427/1549/42 1447/1550/42 1446/1551/42 1438/1552/42 1444/1553/42 1526/1554/42 1528/1555/42 1527/1556/42 1539/1557/42 1538/1558/42 1542/1559/42 1544/1560/42 1536/1561/42 1543/1562/42 1564/1563/42 1549/1564/42 1558/1565/42 1554/1566/42 1550/1567/42 1603/1568/42 1571/1569/42 1568/1570/42 1582/1571/42 1579/1572/42 1573/1573/42 1577/1574/42 1602/1575/42 1583/1576/42 1601/1577/42 1574/1578/42 1575/1579/42 1588/1580/42 1600/1581/42 1591/1582/42 1593/1583/42 1598/1584/42 1595/1585/42 1594/1586/42 1597/1587/42 1596/1588/42 1508/1589/42 1525/1590/42 1515/1591/42 1523/1592/42 1519/1593/42 1518/1594/42 1522/1595/42 1513/1596/42 1510/1597/42 1505/1598/42 1503/1599/42 1499/1600/42 1497/1601/42 1498/1602/42 1495/1603/42
f 1493/1472/42 1494/1471/42 1495/1603/42 1498/1602/42
f 1527/1556/42 1534/1494/42 1563/1493/42 1539/1557/42
f 1575/1579/42 1576/1483/42 1587/1482/42 1588/1580/42
f 1045/1081/26 1134/12/26 1135/14/27 1044/1091/27
f 3135/1/37 3136/4/36 3249/3/36 3248/2/37
f 3136/4/36 3137/6/33 3250/5/33 3249/3/36
f 3137/6/33 3138/8/32 3251/7/32 3250/5/33
f 3138/8/32 3139/10/31 3252/9/31 3251/7/32
f 3139/10/31 3140/12/30 3253/11/30 3252/9/31
f 3140/12/30 3141/14/29 3254/13/29 3253/11/30
f 3141/14/29 3142/16/28 3255/15/28 3254/13/29
f 3142/16/28 3143/18/27 3256/17/27 3255/15/28
f 3143/18/27 3144/20/26 3257/19/26 3256/17/27
f 3144/20/26 3145/22/25 3258/21/25 3257/19/26
f 3145/22/25 3146/24/24 3259/23/24 3258/21/25
f 3146/24/24 3147/26/23 3260/25/23 3259/23/24
f 3147/26/23 3148/28/22 3261/27/22 3260/25/23
f 3148/28/22 3149/30/21 3262/29/21 3261/27/22
f 3149/30/21 3150/32/20 3263/31/20 3262/29/21
f 3150/32/20 3151/34/19 3264/33/19 3263/31/20
f 3151/34/19 3152/36/18 3265/35/18 3264/33/19
f 3152/36/18 3153/38/17 3266/37/17 3265/35/18
f 3153/38/17 3154/40/16 3267/39/16 3266/37/17
f 3154/40/16 3155/42/15 3268/41/15 3267/39/16
f 3155/42/15 3156/44/14 3269/43/14 3268/41/15
f 3156/44/14 3157/46/13 3270/45/13 3269/43/14
f 3157/46/13 3158/48/12 3271/47/12 3270/45/13
f 3158/48/12 3159/50/11 3272/49/11 3271/47/12
f 3159/50/11 3160/52/10 3273/51/10 3272/49/11
f 3160/52/10 3161/54/9 3274/53/9 3273/51/10
f 3161/54/9 3162/56/8 3275/55/8 3274/53/9
f 3162/56/8 3163/58/7 3276/57/7 3275/55/8
f 3163/58/7 3164/60/6 3277/59/6 3276/57/7
f 3164/60/6 3165/62/5 3278/61/5 3277/59/6
f 3165/62/5 3166/64/4 3279/63/4 3278/61/5
f 3166/64/4 3167/66/3 3280/65/3 3279/63/4
f 3204/67/41 3184/70/39 3235/69/39 3222/68/41
f 3168/71/2 3169/74/1 3282/73/1 3281/72/2
f 3169/74/1 3170/76/39 3243/75/39 3282/73/1
f 3171/77/41 3132/80/38 3245/79/38 3244/78/41
f 3174/81/17 3172/84/18 3213/83/18 3238/82/17
f 3201/85/21 3199/88/22 3214/87/22 3215/86/21
f 3190/89/32 3192/92/33 3220/91/33 3236/90/32
f 3134/93/35 3135/1/37 3248/2/37 3247/94/35
f 3196/95/26 3209/98/27 3216/97/27 3217/96/26
f 3174/99/40 3173/176/40 3202/175/40 3175/174/40 3177/173/40 3176/172/40 3207/171/40 3178/170/40 3180/169/40 3179/168/40 3203/167/40 3182/166/40 3183/165/40 3181/164/40 3211/163/40 3185/162/40 3186/161/40 3184/160/40 3204/159/40 3188/158/40 3189/157/40 3187/156/40 3208/155/40 3191/154/40 3192/153/40 3190/152/40 3205/151/40 3194/150/40 3195/149/40 3193/148/40 3209/147/40 3196/146/40 3198/145/40 3197/144/40 3206/143/40 3199/142/40 3201/141/40 3200/140/40 3210/139/40 3171/138/40 3170/137/40 3169/136/40 3168/135/40 3167/134/40 3166/133/40 3165/132/40 3164/131/40 3163/130/40 3162/129/40 3161/128/40 3160/127/40 3159/126/40 3158/125/40 3157/124/40 3156/123/40 3155/122/40 3154/121/40 3153/120/40 3152/119/40 3151/118/40 3150/117/40 3149/116/40 3148/115/40 3147/114/40 3146/113/40 3145/112/40 3144/111/40 3143/110/40 3142/109/40 3141/108/40 3140/107/40 3139/106/40 3138/105/40 3137/104/40 3136/103/40 3135/102/40 3134/101/40 3133/100/40
f 3171/138/40 3210/139/40 3172/178/40 3174/99/40 3133/100/40 3132/177/40
f 3195/179/29 3194/182/30 3219/181/30 3285/180/29
f 3170/76/39 3171/77/41 3244/78/41 3243/75/39
f 3199/88/22 3206/184/23 3283/183/23 3214/87/22
f 3187/185/35 3189/188/34 3286/187/34 3241/186/35
f 3207/189/11 3176/192/12 3234/191/12 3228/190/11
f 3205/193/31 3190/89/32 3236/90/32 3218/194/31
f 3203/195/7 3179/198/8 3237/197/8 3226/196/7
f 3209/98/27 3193/200/28 3233/199/28 3216/97/27
f 3193/200/28 3195/179/29 3285/180/29 3233/199/28
f 3206/184/23 3197/202/24 3291/201/24 3283/183/23
f 3202/203/15 3173/206/16 3239/205/16 3242/204/15
f 3210/207/19 3200/210/20 3232/209/20 3212/208/19
f 3200/210/20 3201/85/21 3215/86/21 3232/209/20
f 3179/198/8 3180/212/9 3289/211/9 3237/197/8
f 3175/213/14 3202/203/15 3242/204/15 3230/214/14
f 3177/215/13 3175/213/14 3230/214/14 3231/216/13
f 3173/206/16 3174/81/17 3238/82/17 3239/205/16
f 3198/217/25 3196/95/26 3217/96/26 3284/218/25
f 3178/219/10 3207/189/11 3228/190/11 3229/220/10
f 3180/212/9 3178/219/10 3229/220/10 3289/211/9
f 3197/202/24 3198/217/25 3284/218/25 3291/201/24
f 3167/66/3 3168/71/2 3281/72/2 3280/65/3
f 3183/221/5 3182/224/6 3227/223/6 3288/222/5
f 3182/224/6 3203/195/7 3226/196/7 3227/223/6
f 3208/225/37 3187/185/35 3241/186/35 3240/226/37
f 3186/227/1 3185/230/2 3225/229/2 3224/228/1
f 3185/230/2 3211/232/3 3287/231/3 3225/229/2
f 3176/192/12 3177/215/13 3231/216/13 3234/191/12
f 3188/233/38 3204/67/41 3222/68/41 3223/234/38
f 3189/188/34 3188/233/38 3223/234/38 3286/187/34
f 3211/232/3 3181/236/4 3290/235/4 3287/231/3
f 3191/237/36 3208/225/37 3240/226/37 3221/238/36
f 3192/92/33 3191/237/36 3221/238/36 3220/91/33
f 3181/236/4 3183/221/5 3288/222/5 3290/235/4
f 3184/70/39 3186/227/1 3224/228/1 3235/69/39
f 3194/182/30 3205/193/31 3218/194/31 3219/181/30
f 3133/239/34 3134/93/35 3247/94/35 3246/240/34
f 3132/241/38 3133/239/34 3246/240/34 3245/242/38
f 3213/243/42 3212/320/42 3232/319/42 3215/318/42 3214/317/42 3283/316/42 3291/315/42 3284/314/42 3217/313/42 3216/312/42 3233/311/42 3285/310/42 3219/309/42 3218/308/42 3236/307/42 3220/306/42 3221/305/42 3240/304/42 3241/303/42 3286/302/42 3223/301/42 3222/300/42 3235/299/42 3224/298/42 3225/297/42 3287/296/42 3290/295/42 3288/294/42 3227/293/42 3226/292/42 3237/291/42 3289/290/42 3229/289/42 3228/288/42 3234/287/42 3231/286/42 3230/285/42 3242/284/42 3239/283/42 3247/282/42 3248/281/42 3249/280/42 3250/279/42 3251/278/42 3252/277/42 3253/276/42 3254/275/42 3255/274/42 3256/273/42 3257/272/42 3258/271/42 3259/270/42 3260/269/42 3261/268/42 3262/267/42 3263/266/42 3264/265/42 3265/264/42 3266/263/42 3267/262/42 3268/261/42 3269/260/42 3270/259/42 3271/258/42 3272/257/42 3273/256/42 3274/255/42 3275/254/42 3276/253/42 3277/252/42 3278/251/42 3279/250/42 3280/249/42 3281/248/42 3282/247/42 3243/246/42 3244/245/42 3245/244/42
f 3239/283/42 3238/322/42 3213/243/42 3245/244/42 3246/321/42 3247/282/42
f 3172/323/18 3210/207/19 3212/208/19 3213/324/18
f 4184/1072/15 4169/1073/14 4280/4/14 4279/1/15
f 4148/1074/22 4147/1075/21 4273/74/21 4284/71/22
f 4173/1076/8 4174/1077/7 4297/18/7 4299/16/8
f 4165/1078/2 4166/1079/1 4282/30/1 4281/28/2
f 4171/1080/11 4176/1081/10 4265/12/10 4286/10/11
f 4152/1082/18 4151/1083/17 4278/239/17 4277/241/18
f 4167/1084/4 4168/1085/3 4288/26/3 4287/24/4
f 4180/1086/37 4159/1087/36 4267/44/36 4292/42/37
f 4159/1087/36 4160/1088/33 4268/46/33 4267/44/36
f 4178/1089/25 4145/1090/24 4300/64/24 4272/62/25
f 4168/1085/3 4165/1078/2 4281/28/2 4288/26/3
f 4175/1091/9 4173/1076/8 4299/16/8 4266/14/9
f 4166/1079/1 4163/1092/39 4302/32/39 4282/30/1
f 4162/1093/34 4183/1094/35 4291/40/35 4304/38/34
f 4164/1095/41 4161/1096/38 4290/36/38 4289/34/41
f 4163/1092/39 4164/1095/41 4289/34/41 4302/32/39
f 4146/1097/23 4148/1074/22 4284/71/22 4283/66/23
f 4151/1083/17 4182/1098/16 4303/93/16 4278/239/17
f 4157/1099/32 4158/1100/31 4293/50/31 4296/48/32
f 4291/40/35 4183/1094/35 4179/1101/531 4180/1086/37 4292/42/37
f 4186/1102/5 4167/1084/4 4287/24/4 4301/22/5
f 4158/1100/31 4154/1103/30 4294/52/30 4293/50/31
f 4154/1103/30 4155/1104/29 4269/54/29 4294/52/30
f 4155/1104/29 4153/1105/28 4270/56/28 4269/54/29
f 4174/1077/7 4185/1106/6 4298/20/6 4297/18/7
f 4156/1107/27 4177/1108/26 4271/60/26 4295/58/27
f 4153/1105/28 4156/1107/27 4295/58/27 4270/56/28
f 4303/93/16 4182/1098/16 4181/1109/290 4184/1072/15 4279/1/15
f 4177/1108/26 4178/1089/25 4272/62/25 4271/60/26
f 4160/1088/33 4157/1099/32 4296/48/32 4268/46/33
f 4145/1090/24 4146/1097/23 4283/66/23 4300/64/24
f 4147/1075/21 4150/1110/20 4274/76/20 4273/74/21
f 4150/1110/20 4149/1111/19 4285/77/19 4274/76/20
f 4161/1096/38 4162/1093/34 4304/38/34 4290/36/38
f 4149/1111/19 4152/1112/18 4277/80/18 4285/77/19
f 4169/1073/14 4170/1113/13 4275/6/13 4280/4/14
f 4170/1113/13 4172/1114/12 4276/8/12 4275/6/13
f 4185/1106/6 4186/1102/5 4301/22/5 4298/20/6
f 4172/1114/12 4171/1080/11 4286/10/11 4276/8/12
f 4568/1404/42 4565/1407/42 4566/1406/42 4567/1405/42
f 4606/1408/42 4612/1434/42 4610/1433/42 4621/1432/42 4616/1431/42 4620/1430/42 4622/1429/42 4633/1428/42 4632/1427/42 4640/1426/42 4638/1425/42 4655/1424/42 4645/1423/42 4651/1422/42 4301/112/42 4287/113/42 4288/114/42 4281/115/42 4282/116/42 4302/117/42 4289/118/42 4290/119/42 4304/120/42 4682/1421/42 4593/1420/42 4595/1419/42 4594/1418/42 4598/1417/42 4596/1416/42 4605/1415/42 4599/1414/42 4603/1413/42 4601/1412/42 4602/1411/42 4604/1410/42 4600/1409/42
f 4627/1435/42 4626/1603/42 4629/1602/42 4628/1601/42 4630/1600/42 4634/1599/42 4636/1598/42 4641/1597/42 4644/1596/42 4653/1595/42 4649/1594/42 4650/1593/42 4654/1592/42 4646/1591/42 4656/1590/42 4639/1589/42 4727/1588/42 4728/1587/42 4725/1586/42 4726/1585/42 4729/1584/42 4724/1583/42 4722/1582/42 4731/1581/42 4719/1580/42 4706/1579/42 4705/1578/42 4732/1577/42 4714/1576/42 4733/1575/42 4708/1574/42 4704/1573/42 4710/1572/42 4713/1571/42 4699/1570/42 4702/1569/42 4734/1568/42 4681/1567/42 4685/1566/42 4689/1565/42 4680/1564/42 4695/1563/42 4674/1562/42 4667/1561/42 4675/1560/42 4673/1559/42 4669/1558/42 4670/1557/42 4658/1556/42 4659/1555/42 4657/1554/42 4575/1553/42 4569/1552/42 4577/1551/42 4578/1550/42 4558/1549/42 4560/1548/42 4553/1547/42 4562/1546/42 4545/1545/42 4541/1544/42 4538/1543/42 4537/1542/42 4540/1541/42 4544/1540/42 4548/1539/42 4551/1538/42 4554/1537/42 4555/1536/42 4563/1535/42 4566/1406/42 4565/1407/42 4564/1534/42 4556/1533/42 4550/1532/42 4549/1531/42 4547/1530/42 4543/1529/42 4539/1528/42 4536/1527/42 4535/1526/42 4546/1525/42 4542/1524/42 4561/1523/42 4552/1522/42 4559/1521/42 4557/1520/42 4591/1519/42 4576/1518/42 4572/1517/42 4592/1516/42 4583/1515/42 4590/1514/42 4584/1513/42 4588/1512/42 4586/1511/42 4587/1510/42 4589/1509/42 4585/1508/42 4582/1507/42 4579/1506/42 4570/1505/42 4574/1504/42 4568/1404/42 4567/1405/42 4573/1503/42 4571/1502/42 4580/1501/42 4581/1500/42 4664/1499/42 4660/1498/42 4662/1497/42 4661/1496/42 4663/1495/42 4665/1494/42 4694/1493/42 4679/1492/42 4688/1491/42 4684/1490/42 4693/1489/42 4697/1488/42 4701/1487/42 4712/1486/42 4703/1485/42 4709/1484/42 4707/1483/42 4718/1482/42 4721/1481/42 4716/1480/42 4715/1479/42 4720/1478/42 4717/1477/42 4730/1476/42 4723/1475/42 4615/1474/42 4619/1473/42 4624/1472/42 4625/1471/42 4618/1470/42 4614/1469/42 4617/1468/42 4611/1467/42 4613/1466/42 4609/1465/42 4623/1464/42 4607/1463/42 4608/1462/42 4612/1434/42 4606/1408/42 4597/1461/42 4711/1460/42 4698/1459/42 4700/1458/42 4696/1457/42 4692/1456/42 4683/1455/42 4687/1454/42 4678/1453/42 4691/1452/42 4668/1451/42 4672/1450/42 4666/1449/42 4671/1448/42 4690/1447/42 4676/1446/42 4677/1445/42 4686/1444/42 4682/1421/42 4304/120/42 4291/121/42 4292/122/42 4267/123/42 4268/124/42 4296/125/42 4293/126/42 4294/127/42 4269/128/42 4270/129/42 4295/130/42 4271/131/42 4272/132/42 4300/133/42 4283/134/42 4284/135/42 4273/136/42 4274/137/42 4285/138/42 4277/177/42 4278/100/42 4303/101/42 4279/102/42 4280/103/42 4275/104/42 4276/105/42 4286/106/42 4265/107/42 4266/108/42 4299/109/42 4297/110/42 4298/111/42 4301/112/42 4651/1422/42 4648/1443/42 4647/1442/42 4652/1441/42 4643/1440/42 4642/1439/42 4637/1438/42 4635/1437/42 4631/1436/42
f 4624/1472/42 4629/1602/42 4626/1603/42 4625/1471/42
f 4658/1556/42 4670/1557/42 4694/1493/42 4665/1494/42
f 4706/1579/42 4719/1580/42 4718/1482/42 4707/1483/42
f 4176/1081/10 4175/1091/9 4266/14/9 4265/12/10
s 0
usemtl スポットライトメイン
f 161/241/43 162/242/43 164/240/43 163/239/43
f 163/239/44 164/240/44 166/94/44 165/93/44
f 165/93/45 166/94/45 168/2/45 167/1/45
f 167/1/46 168/2/46 170/3/46 169/4/46
f 169/4/47 170/3/47 172/5/47 171/6/47
f 171/6/48 172/5/48 174/7/48 173/8/48
f 173/8/49 174/7/49 176/9/49 175/10/49
f 175/10/50 176/9/50 178/11/50 177/12/50
f 177/12/51 178/11/51 180/13/51 179/14/51
f 179/14/52 180/13/52 182/15/52 181/16/52
f 181/16/53 182/15/53 184/17/53 183/18/53
f 183/18/54 184/17/54 186/19/54 185/20/54
f 185/20/55 186/19/55 188/21/55 187/22/55
f 187/22/56 188/21/56 190/23/56 189/24/56
f 189/24/57 190/23/57 192/25/57 191/26/57
f 191/26/58 192/25/58 194/27/58 193/28/58
f 193/28/59 194/27/59 196/29/59 195/30/59
f 195/30/60 196/29/60 198/31/60 197/32/60
f 197/32/61 198/31/61 200/33/61 199/34/61
f 199/34/62 200/33/62 202/35/62 201/36/62
f 201/36/63 202/35/63 204/37/63 203/38/63
f 203/38/64 204/37/64 206/39/64 205/40/64
f 205/40/65 206/39/65 208/41/65 207/42/65
f 207/42/66 208/41/66 210/43/66 209/44/66
f 209/44/67 210/43/67 212/45/67 211/46/67
f 211/46/68 212/45/68 214/47/68 213/48/68
f 213/48/69 214/47/69 216/49/69 215/50/69
f 215/50/70 216/49/70 218/51/70 217/52/70
f 217/52/71 218/51/71 220/53/71 219/54/71
f 219/54/72 220/53/72 222/55/72 221/56/72
f 221/56/73 222/55/73 224/57/73 223/58/73
f 223/58/74 224/57/74 226/59/74 225/60/74
f 225/60/75 226/59/75 228/61/75 227/62/75
f 227/62/76 228/61/76 230/63/76 229/64/76
f 229/64/77 230/63/77 232/65/77 231/66/77
f 231/66/78 232/65/78 234/72/78 233/71/78
f 233/71/79 234/72/79 236/73/79 235/74/79
f 235/74/80 236/73/80 238/75/80 237/76/80
f 164/321/8 162/244/8 240/245/8 238/246/8 236/247/8 234/248/8 232/249/8 230/250/8 228/251/8 226/252/8 224/253/8 222/254/8 220/255/8 218/256/8 216/257/8 214/258/8 212/259/8 210/260/8 208/261/8 206/262/8 204/263/8 202/264/8 200/265/8 198/266/8 196/267/8 194/268/8 192/269/8 190/270/8 188/271/8 186/272/8 184/273/8 182/274/8 180/275/8 178/276/8 176/277/8 174/278/8 172/279/8 170/280/8 168/281/8 166/282/8
f 237/76/81 238/75/81 240/78/81 239/77/81
f 239/77/82 240/78/82 162/79/82 161/80/82
f 161/177/28 163/100/28 165/101/28 167/102/28 169/103/28 171/104/28 173/105/28 175/106/28 177/107/28 179/108/28 181/109/28 183/110/28 185/111/28 187/112/28 189/113/28 191/114/28 193/115/28 195/116/28 197/117/28 199/118/28 201/119/28 203/120/28 205/121/28 207/122/28 209/123/28 211/124/28 213/125/28 215/126/28 217/127/28 219/128/28 221/129/28 223/130/28 225/131/28 227/132/28 229/133/28 231/134/28 233/135/28 235/136/28 237/137/28 239/138/28
f 241/241/43 243/239/43 244/240/43 242/242/43
f 243/239/44 245/93/44 246/94/44 244/240/44
f 245/93/45 247/1/45 248/2/45 246/94/45
f 247/1/46 249/4/46 250/3/46 248/2/46
f 249/4/47 251/6/47 252/5/47 250/3/47
f 251/6/48 253/8/48 254/7/48 252/5/48
f 253/8/49 255/10/49 256/9/49 254/7/49
f 255/10/50 257/12/50 258/11/50 256/9/50
f 257/12/51 259/14/51 260/13/51 258/11/51
f 259/14/52 261/16/52 262/15/52 260/13/52
f 261/16/53 263/18/53 264/17/53 262/15/53
f 263/18/54 265/20/54 266/19/54 264/17/54
f 265/20/55 267/22/55 268/21/55 266/19/55
f 267/22/56 269/24/56 270/23/56 268/21/56
f 269/24/57 271/26/57 272/25/57 270/23/57
f 271/26/58 273/28/58 274/27/58 272/25/58
f 273/28/59 275/30/59 276/29/59 274/27/59
f 275/30/60 277/32/60 278/31/60 276/29/60
f 277/32/61 279/34/61 280/33/61 278/31/61
f 279/34/62 281/36/62 282/35/62 280/33/62
f 281/36/63 283/38/63 284/37/63 282/35/63
f 283/38/64 285/40/64 286/39/64 284/37/64
f 285/40/65 287/42/65 288/41/65 286/39/65
f 287/42/66 289/44/66 290/43/66 288/41/66
f 289/44/67 291/46/67 292/45/67 290/43/67
f 291/46/68 293/48/68 294/47/68 292/45/68
f 293/48/69 295/50/69 296/49/69 294/47/69
f 295/50/70 297/52/70 298/51/70 296/49/70
f 297/52/71 299/54/71 300/53/71 298/51/71
f 299/54/72 301/56/72 302/55/72 300/53/72
f 301/56/73 303/58/73 304/57/73 302/55/73
f 303/58/74 305/60/74 306/59/74 304/57/74
f 305/60/75 307/62/75 308/61/75 306/59/75
f 307/62/76 309/64/76 310/63/76 308/61/76
f 309/64/77 311/66/77 312/65/77 310/63/77
f 311/66/78 313/71/78 314/72/78 312/65/78
f 313/71/79 315/74/79 316/73/79 314/72/79
f 315/74/80 317/76/80 318/75/80 316/73/80
f 244/321/28 246/282/28 248/281/28 250/280/28 252/279/28 254/278/28 256/277/28 258/276/28 260/275/28 262/274/28 264/273/28 266/272/28 268/271/28 270/270/28 272/269/28 274/268/28 276/267/28 278/266/28 280/265/28 282/264/28 284/263/28 286/262/28 288/261/28 290/260/28 292/259/28 294/258/28 296/257/28 298/256/28 300/255/28 302/254/28 304/253/28 306/252/28 308/251/28 310/250/28 312/249/28 314/248/28 316/247/28 318/246/28 320/245/28 242/244/28
f 317/76/81 319/77/81 320/78/81 318/75/81
f 319/77/82 241/80/82 242/79/82 320/78/82
f 241/177/8 319/138/8 317/137/8 315/136/8 313/135/8 311/134/8 309/133/8 307/132/8 305/131/8 303/130/8 301/129/8 299/128/8 297/127/8 295/126/8 293/125/8 291/124/8 289/123/8 287/122/8 285/121/8 283/120/8 281/119/8 279/118/8 277/117/8 275/116/8 273/115/8 271/114/8 269/113/8 267/112/8 265/111/8 263/110/8 261/109/8 259/108/8 257/107/8 255/106/8 253/105/8 251/104/8 249/103/8 247/102/8 245/101/8 243/100/8
s 1
f 814/883/555 813/884/556 812/885/557
f 807/886/558 805/887/559 806/888/559 808/889/560
f 810/890/561 807/886/558 809/891/562 811/892/561
f 808/889/560 809/891/562 807/886/558
f 812/885/557 810/890/561 811/892/561 814/883/555
f 815/893/563 813/884/556 814/883/555 816/894/563
f 817/335/8 815/893/563 816/894/563 818/895/8
f 819/336/564 817/335/8 818/895/8 820/896/564
f 821/897/565 819/336/564 820/896/564 822/898/566
f 823/398/567 821/897/565 822/898/566 824/899/567
f 825/900/568 823/398/567 824/899/567 826/901/569
f 827/454/570 825/900/568 826/901/569 828/902/570
f 829/903/571 827/454/570 828/902/570 830/904/571
f 831/905/572 829/903/571 830/904/571 832/906/572
f 833/907/573 831/905/572 832/906/572 834/908/574
f 836/909/575 833/907/573 835/910/576 837/911/575
f 834/908/574 835/910/576 833/907/573
f 838/912/577 836/909/575 837/911/575 839/913/578
f 840/914/579 838/912/577 839/913/578 841/915/579
f 842/916/28 840/914/579 841/915/579 843/917/28
f 844/918/580 842/916/28 843/917/28 845/919/580
f 846/920/581 844/918/580 845/919/580 847/921/582
f 848/922/583 846/920/581 847/921/582 849/923/583
f 805/887/559 803/241/584 804/242/584 806/888/559
f 850/924/585 848/922/583 849/923/583 851/925/586
f 852/926/587 850/924/585 851/925/586 853/927/587
f 822/928/588 820/929/588 818/274/588 816/930/588 814/931/588 811/279/588 809/932/588 808/933/588 806/934/588 804/244/588 853/935/588 851/936/588 849/249/588 847/937/588 845/938/588 843/254/588 841/939/588 839/940/588 837/259/588 835/941/588 834/942/588 832/943/588 830/264/588 828/944/588 826/945/588 824/269/588
f 803/740/584 852/926/587 853/927/587 804/946/584
f 827/947/589 829/119/589 831/948/589 833/949/589 836/124/589 838/950/589 840/951/589 842/129/589 844/952/589 846/953/589 848/134/589 850/954/589 852/955/589 803/177/589 805/956/589 807/957/589 810/104/589 812/958/589 813/959/589 815/960/589 817/109/589 819/961/589 821/962/589 823/114/589 825/963/589
f 854/241/590 919/242/38 918/888/93 856/887/591
f 856/887/591 918/888/93 920/889/120 858/964/592
f 858/964/592 920/889/120 921/891/127 860/965/593
f 860/965/593 921/891/127 922/892/3 862/890/594
f 862/890/594 922/892/3 923/966/169 864/885/595
f 864/885/595 923/966/169 924/967/176 866/884/596
f 866/884/596 924/967/176 925/894/198 868/893/597
f 868/893/597 925/894/198 926/895/8 870/335/598
f 870/335/598 926/895/8 927/896/226 872/336/599
f 872/336/599 927/896/226 928/968/233 874/365/600
f 874/365/600 928/968/233 929/969/255 876/374/601
f 876/374/601 929/969/255 930/899/13 878/398/602
f 878/398/602 930/899/13 931/970/283 880/421/603
f 880/421/603 931/970/283 932/971/290 882/430/604
f 882/430/604 932/971/290 933/902/311 884/454/605
f 884/454/605 933/902/311 934/904/18 886/903/606
f 886/903/606 934/904/18 935/906/339 888/905/607
f 888/905/607 935/906/339 936/908/361 890/972/608
f 890/972/608 936/908/361 937/910/368 892/973/609
f 892/973/609 937/910/368 938/911/23 894/909/610
f 894/909/610 938/911/23 939/974/396 896/975/611
f 896/975/611 939/974/396 940/976/418 898/977/612
f 898/977/612 940/976/418 941/915/425 900/914/613
f 900/914/613 941/915/425 942/917/28 902/916/614
f 902/916/614 942/917/28 943/919/453 904/918/615
f 904/918/615 943/919/453 944/978/474 906/979/616
f 906/979/616 944/978/474 945/980/481 908/981/617
f 908/981/617 945/980/481 946/923/33 910/922/618
f 910/922/618 946/923/33 947/982/524 912/983/619
f 912/983/619 947/982/524 948/984/531 914/985/620
f 905/986/226 903/987/8 974/987/8 975/986/226
f 914/985/620 948/984/531 949/927/553 916/926/621
f 916/926/621 949/927/553 919/946/38 854/740/590
f 858/964/592 860/965/593 985/965/622 984/964/623
f 855/988/42 857/989/42 918/934/42 919/244/42
f 857/989/42 859/990/42 920/933/42 918/934/42
f 859/990/42 861/991/42 921/932/42 920/933/42
f 861/991/42 863/992/42 922/279/42 921/932/42
f 863/992/42 865/993/42 923/994/42 922/279/42
f 865/993/42 867/995/42 924/996/42 923/994/42
f 867/995/42 869/997/42 925/930/42 924/996/42
f 869/997/42 871/998/42 926/274/42 925/930/42
f 871/998/42 873/999/42 927/929/42 926/274/42
f 873/999/42 875/1000/42 928/1001/42 927/929/42
f 875/1000/42 877/1002/42 929/1003/42 928/1001/42
f 877/1002/42 879/1004/42 930/269/42 929/1003/42
f 879/1004/42 881/1005/42 931/1006/42 930/269/42
f 881/1005/42 883/1007/42 932/1008/42 931/1006/42
f 883/1007/42 885/1009/42 933/944/42 932/1008/42
f 885/1009/42 887/1010/42 934/264/42 933/944/42
f 887/1010/42 889/1011/42 935/943/42 934/264/42
f 889/1011/42 891/1012/42 936/942/42 935/943/42
f 891/1012/42 893/1013/42 937/941/42 936/942/42
f 893/1013/42 895/1014/42 938/259/42 937/941/42
f 895/1014/42 897/1015/42 939/1016/42 938/259/42
f 897/1015/42 899/1017/42 940/1018/42 939/1016/42
f 899/1017/42 901/1019/42 941/939/42 940/1018/42
f 901/1019/42 903/987/42 942/254/42 941/939/42
f 903/987/42 905/986/42 943/938/42 942/254/42
f 905/986/42 907/1020/42 944/1021/42 943/938/42
f 907/1020/42 909/1022/42 945/1023/42 944/1021/42
f 909/1022/42 911/1024/42 946/249/42 945/1023/42
f 911/1024/42 913/1025/42 947/1026/42 946/249/42
f 913/1025/42 915/1027/42 948/1028/42 947/1026/42
f 915/1027/42 917/1029/42 949/935/42 948/1028/42
f 917/1029/42 855/988/42 919/244/42 949/935/42
f 1051/1030/42 1050/1031/42 952/990/42 950/989/42 951/988/42 981/1029/42 980/1027/42 979/1025/42 978/1024/42 977/1022/42 976/1020/42 975/986/42 974/987/42 973/1019/42 972/1017/42 971/1015/42 970/1014/42 969/1013/42 968/1012/42 1048/1032/42 1049/1033/42 1028/1034/42 1029/1035/42 1026/1036/42 1027/1037/42 1023/1038/42 1024/1039/42 1022/1040/42 1025/1041/42 1046/1042/42 1047/1043/42 1014/1044/42 1015/1045/42 1017/1046/42 1016/1047/42 1019/1048/42 1018/1049/42 1021/1050/42 1020/1051/42
f 1052/1052/42 1048/1032/42 968/1012/42 967/1011/42 966/1010/42 965/1009/42 964/1007/42 963/1005/42 962/1004/42 961/1002/42 960/1000/42 959/999/42 958/998/42 957/997/42 956/995/42 955/993/42 954/992/42 953/991/42 952/990/42 1050/1031/42 1053/1053/42 1038/1054/42 1039/1055/42 1041/1056/42 1040/1057/42 1045/1058/42 1044/1059/42 1042/1060/42 1043/1061/42 1054/1062/42 1055/1063/42 1036/1064/42 1037/1065/42 1034/1066/42 1035/1067/42 1032/1068/42 1033/1069/42 1030/1070/42 1031/1071/42
f 879/1004/33 877/1002/481 961/1002/481 962/1004/33
f 907/1020/233 905/986/226 975/986/226 976/1020/233
f 881/1005/524 879/1004/33 962/1004/33 963/1005/524
f 909/1022/255 907/1020/233 976/1020/233 977/1022/255
f 883/1007/531 881/1005/524 963/1005/524 964/1007/531
f 857/989/339 855/988/18 951/988/18 950/989/339
f 911/1024/13 909/1022/255 977/1022/255 978/1024/13
f 885/1009/553 883/1007/531 964/1007/531 965/1009/553
f 859/990/361 857/989/339 950/989/339 952/990/361
f 913/1025/283 911/1024/13 978/1024/13 979/1025/283
f 887/1010/38 885/1009/553 965/1009/553 966/1010/38
f 861/991/368 859/990/361 952/990/361 953/991/368
f 915/1027/290 913/1025/283 979/1025/283 980/1027/290
f 889/1011/93 887/1010/38 966/1010/38 967/1011/93
f 863/992/23 861/991/368 953/991/368 954/992/23
f 917/1029/311 915/1027/290 980/1027/290 981/1029/311
f 891/1012/120 889/1011/93 967/1011/93 968/1012/120
f 865/993/396 863/992/23 954/992/23 955/993/396
f 855/988/18 917/1029/311 981/1029/311 951/988/18
f 893/1013/127 891/1012/120 968/1012/120 969/1013/127
f 867/995/418 865/993/396 955/993/396 956/995/418
f 895/1014/3 893/1013/127 969/1013/127 970/1014/3
f 869/997/425 867/995/418 956/995/418 957/997/425
f 897/1015/169 895/1014/3 970/1014/3 971/1015/169
f 871/998/28 869/997/425 957/997/425 958/998/28
f 899/1017/176 897/1015/169 971/1015/169 972/1017/176
f 873/999/453 871/998/28 958/998/28 959/999/453
f 901/1019/198 899/1017/176 972/1017/176 973/1019/198
f 875/1000/474 873/999/453 959/999/453 960/1000/474
f 903/987/8 901/1019/198 973/1019/198 974/987/8
f 877/1002/481 875/1000/474 960/1000/474 961/1002/481
f 982/740/624 1079/740/38 1083/926/553 1013/926/625
f 876/374/601 878/398/602 994/398/626 993/374/627
f 894/909/610 896/975/611 1003/975/628 1002/909/629
f 912/983/619 914/985/620 1012/985/630 1011/983/631
f 868/893/597 870/335/598 990/335/632 989/893/633
f 886/903/606 888/905/607 999/905/634 998/903/635
f 904/918/615 906/979/616 1008/979/636 1007/918/637
f 860/965/593 862/890/594 986/890/638 985/965/622
f 878/398/602 880/421/603 995/421/639 994/398/626
f 896/975/611 898/977/612 1004/977/640 1003/975/628
f 914/985/620 916/926/621 1013/926/625 1012/985/630
f 870/335/598 872/336/599 991/336/641 990/335/632
f 888/905/607 890/972/608 1000/972/642 999/905/634
f 906/979/616 908/981/617 1009/981/643 1008/979/636
f 862/890/594 864/885/595 987/885/644 986/890/638
f 880/421/603 882/430/604 996/430/645 995/421/639
f 898/977/612 900/914/613 1005/914/646 1004/977/640
f 854/241/590 856/887/591 983/887/647 982/241/624
f 916/926/621 854/740/590 982/740/624 1013/926/625
f 872/336/599 874/365/600 992/365/648 991/336/641
f 890/972/608 892/973/609 1001/973/649 1000/972/642
f 908/981/617 910/922/618 1010/922/650 1009/981/643
f 864/885/595 866/884/596 988/884/651 987/885/644
f 882/430/604 884/454/605 997/454/652 996/430/645
f 900/914/613 902/916/614 1006/916/653 1005/914/646
f 856/887/591 858/964/592 984/964/623 983/887/647
f 874/365/600 876/374/601 993/374/627 992/365/648
f 892/973/609 894/909/610 1002/909/629 1001/973/649
f 910/922/618 912/983/619 1011/983/631 1010/922/650
f 866/884/596 868/893/597 989/893/633 988/884/651
f 884/454/605 886/903/606 998/903/635 997/454/652
f 902/916/614 904/918/615 1007/918/637 1006/916/653
f 1002/909/629 1117/909/23 1104/973/368 1001/973/649
f 983/887/647 1058/887/93 1079/241/38 982/241/624
f 1123/975/396 1117/909/23 1002/909/629 1003/975/628
f 986/890/638 1115/890/3 1102/965/127 985/965/622
f 1130/977/418 1123/975/396 1003/975/628 1004/977/640
f 991/336/641 1062/336/226 1080/335/8 990/335/632
f 985/965/622 1102/965/127 1097/964/120 984/964/623
f 1131/914/425 1130/977/418 1004/977/640 1005/914/646
f 992/365/648 1098/365/233 1062/336/226 991/336/641
f 1128/884/176 1120/885/169 987/885/644 988/884/651
f 993/374/627 1103/374/255 1098/365/233 992/365/648
f 987/885/644 1120/885/169 1115/890/3 986/890/638
f 1007/918/637 1056/918/453 1082/916/28 1006/916/653
f 994/398/626 1116/398/13 1103/374/255 993/374/627
f 990/335/632 1080/335/8 1132/893/198 989/893/633
f 1010/922/650 1101/922/33 1100/981/481 1009/981/643
f 995/421/639 1121/421/283 1116/398/13 994/398/626
f 984/964/623 1097/964/120 1058/887/93 983/887/647
f 1009/981/643 1100/981/481 1057/979/474 1008/979/636
f 996/430/645 1129/430/290 1121/421/283 995/421/639
f 1119/985/531 1118/983/524 1011/983/631 1012/985/630
f 1133/454/311 1129/430/290 996/430/645 997/454/652
f 1011/983/631 1118/983/524 1101/922/33 1010/922/650
f 998/903/635 1081/903/18 1133/454/311 997/454/652
f 1006/916/653 1082/916/28 1131/914/425 1005/914/646
f 999/905/634 1065/905/339 1081/903/18 998/903/635
f 1013/926/625 1083/926/553 1119/985/531 1012/985/630
f 1000/972/642 1099/972/361 1065/905/339 999/905/634
f 1132/893/198 1128/884/176 988/884/651 989/893/633
f 1001/973/649 1104/973/368 1099/972/361 1000/972/642
f 1124/1115/40 1075/1116/40 1076/1117/40 1178/1118/40 1189/1119/40 1210/1120/40 1212/1121/40 1214/1122/40 1213/1123/40 1209/1124/40 1208/1125/40 1207/1126/40 1191/1127/40 1179/1128/40 1126/1129/40 1105/1130/40 1180/1131/40 1193/1132/40 1222/1133/40 1221/1134/40 1223/1135/40 1220/1136/40 1219/1137/40 1218/1138/40 1216/1139/40 1192/1140/40 1181/1141/40 1096/1142/40 1090/1143/40 1182/1144/40 1194/1145/40 1217/1146/40 1215/1147/40 1238/1148/40 1239/1149/40 1236/1150/40 1237/1151/40 1224/1152/40 1196/1153/40 1183/1154/40 1089/1155/40 1078/1156/40 1070/1157/40 1184/1158/40 1195/1159/40 1225/1160/40 1226/1161/40 1231/1162/40 1230/1163/40 1229/1164/40 1228/1165/40 1227/1166/40 1197/1167/40 1185/1168/40 1113/1169/40 1110/1170/40 1174/1171/40 1186/1172/40 1199/1173/40 1198/1174/40 1200/1175/40 1202/1176/40 1201/1177/40 1206/1178/40 1203/1179/40 1187/1180/40 1175/1181/40 1095/1182/40 1073/1183/40 1176/1184/40 1188/1185/40 1205/1186/40 1204/1187/40 1233/1188/40 1232/1189/40 1235/1190/40 1234/1191/40 1211/1192/40 1190/1193/40 1177/1194/40
f 1059/1195/40 1084/1196/40 1079/177/40 1058/956/40
f 1060/1197/40 1059/1195/40 1058/956/40 1097/1198/40
f 1074/1199/40 1060/1197/40 1097/1198/40 1102/1200/40
f 1107/1201/40 1074/1199/40 1102/1200/40 1115/104/40
f 1109/1202/40 1107/1201/40 1115/104/40 1120/958/40
f 1093/1203/40 1109/1202/40 1120/958/40 1128/959/40
f 1125/1204/40 1093/1203/40 1128/959/40 1132/960/40
f 1085/1205/40 1125/1204/40 1132/960/40 1080/109/40
f 1063/1206/40 1085/1205/40 1080/109/40 1062/961/40
f 1064/1207/40 1063/1206/40 1062/961/40 1098/1208/40
f 1072/1209/40 1064/1207/40 1098/1208/40 1103/1210/40
f 1061/1211/40 1072/1209/40 1103/1210/40 1116/114/40
f 1122/1212/40 1061/1211/40 1116/114/40 1121/1213/40
f 1106/1214/40 1122/1212/40 1121/1213/40 1129/1215/40
f 1092/1216/40 1106/1214/40 1129/1215/40 1133/947/40
f 1086/1217/40 1092/1216/40 1133/947/40 1081/119/40
f 1066/1218/40 1086/1217/40 1081/119/40 1065/948/40
f 1067/1219/40 1066/1218/40 1065/948/40 1099/1220/40
f 1091/1221/40 1067/1219/40 1099/1220/40 1104/1222/40
f 1071/1223/40 1091/1221/40 1104/1222/40 1117/124/40
f 1112/1224/40 1071/1223/40 1117/124/40 1123/1225/40
f 1108/1226/40 1112/1224/40 1123/1225/40 1130/1227/40
f 1127/1228/40 1108/1226/40 1130/1227/40 1131/951/40
f 1087/1229/40 1127/1228/40 1131/951/40 1082/129/40
f 1068/1230/40 1087/1229/40 1082/129/40 1056/952/40
f 1069/1231/40 1068/1230/40 1056/952/40 1057/1232/40
f 1094/1233/40 1069/1231/40 1057/1232/40 1100/1234/40
f 1077/1235/40 1094/1233/40 1100/1234/40 1101/134/40
f 1114/1236/40 1077/1235/40 1101/134/40 1118/1237/40
f 1111/1238/40 1114/1236/40 1118/1237/40 1119/1239/40
f 1088/1240/40 1111/1238/40 1119/1239/40 1083/955/40
f 1084/1196/40 1088/1240/40 1083/955/40 1079/177/40
f 1240/1241/40 1084/1196/40 1059/1195/40 1243/1242/40 1242/1243/40 1244/1244/40 1245/1245/40 1241/1246/40
f 1243/1242/40 1059/1195/40 1060/1197/40 1095/1182/40 1175/1181/40 1247/1247/40 1246/1248/40 1251/1249/40 1250/1250/40 1252/1251/40 1249/1252/40 1248/1253/40
f 1073/1183/40 1095/1182/40 1060/1197/40 1074/1199/40
f 1073/1183/40 1074/1199/40 1107/1201/40 1259/1254/40 1258/1255/40 1257/1256/40 1255/1257/40 1256/1258/40 1254/1259/40 1253/1260/40 1176/1184/40
f 1259/1254/40 1107/1201/40 1109/1202/40 1262/1261/40 1263/1262/40 1264/1263/40 1261/1264/40 1260/1265/40
f 1262/1261/40 1109/1202/40 1093/1203/40 1268/1266/40 1269/1267/40 1267/1268/40 1265/1269/40 1266/1270/40
f 1268/1266/40 1093/1203/40 1125/1204/40 1274/1271/40 1273/1272/40 1278/1273/40 1276/1274/40 1275/1275/40 1277/1276/40 1270/1277/40
f 1271/1278/40 1124/1115/40 1177/1194/40 1272/1279/40
f 1125/1204/40 1085/1205/40 1075/1116/40 1124/1115/40 1271/1278/40 1280/1280/40 1279/1281/40 1274/1271/40
f 1076/1117/40 1075/1116/40 1085/1205/40 1063/1206/40 1283/1282/40 1284/1283/40 1281/1284/40 1282/1285/40
f 1076/1117/40 1282/1285/40 1285/1286/40 1178/1118/40
f 1287/1287/40 1283/1282/40 1063/1206/40 1064/1207/40 1291/1288/40 1290/1289/40 1292/1290/40 1288/1291/40 1289/1292/40 1286/1293/40
f 1291/1288/40 1064/1207/40 1072/1209/40 1294/1294/40 1293/1295/40 1296/1296/40 1297/1297/40 1295/1298/40
f 1294/1294/40 1072/1209/40 1061/1211/40 1298/1299/40 1299/1300/40 1302/1301/40 1300/1302/40 1301/1303/40
f 1298/1299/40 1061/1211/40 1122/1212/40 1126/1129/40 1179/1128/40 1303/1304/40 1304/1305/40 1308/1306/40 1305/1307/40 1307/1308/40 1306/1309/40
f 1105/1130/40 1126/1129/40 1122/1212/40 1106/1214/40
f 1180/1131/40 1105/1130/40 1106/1214/40 1092/1216/40 1313/1310/40 1314/1311/40 1315/1312/40 1316/1313/40 1311/1314/40 1312/1315/40 1310/1316/40 1309/1317/40
f 1313/1310/40 1092/1216/40 1086/1217/40 1320/1318/40 1319/1318/40 1318/1319/40 1321/1320/40 1322/1321/40 1317/1322/40
f 1086/1217/40 1066/1218/40 1323/1323/40 1324/1324/40 1325/1325/40 1326/1326/40 1327/1327/40 1320/1318/40
f 1323/1323/40 1066/1218/40 1067/1219/40 1096/1142/40 1181/1141/40 1329/1328/40 1328/1329/40 1333/1330/40 1331/1331/40 1332/1332/40 1334/1333/40 1330/1334/40
f 1090/1143/40 1096/1142/40 1067/1219/40 1091/1221/40
f 1182/1144/40 1090/1143/40 1091/1221/40 1071/1223/40 1337/1335/40 1338/1336/40 1339/1337/40 1340/1338/40 1341/1339/40 1336/1340/40 1335/1341/40
f 1337/1335/40 1071/1223/40 1112/1224/40 1343/1342/40 1344/1343/40 1346/1344/40 1345/1345/40 1342/1346/40
f 1343/1342/40 1112/1224/40 1108/1226/40 1347/1347/40 1349/1348/40 1348/1349/40 1350/1350/40 1351/1351/40
f 1352/1352/40 1347/1347/40 1108/1226/40 1127/1228/40 1360/1353/40 1356/1354/40 1357/1355/40 1355/1356/40 1353/1357/40 1354/1358/40
f 1358/1359/40 1359/1360/40 1089/1155/40 1183/1154/40
f 1087/1229/40 1078/1156/40 1089/1155/40 1359/1360/40 1362/1361/40 1361/1362/40 1360/1353/40 1127/1228/40
f 1365/1363/40 1070/1157/40 1078/1156/40 1087/1229/40 1068/1230/40 1364/1364/40 1363/1365/40 1366/1366/40
f 1070/1157/40 1365/1363/40 1369/1367/40 1184/1158/40
f 1367/1368/40 1364/1364/40 1068/1230/40 1069/1231/40 1372/1369/40 1371/1370/40 1370/1371/40 1373/1372/40 1374/1373/40 1368/1374/40
f 1069/1231/40 1094/1233/40 1378/1375/40 1379/1376/40 1377/1377/40 1376/1378/40 1375/1379/40 1372/1369/40
f 1094/1233/40 1077/1235/40 1383/1380/40 1384/1381/40 1382/1382/40 1381/1383/40 1380/1384/40 1378/1375/40
f 1077/1235/40 1114/1236/40 1113/1169/40 1185/1168/40 1388/1385/40 1389/1386/40 1390/1387/40 1386/1388/40 1387/1389/40 1385/1390/40 1383/1380/40
f 1110/1170/40 1113/1169/40 1114/1236/40 1111/1238/40
f 1174/1171/40 1110/1170/40 1111/1238/40 1088/1240/40 1397/1391/40 1398/1392/40 1396/1393/40 1395/1394/40 1391/1395/40 1392/1396/40 1394/1397/40 1393/1398/40
f 1088/1240/40 1084/1196/40 1240/1241/40 1403/1399/40 1402/1400/40 1401/1401/40 1400/1402/40 1399/1403/40 1397/1391/40
f 1008/979/636 1057/979/474 1056/918/453 1007/918/637
s 0
f 1604/1710/571 1620/1711/571 1605/1711/571
f 1610/1710/752 1626/946/752 1612/946/752
f 1609/242/753 1607/242/753 1605/1711/753 1608/1711/753
f 1614/1711/28 1615/242/28 1619/242/28 1618/1711/28
f 1611/1711/754 1610/1710/754 1612/946/754 1613/242/754
f 1614/1711/755 1611/1711/755 1613/242/755 1615/242/755
f 1619/242/588 1617/242/588 1616/1711/588 1618/1711/588
f 1609/242/8 1608/1711/8 1616/1711/8 1617/242/8
f 1620/1711/756 1604/1710/756 1621/946/756 1622/242/756
f 1623/1711/757 1620/1711/757 1622/242/757 1624/242/757
f 1633/242/758 1629/242/758 1628/1711/758 1632/1711/758
f 1626/946/759 1610/1710/759 1625/1711/759 1627/242/759
f 1629/242/760 1627/242/760 1625/1711/760 1628/1711/760
f 1630/1711/589 1631/242/589 1633/242/589 1632/1711/589
f 1630/1711/761 1623/1711/761 1624/242/761 1631/242/761
f 1622/242/584 1621/946/584 1606/946/584 1607/242/584
f 1606/946/752 1621/946/752 1604/1710/752
f 1622/242/584 1607/242/584 1609/242/584 1624/242/584
f 1620/1711/571 1623/1711/571 1608/1711/571 1605/1711/571
f 1627/242/584 1613/242/584 1612/946/584 1626/946/584
f 1606/946/762 1604/1710/762 1605/1711/762 1607/242/762
f 1610/1710/571 1611/1711/571 1625/1711/571
f 1627/242/584 1629/242/584 1615/242/584 1613/242/584
f 1625/1711/571 1611/1711/571 1614/1711/571 1628/1711/571
f 1628/1711/571 1614/1711/571 1618/1711/571 1632/1711/571
f 1629/242/584 1633/242/584 1619/242/584 1615/242/584
f 1624/242/584 1609/242/584 1617/242/584 1631/242/584
f 1623/1711/571 1630/1711/571 1616/1711/571 1608/1711/571
f 1632/1711/571 1618/1711/571 1616/1711/571 1630/1711/571
f 1631/242/584 1617/242/584 1619/242/584 1633/242/584
s 1
f 1698/241/763 1635/242/763 1637/888/764 1699/887/764
f 1699/887/764 1637/888/764 1639/889/765 1700/964/765
f 1700/964/765 1639/889/765 1641/891/766 1701/965/766
f 1701/965/766 1641/891/766 1643/892/767 1702/890/767
f 1702/890/767 1643/892/767 1645/966/768 1703/885/768
f 1703/885/768 1645/966/768 1647/967/769 1704/884/769
f 1704/884/769 1647/967/769 1649/894/770 1705/893/770
f 1705/893/770 1649/894/770 1651/895/8 1706/335/8
f 1706/335/8 1651/895/8 1653/896/771 1707/336/771
f 1707/336/771 1653/896/771 1655/968/772 1708/365/772
f 1708/365/772 1655/968/772 1657/969/773 1709/374/773
f 1709/374/773 1657/969/773 1659/899/774 1710/398/774
f 1710/398/774 1659/899/774 1661/970/775 1711/421/775
f 1711/421/775 1661/970/775 1663/971/776 1712/430/776
f 1712/430/776 1663/971/776 1665/902/777 1713/454/777
f 1713/454/777 1665/902/777 1667/904/778 1714/903/778
f 1714/903/778 1667/904/778 1669/906/779 1715/905/779
f 1715/905/779 1669/906/779 1671/908/780 1716/972/780
f 1716/972/780 1671/908/780 1673/910/781 1717/973/781
f 1717/973/781 1673/910/781 1675/911/782 1718/909/782
f 1718/909/782 1675/911/782 1677/974/783 1719/975/783
f 1719/975/783 1677/974/783 1679/976/784 1720/977/784
f 1720/977/784 1679/976/784 1681/915/785 1721/914/785
f 1721/914/785 1681/915/785 1683/917/28 1722/916/28
f 1722/916/28 1683/917/28 1685/919/786 1723/918/786
f 1723/918/786 1685/919/786 1687/978/787 1724/979/787
f 1724/979/787 1687/978/787 1689/980/788 1725/981/788
f 1725/981/788 1689/980/788 1691/923/789 1726/922/789
f 1726/922/789 1691/923/789 1693/982/790 1727/983/790
f 1727/983/790 1693/982/790 1695/984/791 1728/985/791
f 1637/934/792 1635/244/792 1697/935/792 1695/1028/792 1693/1026/792 1691/249/792 1689/1023/792 1687/1021/792 1685/938/792 1683/254/792 1681/939/792 1679/1018/792 1677/1016/792 1675/259/792 1673/941/792 1671/942/792 1669/943/792 1667/264/792 1665/944/792 1663/1008/792 1661/1006/792 1659/269/792 1657/1003/792 1655/1001/792 1653/929/792 1651/274/792 1649/930/792 1647/996/792 1645/994/792 1643/279/792 1641/932/792 1639/933/792
f 1728/985/791 1695/984/791 1697/927/793 1729/926/793
f 1729/926/793 1697/927/793 1635/946/763 1698/740/763
f 1642/1712/794 1644/1713/795 1767/1713/795 1766/1712/794
f 1636/1714/796 1634/1715/796 1698/177/796 1699/956/796
f 1638/1716/796 1636/1714/796 1699/956/796 1700/1198/796
f 1640/1717/796 1638/1716/796 1700/1198/796 1701/1200/796
f 1642/1712/796 1640/1717/796 1701/1200/796 1702/104/796
f 1644/1713/796 1642/1712/796 1702/104/796 1703/958/796
f 1646/1718/796 1644/1713/796 1703/958/796 1704/959/796
f 1648/1719/796 1646/1718/796 1704/959/796 1705/960/796
f 1650/1720/796 1648/1719/796 1705/960/796 1706/109/796
f 1652/1721/796 1650/1720/796 1706/109/796 1707/961/796
f 1654/1722/796 1652/1721/796 1707/961/796 1708/1208/796
f 1656/1723/796 1654/1722/796 1708/1208/796 1709/1210/796
f 1658/1724/796 1656/1723/796 1709/1210/796 1710/114/796
f 1660/1725/796 1658/1724/796 1710/114/796 1711/1213/796
f 1662/1726/796 1660/1725/796 1711/1213/796 1712/1215/796
f 1664/1727/796 1662/1726/796 1712/1215/796 1713/947/796
f 1666/1728/796 1664/1727/796 1713/947/796 1714/119/796
f 1668/1729/796 1666/1728/796 1714/119/796 1715/948/796
f 1670/1730/796 1668/1729/796 1715/948/796 1716/1220/796
f 1672/1731/796 1670/1730/796 1716/1220/796 1717/1222/796
f 1674/1732/796 1672/1731/796 1717/1222/796 1718/124/796
f 1676/1733/796 1674/1732/796 1718/124/796 1719/1225/796
f 1678/1734/796 1676/1733/796 1719/1225/796 1720/1227/796
f 1680/1735/796 1678/1734/796 1720/1227/796 1721/951/796
f 1682/1736/796 1680/1735/796 1721/951/796 1722/129/796
f 1684/1737/796 1682/1736/796 1722/129/796 1723/952/796
f 1686/1738/796 1684/1737/796 1723/952/796 1724/1232/796
f 1688/1739/796 1686/1738/796 1724/1232/796 1725/1234/796
f 1690/1740/796 1688/1739/796 1725/1234/796 1726/134/796
f 1692/1741/796 1690/1740/796 1726/134/796 1727/1237/796
f 1694/1742/796 1692/1741/796 1727/1237/796 1728/1239/796
f 1696/1743/796 1694/1742/796 1728/1239/796 1729/955/796
f 1634/1715/796 1696/1743/796 1729/955/796 1698/177/796
f 1738/1744/28 1739/1745/786 1803/1745/786 1802/1744/28
f 1696/1743/797 1634/1715/798 1762/1715/798 1793/1743/797
f 1670/1730/799 1672/1731/800 1781/1731/800 1780/1730/799
f 1644/1713/795 1646/1718/801 1768/1718/801 1767/1713/795
f 1672/1731/800 1674/1732/802 1782/1732/802 1781/1731/800
f 1646/1718/801 1648/1719/803 1769/1719/803 1768/1718/801
f 1674/1732/802 1676/1733/804 1783/1733/804 1782/1732/802
f 1648/1719/803 1650/1720/805 1770/1720/805 1769/1719/803
f 1676/1733/804 1678/1734/806 1784/1734/806 1783/1733/804
f 1650/1720/805 1652/1721/807 1771/1721/807 1770/1720/805
f 1678/1734/806 1680/1735/808 1785/1735/808 1784/1734/806
f 1652/1721/807 1654/1722/809 1772/1722/809 1771/1721/807
f 1680/1735/808 1682/1736/810 1786/1736/810 1785/1735/808
f 1654/1722/809 1656/1723/811 1773/1723/811 1772/1722/809
f 1682/1736/810 1684/1737/812 1787/1737/812 1786/1736/810
f 1656/1723/811 1658/1724/813 1774/1724/813 1773/1723/811
f 1684/1737/812 1686/1738/814 1788/1738/814 1787/1737/812
f 1658/1724/813 1660/1725/815 1775/1725/815 1774/1724/813
f 1686/1738/814 1688/1739/816 1789/1739/816 1788/1738/814
f 1660/1725/815 1662/1726/817 1776/1726/817 1775/1725/815
f 1634/1715/798 1636/1714/818 1763/1714/818 1762/1715/798
f 1688/1739/816 1690/1740/819 1790/1740/819 1789/1739/816
f 1662/1726/817 1664/1727/820 1777/1727/820 1776/1726/817
f 1636/1714/818 1638/1716/821 1764/1716/821 1763/1714/818
f 1690/1740/819 1692/1741/822 1791/1741/822 1790/1740/819
f 1664/1727/820 1666/1728/823 1778/1728/823 1777/1727/820
f 1638/1716/821 1640/1717/824 1765/1717/824 1764/1716/821
f 1692/1741/822 1694/1742/825 1792/1742/825 1791/1741/822
f 1666/1728/823 1668/1729/826 1779/1729/826 1778/1728/823
f 1640/1717/824 1642/1712/794 1766/1712/794 1765/1717/824
f 1694/1742/825 1696/1743/797 1793/1743/797 1792/1742/825
f 1668/1729/826 1670/1730/799 1780/1730/799 1779/1729/826
f 1731/1746/796 1730/1747/796 1762/1715/796 1763/1714/796
f 1732/1748/796 1731/1746/796 1763/1714/796 1764/1716/796
f 1733/1749/796 1732/1748/796 1764/1716/796 1765/1717/796
f 1734/1750/796 1733/1749/796 1765/1717/796 1766/1712/796
f 1735/1751/796 1734/1750/796 1766/1712/796 1767/1713/796
f 1736/1752/796 1735/1751/796 1767/1713/796 1768/1718/796
f 1737/1753/796 1736/1752/796 1768/1718/796 1769/1719/796
f 1738/1744/796 1737/1753/796 1769/1719/796 1770/1720/796
f 1739/1745/796 1738/1744/796 1770/1720/796 1771/1721/796
f 1740/1754/796 1739/1745/796 1771/1721/796 1772/1722/796
f 1741/1755/796 1740/1754/796 1772/1722/796 1773/1723/796
f 1742/1756/796 1741/1755/796 1773/1723/796 1774/1724/796
f 1743/1757/796 1742/1756/796 1774/1724/796 1775/1725/796
f 1744/1758/796 1743/1757/796 1775/1725/796 1776/1726/796
f 1745/1759/796 1744/1758/796 1776/1726/796 1777/1727/796
f 1746/1760/796 1745/1759/796 1777/1727/796 1778/1728/796
f 1747/1761/796 1746/1760/796 1778/1728/796 1779/1729/796
f 1748/1762/796 1747/1761/796 1779/1729/796 1780/1730/796
f 1749/1763/796 1748/1762/796 1780/1730/796 1781/1731/796
f 1750/1764/796 1749/1763/796 1781/1731/796 1782/1732/796
f 1751/1765/796 1750/1764/796 1782/1732/796 1783/1733/796
f 1752/1766/796 1751/1765/796 1783/1733/796 1784/1734/796
f 1753/1767/796 1752/1766/796 1784/1734/796 1785/1735/796
f 1754/1768/796 1753/1767/796 1785/1735/796 1786/1736/796
f 1755/1769/796 1754/1768/796 1786/1736/796 1787/1737/796
f 1756/1770/796 1755/1769/796 1787/1737/796 1788/1738/796
f 1757/1771/796 1756/1770/796 1788/1738/796 1789/1739/796
f 1758/1772/796 1757/1771/796 1789/1739/796 1790/1740/796
f 1759/1773/796 1758/1772/796 1790/1740/796 1791/1741/796
f 1760/1774/796 1759/1773/796 1791/1741/796 1792/1742/796
f 1761/1775/796 1760/1774/796 1792/1742/796 1793/1743/796
f 1730/1747/796 1761/1775/796 1793/1743/796 1762/1715/796
f 1794/1747/796 1795/1746/796 1796/1748/796 1797/1749/796 1798/1750/796 1799/1751/796 1800/1752/796 1801/1753/796 1802/1744/796 1803/1745/796 1804/1754/796 1805/1755/796 1806/1756/796 1807/1757/796 1808/1758/796 1809/1759/796 1810/1760/796 1811/1761/796 1812/1762/796 1813/1763/796 1814/1764/796 1815/1765/796 1816/1766/796 1817/1767/796 1818/1768/796 1819/1769/796 1820/1770/796 1821/1771/796 1822/1772/796 1823/1773/796 1824/1774/796 1825/1775/796
f 1752/1766/769 1753/1767/770 1817/1767/770 1816/1766/769
f 1739/1745/786 1740/1754/787 1804/1754/787 1803/1745/786
f 1753/1767/770 1754/1768/8 1818/1768/8 1817/1767/770
f 1740/1754/787 1741/1755/788 1805/1755/788 1804/1754/787
f 1754/1768/8 1755/1769/771 1819/1769/771 1818/1768/8
f 1741/1755/788 1742/1756/789 1806/1756/789 1805/1755/788
f 1755/1769/771 1756/1770/772 1820/1770/772 1819/1769/771
f 1742/1756/789 1743/1757/790 1807/1757/790 1806/1756/789
f 1756/1770/772 1757/1771/773 1821/1771/773 1820/1770/772
f 1743/1757/790 1744/1758/791 1808/1758/791 1807/1757/790
f 1730/1747/778 1731/1746/779 1795/1746/779 1794/1747/778
f 1757/1771/773 1758/1772/774 1822/1772/774 1821/1771/773
f 1744/1758/791 1745/1759/793 1809/1759/793 1808/1758/791
f 1731/1746/779 1732/1748/780 1796/1748/780 1795/1746/779
f 1758/1772/774 1759/1773/775 1823/1773/775 1822/1772/774
f 1745/1759/793 1746/1760/763 1810/1760/763 1809/1759/793
f 1732/1748/780 1733/1749/781 1797/1749/781 1796/1748/780
f 1759/1773/775 1760/1774/776 1824/1774/776 1823/1773/775
f 1746/1760/763 1747/1761/764 1811/1761/764 1810/1760/763
f 1733/1749/781 1734/1750/782 1798/1750/782 1797/1749/781
f 1760/1774/776 1761/1775/777 1825/1775/777 1824/1774/776
f 1747/1761/764 1748/1762/765 1812/1762/765 1811/1761/764
f 1734/1750/782 1735/1751/783 1799/1751/783 1798/1750/782
f 1761/1775/777 1730/1747/778 1794/1747/778 1825/1775/777
f 1748/1762/765 1749/1763/827 1813/1763/827 1812/1762/765
f 1735/1751/783 1736/1752/784 1800/1752/784 1799/1751/783
f 1749/1763/827 1750/1764/767 1814/1764/767 1813/1763/827
f 1736/1752/784 1737/1753/785 1801/1753/785 1800/1752/784
f 1750/1764/767 1751/1765/768 1815/1765/768 1814/1764/767
f 1737/1753/785 1738/1744/28 1802/1744/28 1801/1753/785
f 1751/1765/768 1752/1766/769 1816/1766/769 1815/1765/768
f 2286/1776/828 2287/1777/829 1876/1778/830
f 2287/1777/831 2285/1779/832 1876/1778/833
f 2288/1780/834 2289/1781/835 1872/1782/836
f 2294/1783/837 2291/1784/838 1874/1785/839
f 2295/1786/840 2294/1783/837 1855/1787/841
f 2284/1788/842 2295/1786/840 2285/1779/843
f 2290/1789/844 2289/1781/835 2288/1780/834
f 2289/1781/845 2283/1790/845 2287/1777/845
f 2290/1789/844 2283/1790/846 2289/1781/835
f 2295/1786/840 1855/1787/841 1864/1791/847
f 1876/1778/833 2285/1779/832 1867/1792/848
f 2285/1779/843 1864/1791/847 1867/1792/849
f 2286/1776/828 1876/1778/830 1877/1793/850
f 1859/1794/851 2288/1780/834 1878/1795/852
f 1859/1794/851 2291/1784/853 2288/1780/834
f 1874/1785/839 2291/1784/838 2542/1796/854
f 2291/1784/853 1859/1794/851 2542/1796/855
f 1856/1797/856 1874/1785/839 1944/1798/857
f 2296/1799/858 1866/1800/859 1865/1801/860
f 2297/1802/861 2298/1803/862 2296/1799/858
f 2205/1804/863 2296/1799/858 2282/1805/864
f 1980/1806/865 1870/1807/866 1869/1808/867
f 2301/1809/868 2003/1810/869 2302/1811/870
f 1858/1812/871 1860/1813/872 1875/1814/873
f 2004/1815/874 2003/1810/869 2301/1809/868
f 2300/1816/875 1857/1817/876 1979/1818/877
f 2308/1819/878 2307/1820/879 2582/1821/880
f 2311/1822/881 2309/1823/882 2308/1819/878
f 2311/1822/881 2308/1819/878 2310/1824/883
f 2314/1825/884 2312/1826/885 2627/1827/886
f 2315/1828/887 2313/1829/888 2314/1825/884
f 2316/1830/889 2315/1828/890 2325/1831/891
f 2306/1832/892 2316/1830/893 2304/1833/894
f 2313/1829/888 2311/1822/881 2312/1826/895
f 2325/1831/891 2315/1828/890 2314/1825/896
f 2309/1823/882 2303/1834/897 2306/1832/898
f 2305/1835/899 2304/1833/900 1875/1814/873
f 2304/1833/901 1852/1836/902 1875/1814/903
f 2307/1820/879 2305/1835/904 1860/1813/905
f 2310/1824/883 2308/1819/878 2582/1821/880
f 2312/1826/895 1868/1837/906 2627/1827/907
f 2314/1825/884 2627/1827/886 1879/1838/908
f 1855/1839/841 1856/1840/856 2317/1841/909
f 1856/1840/856 2318/1842/910 2317/1841/909
f 2318/1842/910 1946/1843/911 2317/1841/909
f 1946/1843/911 1947/1844/912 2243/1845/913
f 2318/1842/910 1944/1846/857 1945/1847/914
f 2317/1841/909 2243/1845/913 2191/1848/915
f 2582/1849/880 2319/1850/916 2583/1851/917
f 2319/1850/916 2320/1852/918 2583/1851/917
f 2320/1852/918 2003/1810/869 2004/1815/874
f 2320/1852/918 1860/1813/905 2003/1810/869
f 2492/1853/919 2320/1852/918 2005/1854/920
f 2491/1855/921 2320/1852/918 2492/1853/919
f 2328/1856/922 2326/1857/923 2321/1858/924
f 2321/1858/924 1879/1838/925 2060/1859/926
f 2326/1857/923 2314/1860/896 1879/1838/925
f 1870/1807/866 1871/1861/927 2204/1862/928
f 2204/1862/929 2297/1802/930 2205/1804/863
f 2019/1863/931 2324/1864/932 2317/1841/909
f 2324/1864/932 1864/1865/847 1855/1839/841
f 2191/1848/915 2323/1866/933 1854/1867/934
f 2326/1857/923 2327/1868/935 2493/1869/936
f 2328/1856/922 1881/1870/937 2327/1868/935
f 2327/1868/935 1880/1871/938 2493/1869/936
f 2332/1872/939 2179/1873/940 1884/1874/941
f 2334/1875/942 1886/1876/943 1885/1877/944
f 2334/1875/942 1848/1878/945 2180/1879/946
f 1849/1880/947 2333/1881/948 2332/1872/939
f 1886/1876/943 2180/1879/946 1826/1882/949
f 2180/1879/946 2335/1883/950 2336/1884/951
f 2338/1885/952 2054/1886/953 1889/1887/954
f 2335/1883/950 2056/1888/955 2337/1889/956
f 2339/1890/957 1847/1891/958 2181/1892/959
f 2339/1890/957 2181/1892/959 1891/1893/960
f 1890/1894/961 2339/1890/957 1891/1893/960
f 2052/1895/962 1893/1896/963 1892/1897/964
f 2340/1898/965 2341/1899/966 1894/1900/967
f 2342/1901/968 2343/1902/969 1897/1903/970
f 2343/1902/969 2051/1904/971 2344/1905/972
f 1847/1891/958 2052/1895/962 2181/1892/959
f 2051/1904/971 1846/1906/973 2182/1907/974
f 1897/1903/970 2344/1905/972 1898/1908/975
f 1900/1909/976 2346/1910/977 1901/1911/978
f 2346/1910/977 2050/1912/979 1902/1913/980
f 1902/1913/980 2347/1914/981 1903/1915/982
f 1904/1916/983 2048/1917/984 1905/1918/985
f 2182/1907/974 2345/1919/986 1899/1920/987
f 2347/1914/981 2049/1921/988 1904/1916/983
f 2348/1922/989 2046/1923/990 1908/1924/991
f 2349/1925/992 2045/1926/993 1910/1927/994
f 1912/1928/995 1844/1929/996 2184/1930/997
f 1908/1924/991 2349/1925/992 1909/1931/998
f 1906/1932/999 2348/1922/989 1907/1933/1000
f 1915/1934/1001 2040/1935/1002 1916/1936/1003
f 1917/1937/1004 2350/1938/1005 1918/1939/1006
f 2350/1938/1005 2038/1940/1007 1919/1941/1008
f 1913/1942/1009 2042/1943/1010 1914/1944/1011
f 2040/1935/1002 2039/1945/1012 1917/1937/1004
f 2351/1946/1013 2037/1947/1014 1921/1948/1015
f 1922/1949/1016 2035/1950/1017 1923/1951/1018
f 2185/1952/1019 2351/1946/1013 1920/1953/1020
f 2037/1947/1014 2036/1954/1021 1922/1949/1016
f 2035/1950/1017 2034/1955/1022 1924/1956/1023
f 1927/1957/1024 2030/1958/1025 1928/1959/1026
f 2352/1960/1027 2411/1961/1028 1930/1962/1029
f 2411/1961/1028 2353/1963/1030 1930/1962/1029
f 2030/1958/1025 2029/1964/1031 1929/1965/1032
f 1930/1962/1029 2353/1963/1030 2528/1966/1033
f 2353/1963/1030 1931/1967/1034 2187/1968/1035
f 1931/1967/1034 2026/1969/1036 1932/1970/1037
f 2027/1971/1038 2026/1969/1036 1931/1967/1034
f 1932/1970/1037 1841/1972/1039 2188/1973/1040
f 2188/1973/1040 2025/1974/1041 2024/1975/1042
f 1933/1976/1043 2024/1975/1042 1934/1977/1044
f 1934/1977/1044 2023/1978/1045 1935/1979/1046
f 1935/1979/1046 2022/1980/1047 2189/1981/1048
f 1936/1982/1049 2354/1983/1050 1937/1984/1051
f 2189/1981/1048 2021/1985/1052 1936/1982/1049
f 1939/1986/1053 1840/1987/1054 2190/1988/1055
f 2358/1989/1056 2359/1990/1057 1942/1991/1058
f 2360/1992/1059 2020/1993/1060 1943/1994/1061
f 1943/1994/1061 2323/1866/933 2191/1848/915
f 2362/1995/1062 1868/1996/906 2092/1997/1063
f 2362/1995/1062 2628/1998/1064 1868/1996/906
f 2255/1999/1065 2361/2000/1066 2092/1997/1063
f 2362/1995/1062 2178/2001/1067 1873/2002/1068
f 1873/2002/1068 2630/2003/1069 2362/1995/1062
f 2585/2004/1070 2363/2005/1071 2255/1999/1065
f 2093/2006/1072 2363/2005/1071 2585/2004/1070
f 2363/2005/1071 2270/2007/1073 2178/2001/1067
f 2192/2008/1074 2270/2007/1073 2093/2006/1072
f 2363/2005/1071 2178/2001/1067 2362/1995/1062
f 2363/2005/1071 2362/1995/1062 2361/2000/1066
f 2363/2005/1071 2361/2000/1066 2255/1999/1065
f 2192/2008/1074 2364/2009/1075 2177/2010/1076
f 2095/2011/1077 2365/2012/1078 2094/2013/1079
f 2260/2014/1080 2366/2015/1081 2259/2016/1082
f 2366/2015/1081 2367/2017/1083 2095/2011/1077
f 2095/2011/1077 2175/2018/1084 2365/2012/1078
f 2367/2017/1083 2174/2019/1085 2095/2011/1077
f 2193/2020/1086 2272/2021/1087 2367/2017/1083
f 2365/2012/1078 2176/2022/1088 2586/2023/1089
f 2100/2024/1090 2370/2025/1091 2099/2026/1092
f 2096/2027/1093 2193/2020/1086 2589/2028/1094
f 2370/2025/1091 2636/2029/1095 2369/2030/1096
f 2096/2027/1097 2173/2031/1098 2193/2020/1086
f 2368/2032/1099 2173/2031/1098 2096/2027/1097
f 2261/2033/1100 2639/2034/1101 2101/2035/1102
f 2639/2034/1101 2637/2036/1103 2100/2024/1090
f 2100/2024/1090 2637/2036/1103 2370/2025/1091
f 2107/2037/1104 2108/2038/1105 2372/2039/1106
f 2105/2040/1107 2106/2041/1108 2371/2042/1109
f 2103/2043/1110 2640/2044/1111 2102/2045/1112
f 2102/2045/1112 2639/2034/1101 2261/2033/1100
f 2111/2046/1113 2112/2047/1114 2373/2048/1115
f 2110/2049/1116 2646/2050/1117 2374/2051/1118
f 2373/2048/1115 2172/2052/1119 2646/2050/1117
f 2114/2053/1120 2115/2054/1121 2376/2055/1122
f 2109/2056/1123 2374/2051/1118 2644/2057/1124
f 2115/2054/1121 2195/2058/1125 2171/2059/1126
f 2262/2060/1127 2109/2056/1123 2194/2061/1128
f 2118/2062/1129 2119/2063/1130 2377/2064/1131
f 2116/2065/1132 2117/2066/1133 2379/2067/1134
f 2117/2066/1133 2377/2064/1131 2170/2068/1135
f 2122/2069/1136 1851/2070/1137 2378/2071/1138
f 2263/2072/1139 2379/2067/1134 2195/2058/1125
f 2123/2073/1140 2124/2074/1141 2169/2075/1142
f 2380/2076/1143 2128/2077/1144 2168/2078/1145
f 2127/2079/1146 2128/2077/1144 2380/2076/1143
f 2196/2080/1147 2652/2081/1148 2129/2082/1149
f 2131/2083/1150 2382/2084/1151 2130/2085/1152
f 2132/2086/1153 2167/2087/1154 2131/2083/1150
f 2135/2088/1155 2265/2089/1156 2166/2090/1157
f 2166/2090/1158 2660/2091/1159 2659/2092/1160
f 2166/2090/1161 2657/2093/1162 2383/2094/1163
f 2655/2095/1164 2654/2096/1165 2167/2087/1166
f 2140/2097/1167 2141/2098/1168 2386/2099/1169
f 2139/2100/1170 2140/2097/1167 2385/2101/1171
f 2137/2102/1172 2385/2101/1171 2165/2103/1173
f 2386/2099/1174 2141/2098/1168 2197/2104/1175
f 2136/2105/1176 2165/2103/1173 2660/2091/1159
f 2144/2106/1177 2266/2107/1178 2387/2108/1179
f 2143/2109/1180 2387/2108/1179 2388/2110/1181
f 2266/2107/1178 2198/2111/1182 2387/2108/1179
f 2142/2112/1183 2388/2110/1181 2141/2098/1168
f 2141/2098/1168 2164/2113/1184 2197/2104/1175
f 2146/2114/1185 2147/2115/1186 2390/2116/1187
f 2389/2117/1188 2162/2118/1189 2163/2119/1190
f 2390/2116/1187 2391/2120/1191 2162/2118/1189
f 2163/2119/1190 2162/2118/1189 2280/2121/1192
f 2198/2111/1182 2163/2119/1190 2199/2122/1193
f 2266/2107/1178 2389/2117/1188 2198/2111/1182
f 2392/2123/1194 2160/2124/1195 2161/2125/1196
f 2393/2126/1197 2159/2127/1198 2160/2124/1195
f 2394/2128/1199 2203/2129/1200 2159/2127/1198
f 2200/2130/1201 2161/2125/1196 2201/2131/1202
f 2268/2132/1203 2392/2123/1194 2200/2130/1201
f 2152/2133/1204 2153/2134/1205 2395/2135/1206
f 2155/2136/1207 2156/2137/1208 2396/2138/1209
f 2156/2137/1208 2157/2139/1210 2397/2140/1211
f 2157/2139/1210 2204/1862/928 2397/2140/1211
f 2396/2138/1212 2397/2140/1213 2158/2141/1214
f 2397/2140/1213 2205/1804/863 2670/2142/1215
f 2395/2135/1206 2158/2141/1214 2668/2143/1216
f 2202/2144/1217 2395/2135/1206 2203/2129/1200
f 2323/1866/933 2398/2145/1218 2019/1863/931
f 2324/1864/932 2399/2146/1219 1864/1865/847
f 2399/2146/1219 1867/1792/849 1864/1865/847
f 1865/1801/860 1866/1800/1220 2399/2146/1219
f 2206/2147/1221 1865/1801/860 2398/2145/1218
f 2357/2148/1222 2400/2149/1223 2358/1989/1056
f 2400/2149/1223 2401/2150/1224 2359/1990/1057
f 2402/2151/1225 2091/2152/1226 2020/1993/1060
f 2401/2150/1227 2671/2153/1228 2402/2151/1225
f 1840/1987/1054 2207/2154/1229 2357/2148/1222
f 2020/1993/1060 2206/2147/1221 2323/1866/933
f 2356/2155/1230 2403/2156/1231 1840/1987/1054
f 2355/2157/1232 2404/2158/1233 2356/2155/1230
f 2354/1983/1050 2405/2159/1234 2355/2157/1232
f 2209/2160/1235 2405/2159/1234 2354/1983/1050
f 2405/2159/1234 2090/2161/1236 2404/2158/1233
f 2405/2159/1234 2088/2162/1237 2089/2163/1238
f 2403/2156/1231 2208/2164/1239 2207/2154/1229
f 2023/1978/1045 2406/2165/1240 2022/1980/1047
f 2024/1975/1042 2407/2166/1241 2023/1978/1045
f 2025/1974/1041 2407/2166/1241 2024/1975/1042
f 2407/2166/1242 2408/2167/1243 2406/2165/1244
f 2025/1974/1041 2408/2167/1243 2407/2166/1242
f 2406/2165/1244 2088/2162/1237 2209/2160/1235
f 2026/1969/1036 2027/1971/1038 2409/2168/1245
f 2409/2168/1245 2085/2169/1246 2210/2170/1247
f 2409/2168/1248 2410/2171/1249 2085/2169/1250
f 2211/2172/1251 2083/2173/1252 2410/2171/1253
f 2410/2171/1249 2084/2174/1254 2085/2169/1250
f 2210/2170/1255 2085/2169/1250 2086/2175/1256
f 2028/2176/1257 2412/2177/1258 2352/1960/1027
f 2411/1961/1028 2412/2177/1259 2083/2173/1252
f 2412/2177/1259 2028/2176/1260 2083/2173/1252
f 2029/1964/1261 2080/2178/1262 2081/2179/1263
f 2031/2180/1264 2080/2178/1262 2030/1958/1265
f 2028/2176/1260 2081/2179/1263 2082/2181/1266
f 2211/2172/1251 2411/1961/1028 2083/2173/1252
f 2036/1954/1021 2078/2182/1267 2035/1950/1017
f 1843/2183/1268 2413/2184/1269 2351/1946/1013
f 2032/2185/1270 2278/2186/1271 1842/2187/1272
f 2041/2188/1273 2414/2189/1274 2040/1935/1002
f 2039/1945/1012 2416/2190/1275 2350/1938/1005
f 2416/2190/1275 2077/2191/1276 2038/1940/1007
f 2414/2189/1274 2076/2192/1277 2039/1945/1012
f 2415/2193/1278 2073/2194/1279 2042/1943/1010
f 2041/2188/1273 2075/2195/1280 2414/2189/1274
f 2212/2196/1281 2073/2194/1279 2415/2193/1278
f 2073/2194/1279 2074/2197/1282 2041/2188/1273
f 2077/2191/1276 2277/2198/1283 1843/2183/1268
f 2418/2199/1284 2419/2200/1285 2046/1923/990
f 2047/2201/1286 2419/2200/1285 2418/2199/1284
f 2045/1926/993 2072/2202/1287 2044/2203/1288
f 2417/2204/1289 2072/2202/1287 2045/1926/993
f 2046/1923/990 2417/2204/1289 2349/1925/992
f 2047/2201/1286 2418/2199/1284 2348/1922/989
f 2419/2200/1285 2071/2205/1290 2417/2204/1289
f 2043/2206/1291 2212/2196/1281 1844/1929/996
f 2050/1912/979 2420/2207/1292 2347/1914/981
f 1900/1909/976 2421/2208/1293 2346/1910/977
f 2345/1919/986 2422/2209/1294 1900/1909/976
f 2421/2208/1293 2423/2210/1295 2050/1912/979
f 2420/2207/1296 2423/2210/1297 2069/2211/1298
f 2049/1921/1299 2070/2212/1300 2048/1917/984
f 2048/1917/984 2647/2213/1301 1845/2214/1302
f 2424/2215/1303 2425/2216/1304 2052/1895/962
f 2340/1898/965 2426/2217/1305 2341/1899/966
f 1847/1891/958 2424/2215/1303 2052/1895/962
f 2053/2218/1306 2067/2219/1307 2339/1890/957
f 2055/2220/1308 2066/2221/1309 2054/1886/953
f 2427/2222/1310 2065/2223/1311 2428/2224/1312
f 1848/1878/945 2427/2222/1313 2335/1883/950
f 2428/2224/1314 2066/2221/1309 2055/2220/1308
f 2066/2221/1309 2638/2225/1315 2053/2218/1306
f 2057/2226/1316 2058/2227/1317 2429/2228/1318
f 2058/2227/1317 2430/2229/1319 2429/2228/1318
f 2058/2227/1317 2213/2230/1320 2430/2229/1319
f 2429/2228/1318 2427/2222/1313 1848/1878/945
f 2431/2231/1321 1850/2232/1322 2063/2233/1323
f 2213/2230/1320 2431/2231/1321 2063/2233/1323
f 1849/1880/947 2431/2231/1321 2213/2230/1320
f 2329/2234/1324 2321/1858/924 2432/2235/1325
f 2321/1858/924 2060/1859/926 2432/2235/1325
f 1878/2236/852 2299/2237/1326 1859/2238/851
f 2433/2239/1327 1863/2240/1328 2299/2237/1326
f 2433/2239/1327 2434/2241/1329 1862/2242/1330
f 2434/2241/1329 1861/2243/1331 1862/2242/1330
f 1870/2244/866 1980/2245/865 2433/2239/1327
f 1980/2245/865 1827/2246/1332 2434/2241/1329
f 2434/2241/1329 2216/2247/1333 1861/2243/1331
f 1863/2240/1328 2543/2248/1334 2542/2249/855
f 1981/2250/1335 2437/2251/1336 2438/2252/1337
f 2625/2253/1338 2438/2252/1337 2439/2254/1339
f 2435/2255/1340 2439/2254/1339 2546/2256/1341
f 2438/2252/1337 2440/2257/1342 2018/2258/1343
f 2626/2259/1344 2436/2260/1345 2435/2255/1340
f 2626/2259/1344 2625/2253/1338 2436/2260/1345
f 2440/2257/1342 2549/2261/1346 2018/2258/1343
f 1827/2246/1332 2435/2255/1340 2216/2247/1333
f 1982/2262/1347 1983/2263/1348 2441/2264/1349
f 1984/2265/1350 1829/2266/1351 2442/2267/1352
f 1983/2263/1348 2442/2267/1352 2443/2268/1353
f 2441/2264/1349 2443/2268/1353 2017/2269/1354
f 2440/2257/1342 2017/2269/1354 2549/2261/1346
f 1828/2270/1355 2441/2264/1349 2440/2257/1342
f 1985/2271/1356 2445/2272/1357 2016/2273/1358
f 1986/2274/1359 2444/2275/1360 2445/2272/1357
f 2446/2276/1361 2015/2277/1362 2444/2275/1360
f 1987/2278/1363 2217/2279/1364 1830/2280/1365
f 1988/2281/1366 2217/2279/1364 1987/2278/1363
f 2219/2282/1367 1988/2281/1366 2622/2283/1368
f 2014/2284/1369 2218/2285/1370 2217/2279/1364
f 2013/2286/1371 1839/2287/1372 2219/2282/1367
f 1830/2280/1365 2217/2279/1364 2446/2276/1373
f 1990/2288/1374 2012/2289/1375 1989/2290/1376
f 2621/2291/1377 2447/2292/1378 2449/2293/1379
f 1991/2294/1380 2449/2293/1379 2450/2295/1381
f 2620/2296/1382 1832/2297/1383 2447/2292/1378
f 2448/2298/1384 2013/2286/1371 2219/2282/1367
f 2618/2299/1385 2617/2300/1386 2456/2301/1387
f 2617/2300/1386 2451/2302/1388 2011/2303/1389
f 1995/2304/1390 1833/2305/1391 2451/2302/1388
f 2615/2306/1392 1996/2307/1393 2460/2308/1394
f 2613/2309/1395 2458/2310/1396 2461/2311/1397
f 2457/2312/1398 2461/2311/1397 2463/2313/1399
f 2458/2310/1396 2462/2314/1400 2464/2315/1401
f 2459/2316/1402 2460/2308/1394 2561/2317/1403
f 1996/2307/1393 2463/2313/1399 2562/2318/1404
f 2614/2319/1405 2613/2309/1395 2457/2312/1398
f 2612/2320/1406 2611/2321/1407 2458/2310/1396
f 2609/2322/1408 2465/2323/1409 2467/2324/1410
f 2465/2323/1409 2466/2325/1411 2470/2326/1412
f 2610/2327/1413 2467/2324/1410 2565/2328/1414
f 2606/2329/1415 2468/2330/1416 2566/2331/1417
f 2607/2332/1418 2606/2329/1415 2466/2325/1411
f 2604/2333/1419 2223/2334/1420 2469/2335/1421
f 2468/2330/1416 2469/2335/1422 2566/2331/1417
f 2467/2324/1410 2470/2326/1412 2565/2328/1414
f 1834/2336/1423 2610/2327/1413 2222/2337/1424
f 2602/2338/1425 2471/2339/1426 2474/2340/1427
f 2600/2341/1428 1997/2342/1429 2475/2343/1430
f 2473/2344/1431 2474/2340/1432 2476/2345/1433
f 2472/2346/1434 2010/2347/1435 1997/2342/1436
f 2601/2348/1437 2600/2341/1428 2471/2339/1426
f 2599/2349/1438 2598/2350/1439 2472/2346/1440
f 2223/2334/1441 2476/2345/1433 2469/2335/1442
f 2595/2351/1443 2479/2352/1444 2105/2353/1107
f 2477/2354/1445 2480/2355/1446 2597/2356/1447
f 2595/2351/1443 2594/2357/1448 2009/2358/1449
f 2594/2357/1448 2574/2359/1450 2009/2358/1449
f 2107/2360/1104 2596/2361/1451 2477/2354/1445
f 1998/2362/1452 2225/2363/1453 2574/2359/1450
f 1836/2364/1454 2597/2356/1447 2224/2365/1455
f 2593/2366/1456 2592/2367/1457 2481/2368/1458
f 2590/2369/1459 2483/2370/1460 2482/2371/1461
f 2591/2372/1462 2485/2373/1463 2484/2374/1464
f 1999/2375/1465 2482/2371/1461 2485/2373/1463
f 2592/2367/1457 2484/2374/1464 2576/2376/1466
f 2482/2371/1467 2577/2377/1468 2485/2373/1469
f 2484/2374/1470 2485/2373/1469 2576/2376/1471
f 1837/2378/1472 2481/2368/1458 2225/2363/1453
f 2000/2379/1473 2487/2380/1474 2486/2381/1475
f 2000/2379/1473 2488/2382/1476 2487/2380/1474
f 2226/2383/1477 2008/2384/1478 2488/2382/1476
f 1838/2385/1479 2226/2383/1477 2000/2379/1473
f 2489/2386/1480 2490/2387/1481 1838/2385/1479
f 2489/2386/1480 2228/2388/1482 2490/2387/1481
f 2227/2389/1483 2228/2388/1482 2489/2386/1480
f 2228/2388/1482 2006/2390/1484 2490/2387/1485
f 2490/2387/1485 2007/2391/1486 2226/2383/1477
f 2491/1855/921 2492/1853/919 2002/2392/1487
f 2492/1853/919 2228/2388/1482 2227/2389/1483
f 2005/1854/920 2006/2390/1484 2228/2388/1482
f 2493/1869/936 1880/1871/938 2494/2393/1488
f 1853/2394/1489 2494/2393/1488 1852/2395/902
f 1979/2396/877 2495/2397/1490 2494/2393/1488
f 2495/2397/1490 1875/2398/903 1852/2395/902
f 1979/2396/877 1857/2399/876 2495/2397/1490
f 1880/1871/938 2229/2400/1491 1979/2396/877
f 1857/2399/876 1858/2401/871 2495/2397/1490
f 2497/2402/1492 1978/2403/1493 2496/2404/1494
f 1881/1870/937 1882/2405/1495 1880/1871/938
f 2230/2406/1496 2497/2402/1492 2496/2404/1494
f 1883/2407/1497 1884/1874/941 2230/2406/1496
f 1884/1874/941 2232/2408/1498 2498/2409/1499
f 2498/2409/1499 2231/2410/1500 2230/2406/1496
f 1885/1877/944 2499/2411/1501 2232/2408/1498
f 1886/1876/943 1826/1882/949 2499/2411/1501
f 2232/2408/1498 2500/2412/1502 1977/2413/1503
f 1826/1882/949 2233/2414/1504 2499/2411/1501
f 2499/2411/1501 2233/2414/1504 2500/2412/1502
f 2233/2414/1504 1976/2415/1505 2500/2412/1502
f 1890/1894/961 1891/1893/960 2502/2416/1506
f 2233/2414/1504 1975/2417/1507 1976/2415/1505
f 1887/2418/1508 1888/2419/1509 1975/2417/1507
f 1891/1893/960 2234/2420/1510 1973/2421/1511
f 1888/2419/1509 2501/2422/1512 1974/2423/1513
f 1892/1897/964 1893/1896/963 1972/2424/1514
f 1894/1900/967 1895/2425/1515 2503/2426/1516
f 1897/1903/970 1971/2427/1517 1896/2428/1518
f 1903/1915/982 2507/2429/1519 1902/1913/980
f 2504/2430/1520 2508/2431/1521 1899/1920/987
f 2505/2432/1522 1968/2433/1523 1903/1915/982
f 1969/2434/1524 1970/2435/1525 2504/2430/1520
f 1899/1920/987 2235/2436/1526 2182/1907/974
f 1901/1911/978 2504/2430/1520 1900/1909/976
f 1905/1918/985 2505/2432/1522 1904/1916/983
f 1907/1933/1000 2512/2437/1527 1906/1932/999
f 1909/1931/998 2514/2438/1528 1908/1924/991
f 2184/1930/997 2511/2439/1529 1912/1928/995
f 2184/1930/997 2237/2440/1530 2511/2439/1529
f 2512/2437/1531 2250/2441/1532 2236/2442/1533
f 2518/2443/1534 2522/2444/1535 2517/2445/1536
f 1916/1936/1003 2522/2444/1535 2518/2443/1534
f 2520/2446/1537 1967/2447/1538 2519/2448/1539
f 2522/2444/1535 2249/2449/1540 2516/2450/1541
f 2520/2446/1542 2521/2451/1543 1966/2452/1544
f 1916/1936/1003 2518/2443/1534 1915/1934/1001
f 1918/1939/1006 2519/2448/1539 1917/1937/1004
f 2516/2450/1541 2237/2440/1530 2184/1930/997
f 2524/2453/1545 1923/1951/1546 1962/2454/1547
f 1923/1951/1546 1961/2455/1548 1962/2454/1547
f 2524/2453/1545 1963/2456/1549 1964/2457/1550
f 1923/1951/1018 2524/2453/1551 1922/1949/1016
f 1925/2458/1552 2523/2459/1553 1924/1956/1023
f 2186/2460/1554 2239/2461/1555 1926/2462/1556
f 2240/2463/1557 1960/2464/1558 1961/2455/1559
f 1920/1953/1020 2238/2465/1560 2185/1952/1019
f 2527/2466/1561 2529/2467/1562 2526/2468/1563
f 2528/1966/1033 2529/2467/1562 2527/2466/1561
f 2529/2467/1562 1959/2469/1564 2526/2468/1563
f 1929/1965/1032 2526/2468/1565 1928/1959/1026
f 2525/2470/1566 2240/2463/1567 2239/2461/1555
f 1932/1970/1037 2530/2471/1568 1931/1967/1034
f 2531/2472/1569 2530/2471/1568 1932/1970/1037
f 2530/2471/1568 2241/2473/1570 2187/1968/1035
f 2531/2472/1569 1956/2474/1571 2530/2471/1568
f 2242/2475/1572 1956/2474/1571 2531/2472/1569
f 1956/2474/1571 1957/2476/1573 2241/2473/1570
f 2189/1981/1048 2534/2477/1574 1935/1979/1046
f 2534/2477/1575 2555/2478/1576 2533/2479/1577
f 2189/1981/1048 1954/2480/1578 2534/2477/1575
f 2532/2481/1579 1955/2482/1580 2242/2475/1572
f 1939/1986/1053 2537/2483/1581 1938/2484/1582
f 2536/2485/1583 1953/2486/1584 2535/2487/1585
f 2537/2483/1581 1952/2488/1586 2536/2485/1583
f 1950/2489/1587 1951/2490/1588 2537/2483/1581
f 2190/1988/1055 1950/2489/1587 1939/1986/1053
f 2538/2491/1589 2539/2492/1590 1942/1991/1058
f 1941/2493/1591 2541/2494/1592 1940/2495/1593
f 2539/2492/1590 2541/2494/1592 1941/2493/1591
f 2191/1848/915 2538/2491/1589 1943/1994/1061
f 2540/2496/1594 1950/2489/1587 2190/1988/1055
f 2543/2248/1595 1945/2497/1596 1944/2498/1597
f 1945/2497/1596 2544/2499/1598 1946/2500/1599
f 2544/2499/1598 1862/2242/1330 2545/2501/1600
f 1863/2240/1601 1862/2242/1330 2544/2499/1598
f 1861/2243/1331 2216/2247/1602 2545/2501/1600
f 2548/2502/1603 2549/2261/1346 1949/2503/1604
f 1949/2503/1604 2549/2261/1346 2244/2504/1605
f 2243/2505/1606 2546/2256/1341 1948/2506/1607
f 2439/2254/1339 2018/2258/1343 2547/2507/1608
f 1948/2506/1607 2548/2502/1603 1949/2503/1604
f 1950/2508/1609 2551/2509/1610 1951/2510/1588
f 2550/2511/1611 2017/2269/1612 2551/2509/1610
f 1951/2510/1588 2552/2512/1613 1952/2513/1586
f 2552/2512/1613 2443/2268/1353 1953/2514/1584
f 2443/2268/1353 2016/2273/1358 2445/2272/1357
f 1953/2514/1584 2443/2268/1353 2553/2515/1614
f 1953/2514/1584 2553/2515/1614 1954/2516/1578
f 2443/2268/1353 2445/2272/1357 2553/2515/1614
f 2445/2272/1357 2015/2277/1362 2553/2515/1614
f 2554/2517/1615 2015/2277/1362 2245/2518/1616
f 2246/2519/1617 2218/2285/1370 1957/2520/1573
f 1955/2521/1580 1957/2520/1573 1956/2522/1571
f 2218/2285/1370 2014/2284/1369 1839/2287/1372
f 1957/2520/1573 1839/2287/1372 2247/2523/1618
f 1957/2520/1573 2247/2523/1618 1958/2524/1619
f 2247/2523/1618 2013/2286/1371 2556/2525/1620
f 1958/2524/1619 2556/2525/1620 2557/2526/1621
f 2556/2525/1620 2012/2289/1622 2557/2526/1621
f 2557/2526/1621 2558/2527/1623 2529/2528/1624
f 2557/2526/1621 2450/2295/1625 2558/2527/1623
f 2529/2528/1624 2558/2527/1623 1959/2529/1564
f 2558/2527/1623 2559/2530/1626 1959/2529/1564
f 1839/2287/1372 2013/2286/1371 2247/2523/1618
f 2449/2293/1627 2447/2292/1378 2559/2530/1626
f 2447/2292/1378 2220/2531/1628 2559/2530/1626
f 2559/2530/1626 2220/2531/1628 2248/2532/1629
f 1959/2529/1564 2248/2532/1629 2240/2533/1557
f 1958/2524/1619 2557/2526/1621 2529/2528/1624
f 2452/2534/1630 2453/2535/1631 2560/2536/1632
f 2456/2301/1387 1964/2537/1633 1963/2538/1634
f 2011/2303/1389 1965/2539/1635 1964/2537/1633
f 2451/2302/1388 2221/2540/1636 1965/2539/1635
f 2561/2317/1403 1966/2541/1637 2521/2542/1638
f 2460/2308/1394 2562/2318/1639 1966/2541/1637
f 2562/2318/1639 2563/2543/1640 1967/2544/1641
f 2461/2311/1642 2464/2315/1643 2563/2543/1640
f 2249/2545/1644 2566/2331/1645 2515/2546/1646
f 2565/2328/1414 2566/2331/1417 2249/2545/1647
f 2566/2331/1417 2567/2547/1648 2515/2546/1649
f 2566/2331/1417 2568/2548/1650 2567/2547/1648
f 2568/2548/1650 2512/2549/1531 2513/2550/1651
f 2469/2335/1422 2250/2551/1652 2568/2548/1650
f 2568/2548/1650 2250/2551/1532 2512/2549/1531
f 2506/2552/1653 2569/2553/1654 2505/2554/1655
f 1968/2555/1656 2570/2556/1657 2507/2557/1658
f 2570/2556/1657 2010/2347/1659 1969/2558/1660
f 2250/2551/1532 2569/2553/1654 2506/2552/1653
f 2469/2335/1422 2476/2345/1661 2250/2551/1652
f 2010/2347/1435 2472/2346/1434 2571/2559/1662
f 2571/2559/1663 2224/2365/1664 2251/2560/1665
f 2508/2561/1666 2251/2560/1667 2235/2562/1668
f 1898/2563/1669 2572/2564/1670 1897/2565/1671
f 2572/2564/1672 2478/2566/1673 1971/2567/1674
f 1971/2567/1517 2573/2568/1675 1895/2569/1515
f 2478/2566/1673 2479/2352/1676 2573/2568/1677
f 2573/2568/1678 2503/2570/1679 1895/2569/1680
f 2251/2560/1667 2480/2355/1681 1898/2563/1669
f 2480/2355/1446 2477/2354/1445 2572/2564/1672
f 2252/2571/1682 2234/2572/1510 1972/2573/1514
f 2573/2568/1683 1972/2573/1514 1893/2574/963
f 2575/2575/1684 2502/2576/1685 1973/2577/1511
f 2575/2575/1684 2501/2578/1686 2502/2576/1685
f 2576/2376/1687 1974/2579/1513 2501/2578/1686
f 2485/2373/1469 2577/2377/1468 2576/2376/1471
f 1974/2579/1513 1976/2580/1505 1975/2581/1507
f 2577/2377/1468 2578/2582/1688 1974/2579/1513
f 2252/2571/1682 1973/2577/1511 2234/2572/1510
f 2225/2363/1689 2575/2575/1690 2252/2571/1691
f 2481/2368/1458 2576/2376/1466 2575/2575/1690
f 2579/2583/1692 2007/2391/1486 2253/2584/1693
f 2579/2583/1692 2253/2584/1693 1977/2585/1503
f 2253/2584/1693 2006/2390/1484 2254/2586/1694
f 1977/2585/1503 2254/2586/1694 2231/2587/1500
f 2580/2588/1695 2581/2589/1696 1978/2590/1493
f 2581/2589/1696 2300/1816/875 1978/2590/1493
f 2005/1854/920 2301/1809/868 2581/2589/1696
f 2231/2587/1500 2580/2588/1695 2497/2591/1492
f 2584/2592/1697 2002/2593/1487 2585/2004/1070
f 2583/2594/917 2491/2595/921 2584/2592/1697
f 2256/2596/1698 1838/2597/1479 2587/2598/1699
f 2094/2013/1079 2258/2599/1700 2095/2011/1077
f 2094/2013/1079 2000/2600/1473 2258/2599/1700
f 2260/2014/1080 2588/2601/1701 2589/2028/1094
f 2589/2028/1094 2590/2602/1459 2097/2603/1702
f 1999/2604/1465 2591/2605/1462 2098/2606/1703
f 2099/2026/1092 2592/2607/1457 2100/2024/1090
f 2366/2015/1081 2260/2014/1080 2589/2028/1094
f 2259/2016/1082 2588/2601/1701 2260/2014/1080
f 2596/2608/1451 2107/2037/1104 2106/2041/1108
f 2103/2043/1704 2595/2609/1443 2104/2610/1705
f 2599/2611/1438 2111/2046/1113 2110/2049/1116
f 1997/2612/1429 2600/2613/1428 2111/2046/1113
f 2600/2613/1428 2601/2614/1437 2112/2047/1114
f 2602/2615/1425 2603/2616/1706 2114/2053/1120
f 1836/2617/1454 2598/2618/1439 2262/2060/1127
f 2601/2614/1437 2114/2053/1120 2113/2619/1707
f 2598/2618/1439 2110/2049/1116 2109/2056/1123
f 2604/2620/1419 2605/2621/1708 2116/2065/1132
f 2606/2622/1415 2607/2623/1418 2118/2062/1129
f 1835/2624/1709 2116/2065/1132 2263/2072/1139
f 2610/2625/1413 1834/2626/1423 2122/2069/1136
f 2608/2627/1710 2121/2628/1711 2120/2629/1712
f 2605/2621/1708 2118/2062/1129 2117/2066/1133
f 2611/2630/1407 2612/2631/1406 2123/2073/1140
f 1996/2632/1393 2615/2633/1392 2127/2079/1146
f 1834/2626/1423 2123/2073/1140 1851/2070/1137
f 2616/2634/1713 2264/2635/1714 2129/2082/1715
f 2614/2636/1405 2127/2079/1146 2126/2637/1716
f 1995/2638/1390 2617/2639/1386 2130/2085/1152
f 2617/2639/1386 2618/2640/1385 2131/2083/1150
f 2618/2640/1385 2133/2641/1717 2132/2086/1153
f 1993/2642/1718 2619/2643/1719 2134/2644/1720
f 2619/2643/1719 2135/2088/1155 2383/2094/1721
f 2620/2645/1382 2137/2102/1172 2136/2105/1176
f 2621/2646/1377 2138/2647/1722 2137/2102/1172
f 1990/2648/1374 2140/2097/1167 2139/2100/1170
f 1832/2649/1383 2620/2645/1382 2265/2089/1156
f 2622/2650/1368 1988/2651/1366 2143/2109/1180
f 1988/2651/1366 2144/2106/1177 2143/2109/1180
f 1988/2651/1366 1987/2652/1363 2144/2106/1177
f 1987/2652/1363 1830/2653/1365 2144/2106/1177
f 1831/2654/1723 2622/2650/1368 2142/2112/1183
f 1831/2654/1723 2219/2655/1367 2622/2650/1368
f 1830/2653/1365 2145/2656/1724 2266/2107/1178
f 2267/2657/1725 2148/2658/1726 2268/2132/1203
f 1828/2659/1355 2269/2660/1727 2151/2661/1728
f 2437/2662/1336 2624/2663/1729 2152/2133/1204
f 1981/2664/1335 2155/2136/1207 2154/2665/1730
f 1981/2664/1335 2625/2666/1338 2155/2136/1207
f 2625/2666/1338 2626/2667/1344 2156/2137/1208
f 2626/2667/1344 1869/1808/867 2157/2139/1210
f 2624/2663/1729 2154/2665/1730 2153/2134/1205
f 2628/1998/1731 2630/2003/1069 2629/2668/1732
f 2629/2668/1732 2630/2003/1069 2061/2669/1733
f 2633/2670/1734 2632/2671/1735 2061/2669/1733
f 1873/2002/1068 2633/2670/1734 2631/2672/1736
f 2178/2001/1067 2633/2670/1734 1873/2002/1068
f 2635/2673/1737 2062/2674/1738 2634/2675/1739
f 2635/2673/1737 2271/2676/1740 2062/2674/1738
f 2176/2022/1741 2271/2676/1740 2635/2673/1737
f 2271/2676/1740 2064/2677/1742 2062/2674/1738
f 2270/2007/1073 2635/2673/1737 2634/2675/1739
f 2175/2018/1743 2174/2019/1085 2271/2676/1740
f 2064/2677/1742 2174/2019/1085 2273/2678/1744
f 2065/2223/1311 2637/2036/1103 2066/2221/1745
f 2066/2221/1745 2637/2036/1103 2638/2225/1746
f 2637/2036/1103 2639/2034/1747 2638/2225/1746
f 2638/2225/1746 2639/2034/1747 2640/2044/1748
f 2640/2044/1749 2641/2679/1750 2425/2216/1751
f 2640/2044/1111 2103/2043/1110 2641/2679/1752
f 2641/2679/1752 2642/2680/1753 2426/2217/1754
f 2106/2041/1755 2068/2681/1756 2426/2217/1757
f 2372/2039/1758 2643/2682/1759 2068/2681/1756
f 1847/1891/1760 2640/2044/1749 2424/2215/1761
f 2104/2610/1762 2371/2042/1763 2642/2680/1753
f 2371/2042/1763 2106/2041/1755 2642/2680/1753
f 2108/2038/1105 2194/2061/1128 2643/2682/1759
f 2643/2682/1764 1846/1906/1765 2051/1904/1766
f 2425/2216/1751 2641/2679/1750 2340/1898/1767
f 2374/2051/1768 2646/2050/1769 2645/2683/1770
f 2646/2050/1769 2069/2211/1771 2645/2683/1770
f 2172/2052/1772 2375/2684/1773 2069/2211/1771
f 2194/2061/1774 2644/2057/1775 1846/1906/1765
f 2195/2058/1125 2379/2067/1776 2275/2685/1777
f 2378/2071/1778 2169/2075/1779 2071/2205/1780
f 2649/2686/1781 2650/2687/1782 2073/2194/1783
f 2169/2075/1779 2650/2687/1782 2649/2686/1784
f 2075/2195/1280 2168/2078/1785 2076/2192/1786
f 2076/2192/1786 2651/2688/1787 2416/2190/1788
f 2381/2689/1789 2168/2078/1785 2650/2687/1782
f 2652/2081/1790 2196/2080/1791 2277/2198/1283
f 2655/2095/1164 2656/2690/1792 2078/2182/1793
f 2655/2095/1164 2384/2691/1794 2656/2690/1792
f 2657/2093/1162 2166/2090/1158 2658/2692/1795
f 2277/2198/1283 2653/2693/1796 2413/2184/1269
f 2413/2184/1269 2654/2096/1797 2037/1947/1798
f 2660/2091/1159 2661/2694/1799 2079/2695/1800
f 2661/2694/1799 2081/2179/1263 2080/2178/1262
f 2661/2694/1799 2082/2181/1266 2081/2179/1263
f 2165/2103/1173 2197/2104/1175 2661/2694/1799
f 2197/2104/1175 2662/2696/1801 2082/2181/1266
f 2197/2104/1175 2279/2697/1802 2662/2696/1801
f 2164/2113/1184 2663/2698/1803 2197/2104/1175
f 2663/2698/1803 2664/2699/1804 2085/2169/1250
f 2664/2699/1804 2086/2175/1256 2085/2169/1250
f 2197/2104/1175 2663/2698/1803 2279/2697/1802
f 2199/2122/1193 2280/2121/1192 2664/2699/1804
f 2280/2121/1192 2665/2700/1805 2086/2175/1256
f 2162/2118/1189 2201/2131/1202 2665/2700/1805
f 2666/2701/1806 2089/2163/1238 2087/2702/1807
f 2667/2703/1808 2090/2161/1236 2089/2163/1238
f 2201/2131/1202 2666/2701/1806 2087/2702/1807
f 2281/2704/1809 2208/2164/1810 2090/2161/1236
f 2668/2143/1216 2669/2705/1811 2208/2164/1810
f 2158/2141/1214 2669/2705/1811 2668/2143/1216
f 2669/2705/1811 2670/2142/1215 2671/2153/1228
f 2158/2141/1214 2670/2142/1215 2669/2705/1811
f 2670/2142/1215 2091/2152/1226 2671/2153/1228
f 2203/2129/1200 2668/2143/1216 2281/2704/1809
f 2397/2140/1213 2670/2142/1215 2158/2141/1214
f 2205/1804/863 2282/1805/864 2091/2152/1226
f 2091/2152/1226 2282/1805/864 2206/2147/1221
f 1872/1782/836 2289/1781/835 2286/1776/828
f 2288/1780/834 2291/1784/853 2290/1789/844
f 2292/2706/1812 2290/1789/1812 2291/1784/1812
f 2292/2706/1813 2293/2707/1814 2290/1789/1815
f 2294/1783/837 2292/2706/1816 2291/1784/838
f 2294/1783/837 2293/2707/1817 2292/2706/1816
f 2287/1777/1818 2284/1788/842 2285/1779/843
f 2286/1776/828 2289/1781/835 2287/1777/829
f 2295/1786/840 2293/2707/1817 2294/1783/837
f 2284/1788/842 2283/1790/1819 2295/1786/840
f 2287/1777/1818 2283/1790/1820 2284/1788/842
f 2293/2707/1814 2283/1790/1821 2290/1789/1815
f 2295/1786/840 2283/1790/1819 2293/2707/1817
f 2285/1779/843 2295/1786/840 1864/1791/847
f 1878/1795/852 2288/1780/834 1872/1782/836
f 1856/1797/856 2294/1783/837 1874/1785/839
f 1855/1787/841 2294/1783/837 1856/1797/856
f 2296/1799/858 2298/1803/862 1866/1800/859
f 2298/1803/862 1867/1792/848 1866/1800/859
f 2298/1803/862 2297/1802/861 1877/2708/1822
f 2298/1803/862 1877/2708/1822 1867/1792/848
f 2206/2147/1221 2282/1805/864 1865/1801/860
f 2282/1805/864 2296/1799/858 1865/1801/860
f 2205/1804/863 2297/1802/861 2296/1799/858
f 1867/1792/848 1877/2708/1822 1876/1778/833
f 1870/1807/866 2299/2709/1326 1871/1861/927
f 1870/1807/866 2433/2710/1327 2299/2709/1326
f 2330/2711/1823 1881/1870/937 2329/2234/1324 2059/2712/1824
f 1827/2713/1332 1980/1806/865 1869/1808/867
f 2300/1816/875 2301/1809/868 1857/1817/876
f 2301/1809/868 2302/1811/870 1857/1817/876
f 1857/1817/876 2302/1811/870 1858/1812/871
f 2302/1811/870 2003/1810/869 1858/1812/871
f 1858/1812/871 2003/1810/869 1860/1813/872
f 1875/1814/873 1860/1813/872 2305/1835/899
f 2305/1835/899 2306/1832/1825 2304/1833/900
f 2307/1820/879 2306/1832/898 2305/1835/904
f 2314/1825/884 2313/1829/888 2312/1826/885
f 2306/1832/892 2303/1834/1826 2316/1830/893
f 2307/1820/879 2308/1819/878 2306/1832/898
f 2308/1819/878 2309/1823/882 2306/1832/898
f 2313/1829/888 2309/1823/882 2311/1822/881
f 2303/1834/1827 2315/1828/890 2316/1830/889
f 2313/1829/888 2303/1834/897 2309/1823/882
f 2315/1828/887 2303/1834/897 2313/1829/888
f 1852/1836/902 2316/1830/889 1853/2714/1489
f 2304/1833/901 2316/1830/889 1852/1836/902
f 1868/1837/906 2311/1822/881 2310/1824/883
f 2312/1826/895 2311/1822/881 1868/1837/906
f 1853/2714/1489 2316/1830/889 2325/1831/891
f 2317/1841/909 1946/1843/911 2243/1845/913
f 2318/1842/910 1856/1840/856 1944/1846/857
f 2318/1842/910 1945/1847/914 1946/1843/911
f 1854/1867/934 2317/1841/909 2191/1848/915
f 2491/1855/921 2583/1851/917 2320/1852/918
f 2320/1852/918 2319/1850/916 1860/1813/905
f 2582/1849/880 2307/2715/879 2319/1850/916
f 2319/1850/916 2307/2715/879 1860/2716/905
f 2005/1854/920 2320/1852/918 2004/1815/874
f 2321/1858/924 2326/1857/923 1879/1838/925
f 2326/1857/923 2325/2717/891 2314/1860/896
f 2060/1859/926 1879/1838/925 2629/2668/1732
f 1850/2232/1322 2060/1859/926 2061/2669/1733
f 2329/2234/1324 2328/1856/922 2321/1858/924
f 1872/2718/836 2322/2719/1828 1871/1861/927
f 1872/2718/836 2286/2720/828 2322/2719/1828
f 1869/1808/867 1870/1807/866 2204/1862/928
f 2204/1862/928 1871/1861/927 2322/2719/1828
f 2322/2719/1828 2286/2720/828 1877/2708/850
f 2204/1862/929 2322/2719/1828 2297/1802/930
f 2297/1802/930 2322/2719/1828 1877/2708/850
f 1854/1867/934 2323/1866/933 2019/1863/931
f 1854/1867/934 2019/1863/931 2317/1841/909
f 2324/1864/932 1855/1839/841 2317/1841/909
f 1853/2394/1489 2325/2717/891 2493/1869/936
f 2325/2717/891 2326/1857/923 2493/1869/936
f 2326/1857/923 2328/1856/922 2327/1868/935
f 2327/1868/935 1881/1870/937 1880/1871/938
f 1881/1870/937 2330/2711/1823 1882/2405/1495
f 2331/2721/1829 2330/2711/1823 2059/2712/1824 2214/2722/1830
f 2328/1856/922 2329/2234/1324 1881/1870/937
f 1883/2407/1497 1882/2405/1495 2330/2711/1823 2331/2721/1829
f 1884/1874/941 1883/2407/1497 2331/2721/1829 2332/1872/939
f 2332/1872/939 2331/2721/1829 2214/2722/1830 1849/1880/947
f 1885/1877/944 2179/1873/940 2332/1872/939 2333/1881/948
f 2333/1881/948 2334/1875/942 1885/1877/944
f 2333/1881/948 2058/2227/1317 2334/1875/942
f 2058/2227/1317 2057/2226/1316 2334/1875/942
f 2334/1875/942 2180/1879/946 1886/1876/943
f 2334/1875/942 2057/2226/1316 1848/1878/945
f 2053/2218/1306 1890/1894/961 1889/1887/954 2054/1886/953
f 2336/1884/951 2335/1883/950 2337/1889/956
f 2055/2220/1308 2338/1885/952 2337/1889/956 2056/1888/955
f 1890/1894/961 2053/2218/1306 2339/1890/957
f 2180/1879/946 1848/1878/945 2335/1883/950
f 2338/1885/952 1888/2419/1509 1887/2418/1508 2337/1889/956
f 2338/1885/952 2055/2220/1308 2054/1886/953
f 1888/2419/1509 2338/1885/952 1889/1887/954
f 2337/1889/956 1887/2418/1508 2233/2414/1504 2336/1884/951
f 2336/1884/951 2233/2414/1504 1826/1882/949 2180/1879/946
f 1894/1900/967 1893/1896/963 2052/1895/962 2340/1898/965
f 2342/1901/968 1896/2428/1518 1895/2425/1515 2341/1899/966
f 1897/1903/970 2343/1902/969 2344/1905/972
f 2181/1892/959 2052/1895/962 1892/1897/964
f 2344/1905/972 2051/1904/971 2182/1907/974
f 1898/1908/975 2344/1905/972 2182/1907/974
f 1896/2428/1518 2342/1901/968 1897/1903/970
f 1845/2214/1302 2183/2723/1831 1905/1918/985 2048/1917/984
f 1894/1900/967 2341/1899/966 1895/2425/1515
f 1899/1920/987 2345/1919/986 1900/1909/976
f 1901/1911/978 2346/1910/977 1902/1913/980
f 1902/1913/980 2050/1912/979 2347/1914/981
f 1903/1915/982 2347/1914/981 1904/1916/983
f 2182/1907/974 1846/1906/973 2345/1919/986
f 1904/1916/983 2049/1921/988 2048/1917/984
f 2047/2201/1286 1906/1932/999 2183/2723/1831 1845/2214/1302
f 1906/1932/999 2047/2201/1286 2348/1922/989
f 1908/1924/991 2046/1923/990 2349/1925/992
f 2044/2203/1288 1911/2724/1832 1910/1927/994 2045/1926/993
f 2043/2206/1291 1912/1928/995 1911/2724/1832 2044/2203/1288
f 2041/2188/1273 1915/1934/1001 1914/1944/1011 2042/1943/1010
f 1912/1928/995 2043/2206/1291 1844/1929/996
f 1909/1931/998 2349/1925/992 1910/1927/994
f 1907/1933/1000 2348/1922/989 1908/1924/991
f 1916/1936/1003 2040/1935/1002 1917/1937/1004
f 1918/1939/1006 2350/1938/1005 1919/1941/1008
f 2184/1930/997 1844/1929/996 1913/1942/1009
f 1843/2183/1268 2185/1952/1019 1919/1941/1008 2038/1940/1007
f 1915/1934/1001 2041/2188/1273 2040/1935/1002
f 1917/1937/1004 2039/1945/1012 2350/1938/1005
f 2033/2725/1833 1925/2458/1552 1924/1956/1023 2034/1955/1022
f 1920/1953/1020 2351/1946/1013 1921/1948/1015
f 1921/1948/1015 2037/1947/1014 1922/1949/1016
f 1923/1951/1018 2035/1950/1017 1924/1956/1023
f 2185/1952/1019 1843/2183/1268 2351/1946/1013
f 1922/1949/1016 2036/1954/1021 2035/1950/1017
f 2032/2185/1834 1926/2462/1556 1925/2458/1552 2033/2725/1833
f 1842/2187/1835 2186/2460/1554 1926/2462/1556 2032/2185/1834
f 2031/2180/1836 1927/1957/1024 2186/2460/1554 1842/2187/1835
f 1928/1959/1026 2030/1958/1025 1929/1965/1032
f 2527/2466/1561 2352/1960/1027 1930/1962/1029
f 2028/2176/1257 2352/1960/1027 1929/1965/1032 2029/1964/1031
f 1927/1957/1024 2031/2180/1836 2030/1958/1025
f 1931/1967/1034 2353/1963/1030 2211/2172/1251 2027/1971/1038
f 2528/1966/1033 2353/1963/1030 2187/1968/1035
f 2356/2155/1230 1938/2484/1582 1937/1984/1051 2355/2157/1232
f 1932/1970/1037 2026/1969/1036 1841/1972/1039
f 1933/1976/1043 2188/1973/1040 2024/1975/1042
f 1934/1977/1044 2024/1975/1042 2023/1978/1045
f 1935/1979/1046 2023/1978/1045 2022/1980/1047
f 2188/1973/1040 1841/1972/1039 2025/1974/1041
f 2189/1981/1048 2022/1980/1047 2021/1985/1052
f 1936/1982/1049 2021/1985/1052 2354/1983/1050
f 1937/1984/1051 2354/1983/1050 2355/2157/1232
f 1840/1987/1054 1939/1986/1053 1938/2484/1582 2356/2155/1230
f 2358/1989/1056 1941/2493/1591 1940/2495/1593 2357/2148/1222
f 2357/2148/1222 1940/2495/1593 2190/1988/1055 1840/1987/1054
f 1941/2493/1591 2358/1989/1056 1942/1991/1058
f 1942/1991/1058 2359/1990/1057 2360/1992/1059
f 1942/1991/1058 2360/1992/1059 1943/1994/1061
f 2192/2008/1074 2257/2726/1837 2586/2023/1089 2364/2009/1075
f 1943/1994/1061 2020/1993/1060 2323/1866/933
f 2361/2000/1066 2362/1995/1062 2092/1997/1063
f 2362/1995/1062 2630/2003/1069 2628/1998/1064
f 1868/1996/906 2628/1998/1064 2627/2727/907
f 2310/2728/883 2092/1997/1063 1868/1996/906
f 2093/2006/1072 2270/2007/1073 2363/2005/1071
f 2257/2726/1837 2192/2008/1074 2093/2006/1072
f 2270/2007/1073 2192/2008/1074 2177/2010/1076
f 2368/2032/1838 2097/2603/1702 2098/2606/1703 2369/2030/1096
f 2586/2023/1089 2176/2022/1088 2364/2009/1075
f 2177/2010/1076 2364/2009/1075 2176/2022/1088
f 2259/2016/1082 2366/2015/1081 2095/2011/1077
f 2366/2015/1081 2193/2020/1086 2367/2017/1083
f 2095/2011/1077 2174/2019/1085 2175/2018/1084
f 2367/2017/1083 2272/2021/1087 2174/2019/1085
f 2365/2012/1078 2175/2018/1084 2176/2022/1088
f 2094/2013/1079 2365/2012/1078 2586/2023/1089
f 2097/2603/1702 2368/2032/1838 2096/2027/1093
f 2369/2030/1096 2098/2606/1703 2099/2026/1092 2370/2025/1091
f 2375/2684/1839 2172/2052/1119 2112/2047/1114 2113/2619/1707
f 2369/2030/1096 2636/2029/1095 2368/2032/1099
f 2101/2035/1102 2639/2034/1101 2100/2024/1090
f 2370/2025/1091 2637/2036/1103 2636/2029/1095
f 2368/2032/1099 2636/2029/1095 2173/2031/1098
f 2589/2028/1094 2193/2020/1086 2366/2015/1081
f 2106/2041/1108 2107/2037/1104 2372/2039/1106
f 2105/2040/1107 2371/2042/1109 2104/2610/1705
f 2108/2038/1105 2262/2060/1127 2194/2061/1128
f 2102/2045/1112 2640/2044/1111 2639/2034/1101
f 2110/2049/1116 2111/2046/1113 2373/2048/1115
f 2109/2056/1123 2110/2049/1116 2374/2051/1118
f 2110/2049/1116 2373/2048/1115 2646/2050/1117
f 2373/2048/1115 2112/2047/1114 2172/2052/1119
f 2376/2055/1122 2375/2684/1839 2113/2619/1707 2114/2053/1120
f 2168/2078/1145 2381/2689/1840 2125/2729/1841 2126/2637/1716
f 2376/2055/1122 2115/2054/1121 2171/2059/1126
f 2115/2054/1121 2263/2072/1139 2195/2058/1125
f 2194/2061/1128 2109/2056/1123 2644/2057/1124
f 2117/2066/1133 2118/2062/1129 2377/2064/1131
f 2120/2629/1712 2121/2628/1711 2378/2071/1138
f 2121/2628/1711 2122/2069/1136 2378/2071/1138
f 2379/2067/1134 2117/2066/1133 2170/2068/1135
f 2378/2071/1138 1851/2070/1137 2169/2075/1142
f 2263/2072/1139 2116/2065/1132 2379/2067/1134
f 2126/2637/1716 2380/2076/1143 2168/2078/1145
f 2169/2075/1142 2124/2074/1141 2381/2689/1840
f 2124/2074/1141 2125/2729/1841 2381/2689/1840
f 2651/2688/1842 2128/2077/1144 2129/2082/1149 2652/2081/1148
f 2128/2077/1144 2651/2688/1842 2168/2078/1145
f 2383/2094/1721 2384/2691/1843 2133/2641/1717 2134/2644/1720
f 2126/2637/1716 2127/2079/1146 2380/2076/1143
f 2129/2082/1715 2264/2635/1714 2196/2080/1844
f 1851/2070/1137 2123/2073/1140 2169/2075/1142
f 2131/2083/1150 2167/2087/1154 2382/2084/1151
f 2133/2641/1717 2384/2691/1843 2132/2086/1153
f 2382/2084/1151 2196/2080/1844 2264/2635/1714 2130/2085/1152
f 2383/2094/1721 2135/2088/1155 2166/2090/1157
f 2132/2086/1153 2384/2691/1843 2167/2087/1154
f 2384/2691/1794 2655/2095/1164 2167/2087/1166
f 2166/2090/1845 2265/2089/1846 2660/2091/1159
f 2383/2094/1163 2657/2093/1162 2384/2691/1794
f 2382/2084/1151 2167/2087/1154 2196/2080/1844
f 2197/2104/1175 2165/2103/1173 2385/2101/1847 2386/2099/1174
f 2137/2102/1172 2138/2647/1722 2385/2101/1171
f 2138/2647/1722 2139/2100/1170 2385/2101/1171
f 2136/2105/1176 2137/2102/1172 2165/2103/1173
f 2385/2101/1171 2140/2097/1167 2386/2099/1169
f 2663/2698/1803 2164/2113/1184 2388/2110/1181 2387/2108/1848
f 2265/2089/1846 2136/2105/1176 2660/2091/1159
f 2143/2109/1180 2144/2106/1177 2387/2108/1179
f 2142/2112/1183 2143/2109/1180 2388/2110/1181
f 2141/2098/1168 2388/2110/1181 2164/2113/1184
f 2199/2122/1193 2663/2698/1803 2387/2108/1848 2198/2111/1182
f 2390/2116/1187 2389/2117/1188 2145/2656/1724 2146/2114/1185
f 2200/2130/1201 2391/2120/1191 2147/2115/1186 2268/2132/1203
f 2390/2116/1187 2147/2115/1186 2391/2120/1191
f 2393/2126/1197 2392/2123/1194 2148/2658/1726 2149/2730/1849
f 2389/2117/1188 2390/2116/1187 2162/2118/1189
f 2162/2118/1189 2391/2120/1191 2201/2131/1202
f 2391/2120/1191 2200/2130/1201 2201/2131/1202
f 2198/2111/1182 2389/2117/1188 2163/2119/1190
f 2266/2107/1178 2145/2656/1724 2389/2117/1188
f 2394/2128/1199 2393/2126/1197 2149/2730/1849 2150/2731/1850
f 2202/2144/1217 2394/2128/1199 2150/2731/1850 2151/2661/1728
f 2395/2135/1206 2202/2144/1217 2269/2660/1727 2152/2133/1204
f 2392/2123/1194 2393/2126/1197 2160/2124/1195
f 2393/2126/1197 2394/2128/1199 2159/2127/1198
f 2394/2128/1199 2202/2144/1217 2203/2129/1200
f 2151/2661/1728 2269/2660/1727 2202/2144/1217
f 2200/2130/1201 2392/2123/1194 2161/2125/1196
f 2268/2132/1203 2148/2658/1726 2392/2123/1194
f 2153/2134/1205 2154/2665/1730 2396/2138/1209
f 2154/2665/1730 2155/2136/1207 2396/2138/1209
f 2396/2138/1209 2156/2137/1208 2397/2140/1211
f 2395/2135/1206 2153/2134/1851 2158/2141/1214
f 2153/2134/1851 2396/2138/1212 2158/2141/1214
f 2397/2140/1213 2204/1862/929 2205/1804/863
f 2157/2139/1210 1869/1808/867 2204/1862/928
f 2203/2129/1200 2395/2135/1206 2668/2143/1216
f 2402/2151/1225 2360/1992/1059 2359/1990/1057 2401/2150/1224
f 2019/1863/931 2399/2146/1219 2324/1864/932
f 2019/1863/931 2398/2145/1218 2399/2146/1219
f 2398/2145/1218 1865/1801/860 2399/2146/1219
f 2399/2146/1219 1866/1800/1220 1867/1792/849
f 2323/1866/933 2206/2147/1221 2398/2145/1218
f 2358/1989/1056 2400/2149/1223 2359/1990/1057
f 2357/2148/1222 2207/2154/1229 2400/2149/1223
f 2360/1992/1059 2402/2151/1225 2020/1993/1060
f 2669/2705/1811 2400/2149/1852 2207/2154/1229 2208/2164/1239
f 2208/2164/1239 2403/2156/1231 2404/2158/1233 2090/2161/1236
f 2400/2149/1852 2669/2705/1811 2401/2150/1227
f 2020/1993/1060 2091/2152/1226 2206/2147/1221
f 2356/2155/1230 2404/2158/1233 2403/2156/1231
f 2355/2157/1232 2405/2159/1234 2404/2158/1233
f 2021/1985/1052 2209/2160/1235 2354/1983/1050
f 2209/2160/1235 2021/1985/1052 2022/1980/1047 2406/2165/1240
f 2209/2160/1235 2088/2162/1237 2405/2159/1234
f 2090/2161/1236 2405/2159/1234 2089/2163/1238
f 1840/1987/1054 2403/2156/1231 2207/2154/1229
f 2023/1978/1045 2407/2166/1241 2406/2165/1240
f 2406/2165/1244 2408/2167/1243 2088/2162/1237
f 2025/1974/1041 2210/2170/1247 2408/2167/1243
f 1841/1972/1039 2210/2170/1247 2025/1974/1041
f 2408/2167/1853 2210/2170/1255 2086/2175/1256
f 2408/2167/1853 2087/2702/1807 2088/2162/1237
f 2210/2170/1247 1841/1972/1039 2026/1969/1036 2409/2168/1245
f 2079/2695/1800 2031/2180/1264 1842/2187/1272 2278/2186/1271
f 2409/2168/1245 2027/1971/1038 2410/2171/1253
f 2027/1971/1038 2211/2172/1251 2410/2171/1253
f 2410/2171/1854 2083/2173/1252 2084/2174/1254
f 2411/1961/1028 2352/1960/1027 2412/2177/1258
f 2028/2176/1260 2029/1964/1261 2081/2179/1263
f 2029/1964/1261 2030/1958/1265 2080/2178/1262
f 2211/2172/1251 2353/1963/1030 2411/1961/1028
f 2415/2193/1278 1913/1942/1009 1844/1929/996 2212/2196/1281
f 2031/2180/1264 2079/2695/1800 2080/2178/1262
f 2083/2173/1252 2028/2176/1260 2082/2181/1266
f 2351/1946/1013 2413/2184/1269 2037/1947/1014
f 2035/1950/1017 2078/2182/1267 2034/1955/1022
f 1843/2183/1268 2277/2198/1283 2413/2184/1269
f 2040/1935/1002 2414/2189/1274 2039/1945/1012
f 1913/1942/1009 2415/2193/1278 2042/1943/1010
f 2350/1938/1005 2416/2190/1275 2038/1940/1007
f 2039/1945/1012 2076/2192/1277 2416/2190/1275
f 2042/1943/1010 2073/2194/1279 2041/2188/1273
f 2414/2189/1274 2075/2195/1280 2076/2192/1277
f 2276/2732/1855 2043/2206/1291 2044/2203/1288 2072/2202/1287
f 2041/2188/1273 2074/2197/1282 2075/2195/1280
f 2038/1940/1007 2077/2191/1276 1843/2183/1268
f 2046/1923/990 2419/2200/1285 2417/2204/1289
f 2070/2212/1300 2049/1921/1299 2420/2207/1296 2069/2211/1298
f 2349/1925/992 2417/2204/1289 2045/1926/993
f 2348/1922/989 2418/2199/1284 2046/1923/990
f 1845/2214/1856 2647/2213/1857 2047/2201/1858
f 2047/2201/1858 2647/2213/1857 2419/2200/1285
f 2417/2204/1859 2071/2205/1860 2072/2202/1861
f 2043/2206/1291 2276/2732/1855 2212/2196/1281
f 2347/1914/981 2420/2207/1292 2049/1921/988
f 2346/1910/977 2421/2208/1293 2050/1912/979
f 1900/1909/976 2422/2209/1294 2421/2208/1293
f 2050/1912/979 2423/2210/1295 2420/2207/1292
f 2426/2217/1305 2068/2681/1862 2343/1902/969 2342/1901/968
f 2048/1917/984 2070/2212/1300 2647/2213/1301
f 2052/1895/962 2425/2216/1304 2340/1898/965
f 2341/1899/966 2426/2217/1305 2342/1901/968
f 2274/2733/1863 2427/2222/1310 2430/2229/1864 2064/2677/1742
f 2051/1904/1766 2343/1902/969 2068/2681/1862
f 2335/1883/950 2428/2224/1314 2056/1888/955
f 2335/1883/950 2427/2222/1313 2428/2224/1314
f 2054/1886/953 2066/2221/1309 2053/2218/1306
f 2056/1888/955 2428/2224/1314 2055/2220/1308
f 2428/2224/1312 2065/2223/1311 2066/2221/1745
f 2053/2218/1306 2638/2225/1315 2067/2219/1865
f 2339/1890/957 2067/2219/1307 1847/1891/958
f 2057/2226/1316 2429/2228/1318 1848/1878/945
f 2058/2227/1317 2333/1881/948 2213/2230/1320
f 2429/2228/1318 2430/2229/1319 2427/2222/1313
f 2430/2229/1319 2213/2230/1320 2063/2233/1323
f 2333/1881/948 1849/1880/947 2213/2230/1320
f 2430/2229/1864 2063/2233/1866 2064/2677/1742
f 2215/2734/1867 2431/2231/1321 1849/1880/947 2214/2722/1830
f 2432/2235/1325 2215/2734/1867 2214/2722/1830 2059/2712/1824
f 2431/2231/1321 2215/2734/1867 1850/2232/1322
f 2063/2233/1868 1850/2232/1322 2062/2674/1738
f 2059/2712/1824 2329/2234/1324 2432/2235/1325
f 2432/2235/1325 2060/1859/926 1850/2232/1322
f 2215/2734/1867 2432/2235/1325 1850/2232/1322
f 2015/2277/1362 2446/2276/1361 2217/2279/1364 2218/2285/1370
f 2433/2239/1327 1980/2245/865 2434/2241/1329
f 2299/2237/1326 2542/2249/855 1859/2238/851
f 2299/2237/1326 1863/2240/1328 2542/2249/855
f 2433/2239/1327 1862/2242/1330 1863/2240/1328
f 2434/2241/1329 1827/2246/1332 2216/2247/1333
f 2625/2253/1338 1981/2250/1335 2438/2252/1337
f 2436/2260/1345 2625/2253/1338 2439/2254/1339
f 2438/2252/1337 2437/2251/1336 2440/2257/1342
f 2435/2255/1340 2436/2260/1345 2439/2254/1339
f 2439/2254/1339 2438/2252/1337 2018/2258/1343
f 1827/2246/1332 2626/2259/1344 2435/2255/1340
f 1981/2250/1335 2624/2735/1729 2437/2251/1336
f 2437/2251/1336 1828/2270/1355 2440/2257/1342
f 2216/2247/1333 2435/2255/1340 2546/2256/1341
f 1828/2270/1355 1982/2262/1347 2441/2264/1349
f 1983/2263/1348 1984/2265/1350 2442/2267/1352
f 2441/2264/1349 1983/2263/1348 2443/2268/1353
f 2442/2267/1352 1829/2266/1351 2016/2273/1358
f 2442/2267/1352 2016/2273/1358 2443/2268/1353
f 2440/2257/1342 2441/2264/1349 2017/2269/1354
f 1986/2274/1359 2446/2276/1373 2444/2275/1360
f 1985/2271/1356 1986/2274/1359 2445/2272/1357
f 2445/2272/1357 2444/2275/1360 2015/2277/1362
f 2013/2286/1371 2448/2298/1384 1989/2290/1376 2012/2289/1375
f 1829/2266/1351 1985/2271/1356 2016/2273/1358
f 1988/2281/1366 2014/2284/1369 2217/2279/1364
f 1988/2281/1366 2219/2282/1367 2014/2284/1369
f 2219/2282/1367 1839/2287/1372 2014/2284/1369
f 2012/2289/1375 1990/2288/1374 1991/2294/1380 2450/2295/1381
f 1991/2294/1380 2621/2291/1377 2449/2293/1379
f 2453/2535/1869 2452/2534/1870 1992/2736/1871 2619/2737/1719
f 2621/2291/1377 2620/2296/1382 2447/2292/1378
f 2447/2292/1378 1832/2297/1383 2220/2531/1628
f 1831/2738/1723 2448/2298/1384 2219/2282/1367
f 2617/2300/1386 1995/2304/1390 2451/2302/1388
f 2454/2739/1872 2453/2535/1869 2619/2737/1719 1993/2740/1718
f 2455/2741/1873 2454/2739/1872 1993/2740/1718 1994/2742/1874
f 2456/2301/1387 2455/2741/1873 1994/2742/1874 2618/2299/1385
f 2452/2534/1870 2220/2531/1628 1832/2297/1383 1992/2736/1871
f 2456/2301/1387 2617/2300/1386 2011/2303/1389
f 2451/2302/1388 1833/2305/1391 2221/2540/1636
f 2460/2308/1394 2459/2316/1402 2616/2743/1713 2615/2306/1392
f 2222/2337/1424 2462/2314/1400 2611/2321/1407 1834/2336/1423
f 2457/2312/1398 2613/2309/1395 2461/2311/1397
f 2458/2310/1396 2611/2321/1407 2462/2314/1400
f 1996/2307/1393 2457/2312/1398 2463/2313/1399
f 2461/2311/1397 2458/2310/1396 2464/2315/1401
f 2460/2308/1394 1996/2307/1393 2562/2318/1404
f 1996/2307/1393 2614/2319/1405 2457/2312/1398
f 2613/2309/1395 2612/2320/1406 2458/2310/1396
f 2561/2317/1403 2221/2540/1636 1833/2305/1391 2459/2316/1402
f 2469/2335/1421 2468/2330/1416 2605/2744/1708 2604/2333/1419
f 1833/2305/1391 2616/2743/1713 2459/2316/1402
f 2610/2327/1413 2609/2322/1408 2467/2324/1410
f 2606/2329/1415 2605/2744/1708 2468/2330/1416
f 2466/2325/1411 2465/2323/1409 2608/2745/1710 2607/2332/1418
f 2467/2324/1410 2465/2323/1409 2470/2326/1412
f 2466/2325/1411 2606/2329/1415 2566/2331/1417
f 2609/2322/1408 2608/2745/1710 2465/2323/1409
f 2474/2340/1427 2473/2344/1875 2603/2746/1706 2602/2338/1425
f 2604/2333/1419 1835/2747/1709 2223/2334/1420
f 2222/2337/1424 2610/2327/1413 2565/2328/1414
f 2224/2365/1455 2571/2559/1876 2598/2350/1439 1836/2364/1454
f 2471/2339/1426 2600/2341/1428 2475/2343/1430
f 2472/2346/1440 2598/2350/1439 2571/2559/1876
f 2475/2343/1877 1997/2342/1436 2010/2347/1435
f 2602/2338/1425 2601/2348/1437 2471/2339/1426
f 1997/2342/1429 2599/2349/1438 2472/2346/1440
f 2473/2344/1875 2223/2334/1420 1835/2747/1709 2603/2746/1706
f 2223/2334/1441 2473/2344/1431 2476/2345/1433
f 2479/2352/1444 2478/2566/1878 2596/2361/1451 2105/2353/1107
f 2477/2354/1445 2596/2361/1451 2478/2566/1878
f 2483/2370/1460 2588/2748/1701 2486/2381/1475 2487/2380/1474
f 2594/2357/1448 1998/2362/1452 2574/2359/1450
f 2479/2352/1444 2595/2351/1443 2009/2358/1449
f 2597/2356/1447 2107/2360/1104 2477/2354/1445
f 1998/2362/1452 1837/2378/1472 2225/2363/1453
f 2597/2356/1447 2480/2355/1446 2224/2365/1455
f 1999/2375/1465 2590/2369/1459 2482/2371/1461
f 2590/2369/1459 2588/2748/1701 2483/2370/1460
f 2592/2367/1457 2591/2372/1462 2484/2374/1464
f 2591/2372/1462 1999/2375/1465 2485/2373/1463
f 2481/2368/1458 2592/2367/1457 2576/2376/1466
f 2483/2370/1460 2008/2384/1478 2577/2377/1468
f 2482/2371/1467 2483/2370/1460 2577/2377/1468
f 1837/2378/1472 2593/2366/1456 2481/2368/1458
f 2000/2379/1473 2226/2383/1477 2488/2382/1476
f 2226/2383/1477 2007/2391/1486 2008/2384/1478
f 2488/2382/1476 2008/2384/1478 2483/2370/1460
f 2487/2380/1474 2488/2382/1476 2483/2370/1460
f 2489/2386/1480 2001/2749/1879 2002/2392/1487 2227/2389/1483
f 2001/2749/1879 2489/2386/1480 1838/2385/1479
f 2490/2387/1485 2006/2390/1484 2007/2391/1486
f 1838/2385/1479 2490/2387/1481 2226/2383/1477
f 2002/2392/1487 2492/1853/919 2227/2389/1483
f 2492/1853/919 2005/1854/920 2228/2388/1482
f 2230/2406/1496 2496/2404/1494 1882/2405/1495 1883/2407/1497
f 1853/2394/1489 2493/1869/936 2494/2393/1488
f 2494/2393/1488 2495/2397/1490 1852/2395/902
f 2494/2393/1488 1880/1871/938 1979/2396/877
f 2495/2397/1490 1858/2401/871 1875/2398/903
f 1880/1871/938 1882/2405/1495 2229/2400/1491
f 2229/2400/1491 1882/2405/1495 2496/2404/1494
f 2229/2400/1491 2496/2404/1494 1978/2403/1493
f 2502/2416/1506 2501/2422/1512 1889/1887/954 1890/1894/961
f 2230/2406/1496 2231/2410/1500 2497/2402/1492
f 1979/2396/877 2229/2400/1491 1978/2403/1493
f 1884/1874/941 2179/1873/940 2232/2408/1498
f 2230/2406/1496 1884/1874/941 2498/2409/1499
f 2498/2409/1499 1977/2413/1503 2231/2410/1500
f 2232/2408/1498 1977/2413/1503 2498/2409/1499
f 1885/1877/944 1886/1876/943 2499/2411/1501
f 2232/2408/1498 2499/2411/1501 2500/2412/1502
f 2500/2412/1502 1976/2415/1505 2579/2750/1692
f 2500/2412/1502 2579/2750/1692 1977/2413/1503
f 2179/1873/940 1885/1877/944 2232/2408/1498
f 1889/1887/954 2501/2422/1512 1888/2419/1509
f 1972/2424/1514 2234/2420/1510 2181/1892/959 1892/1897/964
f 2233/2414/1504 1887/2418/1508 1975/2417/1507
f 2502/2416/1506 1891/1893/960 1973/2421/1511
f 1891/1893/960 2181/1892/959 2234/2420/1510
f 1975/2417/1507 1888/2419/1509 1974/2423/1513
f 1893/1896/963 1894/1900/967 2503/2426/1516
f 1896/2428/1518 1971/2427/1517 1895/2425/1515
f 2182/1907/974 2235/2436/1526 1898/1908/975
f 1969/2434/1524 1901/1911/978 1902/1913/980 2507/2429/1519
f 1905/1918/985 2506/2751/1880 2505/2432/1522
f 1901/1911/978 1969/2434/1524 2504/2430/1520
f 2506/2751/1880 1905/1918/985 2183/2723/1831 2236/2442/1881
f 1903/1915/982 1968/2433/1523 2507/2429/1519
f 2504/2430/1520 1970/2435/1525 2508/2431/1521
f 1900/1909/976 2504/2430/1520 1899/1920/987
f 1904/1916/983 2505/2432/1522 1903/1915/982
f 2513/2752/1651 1907/1933/1000 1908/1924/991 2514/2438/1528
f 2236/2442/1533 2250/2441/1532 2506/2751/1653
f 1899/1920/987 2508/2431/1521 2235/2436/1526
f 1907/1933/1000 2513/2752/1651 2512/2437/1527
f 2515/2753/1882 2510/2754/1883 2511/2439/1529 2237/2440/1530
f 2510/2754/1883 2515/2753/1882 2509/2755/1884
f 2509/2755/1884 1910/1927/994 1911/2724/1832 2510/2754/1883
f 1910/1927/994 2509/2755/1884 1909/1931/998
f 2510/2754/1883 1911/2724/1832 1912/1928/995 2511/2439/1529
f 2567/2756/1648 1909/1931/1885 2509/2755/1884 2515/2753/1882
f 2236/2442/1881 2183/2723/1831 1906/1932/999 2512/2437/1527
f 1909/1931/1885 2567/2756/1648 2514/2438/1528
f 2520/2446/1537 1918/1939/1006 1919/1941/1008 2521/2451/1886
f 1918/1939/1006 2520/2446/1537 2519/2448/1539
f 2516/2450/1541 1913/1942/1009 1914/1944/1011 2517/2445/1536
f 2517/2445/1536 2522/2444/1535 2516/2450/1541
f 2519/2448/1539 1967/2447/1538 1916/1936/1003
f 1916/1936/1003 1967/2447/1538 2522/2444/1535
f 1967/2447/1887 2520/2446/1542 1966/2452/1544
f 1913/1942/1009 2516/2450/1541 2184/1930/997
f 2517/2445/1536 1914/1944/1011 1915/1934/1001 2518/2443/1534
f 2521/2451/1886 1919/1941/1008 2185/1952/1019 2238/2465/1560
f 1917/1937/1004 2519/2448/1539 1916/1936/1003
f 1961/2455/1548 2523/2459/1553 2239/2461/1555 2240/2463/1567
f 2516/2450/1888 2249/2449/1644 2237/2440/1889
f 1920/1953/1020 1921/1948/1015 2524/2453/1551
f 2523/2459/1553 1961/2455/1548 1923/1951/1546
f 1964/2457/1550 1965/2757/1890 1920/1953/1891 2524/2453/1545
f 2523/2459/1553 1925/2458/1552 1926/2462/1556 2239/2461/1555
f 2524/2453/1545 1962/2454/1547 1963/2456/1549
f 1922/1949/1016 2524/2453/1551 1921/1948/1015
f 1924/1956/1023 2523/2459/1553 1923/1951/1018
f 2239/2461/1555 2186/2460/1554 1927/1957/1024 2525/2470/1566
f 2238/2465/1892 1920/1953/1891 1965/2757/1890
f 1930/1962/1029 2528/1966/1033 2527/2466/1561
f 2526/2468/1563 1959/2469/1564 2525/2470/1893
f 2528/1966/1033 1958/2758/1619 2529/2467/1624
f 2528/1966/1033 2241/2473/1570 1958/2758/1619
f 2525/2470/1566 1927/1957/1024 1928/1959/1026 2526/2468/1565
f 2526/2468/1565 1929/1965/1032 2352/1960/1027 2527/2466/1561
f 2531/2472/1569 1932/1970/1037 2188/1973/1040 2242/2475/1572
f 2187/1968/1035 2241/2473/1570 2528/1966/1033
f 2241/2473/1570 1957/2476/1573 1958/2758/1619
f 2525/2470/1893 1959/2469/1564 2240/2463/1557
f 1931/1967/1034 2530/2471/1568 2187/1968/1035
f 2532/2481/1894 1933/1976/1043 1934/1977/1044 2533/2479/1895
f 2530/2471/1568 1956/2474/1571 2241/2473/1570
f 2242/2475/1572 1955/2482/1580 1956/2474/1571
f 2533/2479/1895 1934/1977/1044 1935/1979/1046 2534/2477/1574
f 2242/2475/1572 2188/1973/1040 1933/1976/1043 2532/2481/1894
f 2533/2479/1577 2555/2478/1576 2532/2481/1896
f 2534/2477/1575 1954/2480/1578 2555/2478/1576
f 2535/2487/1585 1936/1982/1049 1937/1984/1051 2536/2485/1583
f 2536/2485/1583 1937/1984/1051 1938/2484/1582 2537/2483/1581
f 1954/2480/1578 2189/1981/1048 2535/2487/1585 1953/2486/1584
f 1939/1986/1053 1950/2489/1587 2537/2483/1581
f 2536/2485/1583 1952/2488/1586 1953/2486/1584
f 2537/2483/1581 1951/2490/1588 1952/2488/1586
f 1948/2759/1897 2538/2491/1589 2191/1848/915 2243/1845/913
f 1936/1982/1049 2535/2487/1585 2189/1981/1048
f 1942/1991/1058 2539/2492/1590 1941/2493/1591
f 1940/2495/1593 2541/2494/1592 2540/2496/1594
f 2538/2491/1589 1948/2759/1897 2539/2492/1590
f 2539/2492/1898 1949/2760/1899 2541/2494/1900
f 2539/2492/1590 1948/2759/1897 1949/2760/1901
f 2541/2494/1900 1949/2760/1899 2540/2496/1902
f 1943/1994/1061 2538/2491/1589 1942/1991/1058
f 2545/2501/1600 1947/2761/1903 1946/2500/1599 2544/2499/1598
f 1940/2495/1593 2540/2496/1594 2190/1988/1055
f 2542/2249/854 2543/2248/1595 1944/2498/1597
f 1945/2497/1596 2543/2248/1595 2544/2499/1598
f 2543/2248/1595 1863/2240/1601 2544/2499/1598
f 2216/2247/1602 2243/2505/1606 1947/2761/1903 2545/2501/1600
f 2545/2501/1600 1862/2242/1330 1861/2243/1331
f 1874/2762/839 2542/2249/854 1944/2498/1597
f 2443/2268/1353 2552/2512/1613 2551/2509/1610 2017/2269/1612
f 1948/2506/1607 2546/2256/1341 2547/2507/1608
f 2546/2256/1341 2439/2254/1339 2547/2507/1608
f 1948/2506/1607 2547/2507/1608 2548/2502/1603
f 2547/2507/1608 2018/2258/1343 2548/2502/1603
f 2548/2502/1603 2018/2258/1343 2549/2261/1346
f 2243/2505/1606 2216/2247/1602 2546/2256/1341
f 2540/2763/1902 2244/2504/1605 1950/2508/1609
f 2540/2763/1902 1949/2503/1899 2244/2504/1605
f 1950/2508/1609 2550/2511/1611 2551/2509/1610
f 1951/2510/1588 2551/2509/1610 2552/2512/1613
f 2017/2269/1612 2550/2511/1611 2244/2504/1605 2549/2261/1346
f 1952/2513/1586 2552/2512/1613 1953/2514/1584
f 1950/2508/1609 2244/2504/1605 2550/2511/1611
f 1961/2764/1904 1960/2765/1558 2453/2535/1631 2454/2739/1905
f 1954/2516/1578 2553/2515/1614 2554/2517/1615
f 2554/2517/1615 2553/2515/1614 2015/2277/1362
f 2555/2766/1906 2554/2517/1615 2245/2518/1616
f 2532/2767/1896 2555/2766/1576 2246/2519/1617
f 2555/2766/1906 2245/2518/1616 2246/2519/1617
f 2532/2767/1896 2246/2519/1617 1955/2521/1580
f 1954/2516/1578 2554/2517/1615 2555/2766/1906
f 1955/2521/1580 2246/2519/1617 1957/2520/1573
f 1957/2520/1573 2218/2285/1370 1839/2287/1372
f 2246/2519/1617 2245/2518/1616 2218/2285/1370
f 2245/2518/1616 2015/2277/1362 2218/2285/1370
f 1958/2524/1619 2247/2523/1618 2556/2525/1620
f 2556/2525/1620 2013/2286/1371 2012/2289/1622
f 2557/2526/1621 2012/2289/1622 2450/2295/1625
f 2558/2527/1623 2450/2295/1625 2449/2293/1627
f 2558/2527/1623 2449/2293/1627 2559/2530/1626
f 1959/2529/1564 2559/2530/1626 2248/2532/1629
f 2560/2536/1632 2453/2535/1631 1960/2765/1558
f 1962/2768/1907 1961/2764/1904 2454/2739/1905 2455/2741/1908
f 1963/2538/1634 1962/2768/1907 2455/2741/1908 2456/2301/1387
f 2560/2536/1632 2248/2532/1629 2220/2531/1628 2452/2534/1630
f 2456/2301/1387 2011/2303/1389 1964/2537/1633
f 2011/2303/1389 2451/2302/1388 1965/2539/1635
f 2240/2533/1557 2248/2532/1629 2560/2536/1632
f 2521/2542/1638 2238/2769/1909 2221/2540/1636 2561/2317/1403
f 1965/2539/1635 2221/2540/1636 2238/2769/1909
f 2240/2533/1557 2560/2536/1632 1960/2765/1558
f 2561/2317/1403 2460/2308/1394 1966/2541/1637
f 1966/2541/1637 2562/2318/1639 1967/2544/1641
f 2562/2318/1639 2463/2313/1910 2563/2543/1640
f 1967/2544/1641 2563/2543/1640 2522/2770/1911
f 2463/2313/1910 2461/2311/1642 2563/2543/1640
f 2522/2770/1911 2563/2543/1640 2564/2771/1912
f 2563/2543/1640 2464/2315/1643 2564/2771/1912
f 2522/2770/1911 2564/2771/1912 2249/2545/1913
f 2464/2315/1643 2462/2314/1914 2564/2771/1912
f 2249/2545/1647 2564/2771/1912 2462/2314/1914 2222/2337/1915
f 2570/2556/1657 1968/2555/1656 2505/2554/1655 2569/2553/1654
f 2565/2328/1414 2470/2326/1412 2566/2331/1417
f 2567/2547/1648 2568/2548/1650 2513/2550/1651
f 2566/2331/1417 2469/2335/1422 2568/2548/1650
f 2222/2337/1915 2565/2328/1414 2249/2545/1647
f 2470/2326/1412 2466/2325/1411 2566/2331/1417
f 2514/2772/1528 2567/2547/1648 2513/2550/1651
f 2237/2773/1889 2249/2545/1644 2515/2546/1646
f 2475/2343/1916 2570/2556/1657 2569/2553/1917 2476/2345/1661
f 2571/2559/1663 1970/2774/1918 1969/2558/1660 2010/2347/1659
f 2507/2557/1658 2570/2556/1657 1969/2558/1660
f 2570/2556/1657 2475/2343/1916 2010/2347/1659
f 2475/2343/1916 2476/2345/1661 2474/2340/1919 2471/2339/1919
f 1970/2774/1918 2571/2559/1663 2508/2561/1920
f 2250/2551/1652 2476/2345/1661 2569/2553/1917
f 2252/2571/1691 2573/2568/1677 2009/2358/1921 2574/2359/1922
f 2508/2561/1920 2571/2559/1663 2251/2560/1665
f 1898/2563/1669 2480/2355/1681 2572/2564/1670
f 1897/2565/1671 2572/2564/1670 1971/2567/1923
f 1971/2567/1674 2478/2566/1673 2573/2568/1677
f 2573/2568/1683 2252/2571/1682 1972/2573/1514
f 2007/2391/1486 2579/2583/1692 1976/2580/1505 2578/2582/1688
f 2235/2562/1668 2251/2560/1667 1898/2563/1669
f 2251/2560/1665 2224/2365/1664 2480/2355/1924
f 2572/2564/1672 2477/2354/1445 2478/2566/1673
f 2479/2352/1676 2009/2358/1921 2573/2568/1677
f 2574/2359/1922 2225/2363/1689 2252/2571/1691
f 2503/2570/1679 2573/2568/1678 1893/2574/1925
f 2575/2575/1684 2576/2376/1687 2501/2578/1686
f 2576/2376/1687 2577/2377/1468 1974/2579/1513
f 1974/2579/1513 2578/2582/1688 1976/2580/1505
f 2252/2571/1682 2575/2575/1684 1973/2577/1511
f 2225/2363/1689 2481/2368/1458 2575/2575/1690
f 2005/1854/920 2580/2588/1695 2254/2586/1694 2006/2390/1484
f 2578/2582/1688 2577/2377/1468 2007/2391/1486
f 2007/2391/1486 2577/2377/1468 2008/2384/1478
f 2253/2584/1693 2007/2391/1486 2006/2390/1484
f 1977/2585/1503 2253/2584/1693 2254/2586/1694
f 2580/2588/1695 2005/1854/920 2581/2589/1696
f 2581/2589/1696 2301/1809/868 2300/1816/875
f 2231/2587/1500 2254/2586/1694 2580/2588/1695
f 2001/2775/1879 2256/2596/1698 2585/2004/1070 2002/2593/1487
f 2005/1854/920 2004/1815/874 2301/1809/868
f 1978/2590/1493 2300/1816/875 1979/1818/877
f 2497/2591/1492 2580/2588/1695 1978/2590/1493
f 2582/2776/880 2583/2594/917 2092/1997/1063
f 2092/1997/1063 2583/2594/917 2255/1999/1065
f 2310/2728/883 2582/2776/880 2092/1997/1063
f 2255/1999/1065 2584/2592/1697 2585/2004/1070
f 2584/2592/1697 2491/2595/921 2002/2593/1487
f 2255/1999/1065 2583/2594/917 2584/2592/1697
f 2256/2596/1698 2257/2726/1837 2093/2006/1072 2585/2004/1070
f 2587/2598/1699 2586/2023/1089 2257/2726/1837 2256/2596/1698
f 2000/2600/1473 2094/2013/1079 2587/2598/1699 1838/2597/1479
f 2256/2596/1698 2001/2775/1879 1838/2597/1479
f 2258/2599/1700 2000/2600/1473 2486/2777/1475
f 2095/2011/1077 2258/2599/1700 2259/2016/1082
f 2586/2023/1089 2587/2598/1699 2094/2013/1079
f 2593/2778/1456 2101/2035/1102 2100/2024/1090 2592/2607/1457
f 2258/2599/1700 2486/2777/1475 2588/2601/1701
f 2589/2028/1094 2588/2601/1701 2590/2602/1459
f 2097/2603/1702 2590/2602/1459 2098/2606/1703
f 2590/2602/1459 1999/2604/1465 2098/2606/1703
f 2098/2606/1703 2591/2605/1462 2099/2026/1092
f 2099/2026/1092 2591/2605/1462 2592/2607/1457
f 1837/2779/1472 2261/2033/1100 2101/2035/1102 2593/2778/1456
f 2259/2016/1082 2258/2599/1700 2588/2601/1701
f 2594/2780/1448 2103/2043/1704 2102/2045/1112 1998/2781/1452
f 2096/2027/1093 2589/2028/1094 2097/2603/1702
f 1998/2781/1452 2102/2045/1112 2261/2033/1100 1837/2779/1472
f 2103/2043/1704 2594/2780/1448 2595/2609/1443
f 2107/2037/1104 2597/2782/1447 2108/2038/1105
f 2262/2060/1127 2108/2038/1105 2597/2782/1447 1836/2617/1454
f 2263/2072/1139 2115/2054/1121 2603/2616/1706 1835/2624/1709
f 2105/2040/1107 2596/2608/1451 2106/2041/1108
f 2104/2610/1705 2595/2609/1443 2105/2040/1107
f 2598/2618/1439 2599/2611/1438 2110/2049/1116
f 2599/2611/1438 1997/2612/1429 2111/2046/1113
f 2111/2046/1113 2600/2613/1428 2112/2047/1114
f 2601/2614/1437 2602/2615/1425 2114/2053/1120
f 2114/2053/1120 2603/2616/1706 2115/2054/1121
f 2262/2060/1127 2598/2618/1439 2109/2056/1123
f 2122/2069/1136 2121/2628/1711 2609/2783/1408 2610/2625/1413
f 2112/2047/1114 2601/2614/1437 2113/2619/1707
f 2605/2621/1708 2606/2622/1415 2118/2062/1129
f 2608/2627/1710 2609/2783/1408 2121/2628/1711
f 2120/2629/1712 2119/2063/1130 2607/2623/1418 2608/2627/1710
f 1835/2624/1709 2604/2620/1419 2116/2065/1132
f 2122/2069/1136 1834/2626/1423 1851/2070/1137
f 2129/2082/1715 2128/2077/1144 2615/2633/1392 2616/2634/1713
f 2118/2062/1129 2607/2623/1418 2119/2063/1130
f 2116/2065/1132 2605/2621/1708 2117/2066/1133
f 2614/2636/1405 1996/2632/1393 2127/2079/1146
f 2127/2079/1146 2615/2633/1392 2128/2077/1144
f 2126/2637/1716 2125/2729/1841 2613/2784/1395 2614/2636/1405
f 1834/2626/1423 2611/2630/1407 2123/2073/1140
f 2616/2634/1713 1833/2785/1391 2264/2635/1714
f 2125/2729/1841 2124/2074/1141 2612/2631/1406 2613/2784/1395
f 2134/2644/1720 2133/2641/1717 1994/2786/1874 1993/2642/1718
f 2123/2073/1140 2612/2631/1406 2124/2074/1141
f 2130/2085/1152 2617/2639/1386 2131/2083/1150
f 2131/2083/1150 2618/2640/1385 2132/2086/1153
f 2618/2640/1385 1994/2786/1874 2133/2641/1717
f 2130/2085/1152 2264/2635/1714 1833/2785/1391 1995/2638/1390
f 2619/2643/1719 1992/2787/1871 2135/2088/1155
f 2265/2089/1156 2135/2088/1155 1992/2787/1871 1832/2649/1383
f 2139/2100/1170 2138/2647/1722 1991/2788/1380 1990/2648/1374
f 2134/2644/1720 2619/2643/1719 2383/2094/1721
f 2620/2645/1382 2621/2646/1377 2137/2102/1172
f 2621/2646/1377 1991/2788/1380 2138/2647/1722
f 2146/2114/1185 2145/2656/1724 2446/2789/1373 1986/2790/1359
f 1990/2648/1374 1989/2791/1376 2140/2097/1167
f 1989/2791/1376 2448/2792/1384 2140/2097/1167
f 2140/2097/1167 1831/2654/1723 2141/2098/1168
f 2140/2097/1167 2448/2792/1384 1831/2654/1723
f 2265/2089/1156 2620/2645/1382 2136/2105/1176
f 2142/2112/1183 2622/2650/1368 2143/2109/1180
f 2144/2106/1177 1830/2653/1365 2266/2107/1178
f 2141/2098/1168 1831/2654/1723 2142/2112/1183
f 2623/2793/1926 2146/2114/1185 1986/2790/1359 1985/2794/1356
f 2146/2114/1185 2623/2793/1926 2147/2115/1186
f 2268/2132/1203 2147/2115/1186 2623/2793/1926 2267/2657/1725
f 2267/2657/1725 2623/2793/1926 1985/2794/1356 1829/2795/1351
f 2149/2730/1849 2148/2658/1726 1984/2796/1350 1983/2797/1348
f 1830/2653/1365 2446/2789/1373 2145/2656/1724
f 2150/2731/1850 2149/2730/1849 1983/2797/1348 1982/2798/1347
f 2151/2661/1728 2150/2731/1850 1982/2798/1347 1828/2659/1355
f 2148/2658/1726 2267/2657/1725 1829/2795/1351 1984/2796/1350
f 2152/2133/1204 2269/2660/1727 1828/2659/1355 2437/2662/1336
f 2624/2663/1729 1981/2664/1335 2154/2665/1730
f 2155/2136/1207 2625/2666/1338 2156/2137/1208
f 2634/2675/1739 2633/2670/1734 2178/2001/1067 2270/2007/1073
f 2626/2667/1344 1827/2713/1332 1869/1808/867
f 2156/2137/1208 2626/2667/1344 2157/2139/1210
f 2152/2133/1204 2624/2663/1729 2153/2134/1205
f 1879/1838/908 2627/1827/886 2629/2668/1732
f 2627/1827/886 2628/1998/1731 2629/2668/1732
f 2630/2003/1069 2631/2672/1736 2061/2669/1733
f 2630/2003/1069 1873/2002/1068 2631/2672/1736
f 2631/2672/1736 2633/2670/1734 2061/2669/1733
f 2060/1859/926 2629/2668/1732 2061/2669/1733
f 2633/2670/1734 2634/2675/1739 2632/2671/1735
f 2636/2029/1095 2065/2223/1311 2274/2733/1863 2173/2031/1098
f 2061/2669/1733 2632/2671/1735 1850/2232/1322
f 2632/2671/1735 2634/2675/1739 2062/2674/1738
f 2632/2671/1735 2062/2674/1738 1850/2232/1322
f 2177/2010/1076 2176/2022/1741 2635/2673/1737
f 2062/2674/1927 2064/2677/1927 2063/2233/1927
f 2270/2007/1073 2177/2010/1076 2635/2673/1737
f 2176/2022/1741 2175/2018/1743 2271/2676/1740
f 2271/2676/1740 2174/2019/1085 2064/2677/1742
f 2273/2678/1744 2174/2019/1085 2272/2021/1087
f 2064/2677/1742 2273/2678/1744 2274/2733/1863
f 2640/2044/1749 1847/1891/1760 2067/2219/1865 2638/2225/1315
f 2065/2223/1311 2636/2029/1095 2637/2036/1103
f 2274/2733/1863 2273/2678/1744 2173/2031/1098
f 2273/2678/1744 2272/2021/1087 2173/2031/1098
f 2272/2021/1087 2193/2020/1086 2173/2031/1098
f 2422/2209/1928 2345/1919/1929 2644/2057/1775 2645/2683/1930
f 2427/2222/1310 2274/2733/1863 2065/2223/1311
f 2424/2215/1761 2640/2044/1749 2425/2216/1751
f 2641/2679/1752 2103/2043/1110 2104/2610/1762
f 2641/2679/1752 2104/2610/1762 2642/2680/1753
f 2642/2680/1753 2106/2041/1755 2426/2217/1757
f 2106/2041/1755 2372/2039/1758 2068/2681/1756
f 2068/2681/1862 2643/2682/1764 2051/1904/1766
f 2372/2039/1758 2108/2038/1105 2643/2682/1759
f 2643/2682/1764 2194/2061/1774 1846/1906/1765
f 2340/1898/965 2641/2679/1931 2426/2217/1305
f 2070/2212/1932 2069/2211/1771 2375/2684/1773 2376/2055/1933
f 2644/2057/1934 2374/2051/1768 2645/2683/1770
f 2646/2050/1769 2172/2052/1772 2069/2211/1771
f 2275/2685/1777 2070/2212/1932 2376/2055/1933 2171/2059/1126
f 2423/2210/1297 2421/2208/1935 2645/2683/1930 2069/2211/1298
f 1846/1906/1765 2644/2057/1775 2345/1919/1929
f 2171/2059/1126 2195/2058/1125 2275/2685/1777
f 2070/2212/1932 2275/2685/1777 2647/2213/1936
f 2648/2799/1937 2647/2213/1936 2170/2068/1938 2377/2064/1939
f 2422/2209/1928 2645/2683/1930 2421/2208/1935
f 2379/2067/1776 2170/2068/1938 2647/2213/1936
f 2071/2205/1780 2648/2799/1937 2119/2063/1940 2120/2629/1941
f 2647/2213/1936 2648/2799/1937 2071/2205/1942
f 2072/2202/1861 2071/2205/1860 2276/2732/1943
f 2071/2205/1860 2649/2686/1781 2276/2732/1943
f 2275/2685/1777 2379/2067/1776 2647/2213/1936
f 2377/2064/1939 2119/2063/1940 2648/2799/1937
f 2652/2081/1790 2077/2191/1276 2416/2190/1788 2651/2688/1787
f 2120/2629/1941 2378/2071/1778 2071/2205/1780
f 2071/2205/1780 2169/2075/1779 2649/2686/1784
f 2419/2200/1285 2647/2213/1857 2071/2205/1290
f 2073/2194/1783 2650/2687/1782 2074/2197/1282
f 2074/2197/1282 2650/2687/1782 2075/2195/1280
f 2650/2687/1782 2168/2078/1785 2075/2195/1280
f 2076/2192/1786 2168/2078/1785 2651/2688/1787
f 2657/2093/1162 2034/1955/1944 2078/2182/1793 2656/2690/1792
f 2212/2196/1281 2276/2732/1855 2073/2194/1279
f 2276/2732/1943 2649/2686/1781 2073/2194/1783
f 2169/2075/1779 2381/2689/1789 2650/2687/1782
f 2077/2191/1276 2652/2081/1790 2277/2198/1283
f 2413/2184/1269 2653/2693/1796 2654/2096/1797
f 2653/2693/1796 2167/2087/1166 2654/2096/1165
f 2658/2692/1795 2033/2725/1945 2034/1955/1944 2657/2093/1162
f 2656/2690/1792 2384/2691/1794 2657/2093/1162
f 2659/2092/1160 2032/2185/1270 2033/2725/1945 2658/2692/1795
f 2167/2087/1166 2653/2693/1796 2277/2198/1283 2196/2080/1791
f 2658/2692/1795 2166/2090/1158 2659/2092/1160
f 2655/2095/1164 2036/1954/1946 2037/1947/1798 2654/2096/1797
f 2659/2092/1160 2660/2091/1159 2278/2186/1271
f 2032/2185/1270 2659/2092/1160 2278/2186/1271
f 2036/1954/1946 2655/2095/1164 2078/2182/1793
f 2084/2174/1254 2083/2173/1252 2662/2696/1801 2279/2697/1802
f 2079/2695/1800 2661/2694/1799 2080/2178/1262
f 2660/2091/1159 2165/2103/1173 2661/2694/1799
f 2661/2694/1799 2197/2104/1175 2082/2181/1266
f 2082/2181/1266 2662/2696/1801 2083/2173/1252
f 2667/2703/1808 2666/2701/1806 2160/2124/1947 2159/2127/1948
f 2278/2186/1271 2660/2091/1159 2079/2695/1800
f 2279/2697/1802 2663/2698/1803 2085/2169/1250
f 2663/2698/1803 2199/2122/1193 2664/2699/1804
f 2279/2697/1802 2085/2169/1250 2084/2174/1254
f 2664/2699/1804 2280/2121/1192 2086/2175/1256
f 2086/2175/1256 2665/2700/1805 2087/2702/1807
f 2280/2121/1192 2162/2118/1189 2665/2700/1805
f 2665/2700/1805 2201/2131/1202 2087/2702/1807
f 2199/2122/1193 2163/2119/1190 2280/2121/1192
f 2086/2175/1256 2087/2702/1807 2408/2167/1853
f 1878/2800/852 1872/2718/836 1871/1861/927 2299/2709/1326
f 2161/2125/1196 2160/2124/1947 2666/2701/1806
f 2666/2701/1806 2667/2703/1808 2089/2163/1238
f 2281/2704/1809 2667/2703/1808 2159/2127/1948 2203/2129/1200
f 2667/2703/1808 2281/2704/1809 2090/2161/1236
f 2087/2702/1807 2089/2163/1238 2088/2162/1237
f 2201/2131/1202 2161/2125/1196 2666/2701/1806
f 2401/2150/1227 2669/2705/1811 2671/2153/1228
f 2670/2142/1215 2205/1804/863 2091/2152/1226
f 2281/2704/1809 2668/2143/1216 2208/2164/1810
f 2402/2151/1225 2671/2153/1228 2091/2152/1226
s 0
f 3292/241/43 3294/239/43 3295/240/43 3293/242/43
f 3294/239/44 3296/93/44 3297/94/44 3295/240/44
f 3296/93/45 3298/1/45 3299/2/45 3297/94/45
f 3298/1/46 3300/4/46 3301/3/46 3299/2/46
f 3300/4/47 3302/6/47 3303/5/47 3301/3/47
f 3302/6/48 3304/8/48 3305/7/48 3303/5/48
f 3304/8/49 3306/10/49 3307/9/49 3305/7/49
f 3306/10/50 3308/12/50 3309/11/50 3307/9/50
f 3308/12/51 3310/14/51 3311/13/51 3309/11/51
f 3310/14/52 3312/16/52 3313/15/52 3311/13/52
f 3312/16/53 3314/18/53 3315/17/53 3313/15/53
f 3314/18/54 3316/20/54 3317/19/54 3315/17/54
f 3316/20/55 3318/22/55 3319/21/55 3317/19/55
f 3318/22/56 3320/24/56 3321/23/56 3319/21/56
f 3320/24/57 3322/26/57 3323/25/57 3321/23/57
f 3322/26/58 3324/28/58 3325/27/58 3323/25/58
f 3324/28/59 3326/30/59 3327/29/59 3325/27/59
f 3326/30/60 3328/32/60 3329/31/60 3327/29/60
f 3328/32/61 3330/34/61 3331/33/61 3329/31/61
f 3330/34/62 3332/36/62 3333/35/62 3331/33/62
f 3332/36/63 3334/38/63 3335/37/63 3333/35/63
f 3334/38/64 3336/40/64 3337/39/64 3335/37/64
f 3336/40/65 3338/42/65 3339/41/65 3337/39/65
f 3338/42/66 3340/44/66 3341/43/66 3339/41/66
f 3340/44/67 3342/46/67 3343/45/67 3341/43/67
f 3342/46/68 3344/48/68 3345/47/68 3343/45/68
f 3344/48/69 3346/50/69 3347/49/69 3345/47/69
f 3346/50/70 3348/52/70 3349/51/70 3347/49/70
f 3348/52/71 3350/54/71 3351/53/71 3349/51/71
f 3350/54/72 3352/56/72 3353/55/72 3351/53/72
f 3352/56/73 3354/58/73 3355/57/73 3353/55/73
f 3354/58/74 3356/60/74 3357/59/74 3355/57/74
f 3356/60/75 3358/62/75 3359/61/75 3357/59/75
f 3358/62/76 3360/64/76 3361/63/76 3359/61/76
f 3360/64/77 3362/66/77 3363/65/77 3361/63/77
f 3362/66/78 3364/71/78 3365/72/78 3363/65/78
f 3364/71/79 3366/74/79 3367/73/79 3365/72/79
f 3366/74/80 3368/76/80 3369/75/80 3367/73/80
f 3295/321/28 3297/282/28 3299/281/28 3301/280/28 3303/279/28 3305/278/28 3307/277/28 3309/276/28 3311/275/28 3313/274/28 3315/273/28 3317/272/28 3319/271/28 3321/270/28 3323/269/28 3325/268/28 3327/267/28 3329/266/28 3331/265/28 3333/264/28 3335/263/28 3337/262/28 3339/261/28 3341/260/28 3343/259/28 3345/258/28 3347/257/28 3349/256/28 3351/255/28 3353/254/28 3355/253/28 3357/252/28 3359/251/28 3361/250/28 3363/249/28 3365/248/28 3367/247/28 3369/246/28 3371/245/28 3293/244/28
f 3368/76/81 3370/77/81 3371/78/81 3369/75/81
f 3370/77/82 3292/80/82 3293/79/82 3371/78/82
f 3292/177/8 3370/138/8 3368/137/8 3366/136/8 3364/135/8 3362/134/8 3360/133/8 3358/132/8 3356/131/8 3354/130/8 3352/129/8 3350/128/8 3348/127/8 3346/126/8 3344/125/8 3342/124/8 3340/123/8 3338/122/8 3336/121/8 3334/120/8 3332/119/8 3330/118/8 3328/117/8 3326/116/8 3324/115/8 3322/114/8 3320/113/8 3318/112/8 3316/111/8 3314/110/8 3312/109/8 3310/108/8 3308/107/8 3306/106/8 3304/105/8 3302/104/8 3300/103/8 3298/102/8 3296/101/8 3294/100/8
f 3372/241/43 3373/242/43 3375/240/43 3374/239/43
f 3374/239/44 3375/240/44 3377/94/44 3376/93/44
f 3376/93/45 3377/94/45 3379/2/45 3378/1/45
f 3378/1/46 3379/2/46 3381/3/46 3380/4/46
f 3380/4/47 3381/3/47 3383/5/47 3382/6/47
f 3382/6/2526 3383/5/2526 3385/7/2526 3384/8/2526
f 3384/8/49 3385/7/49 3387/9/49 3386/10/49
f 3386/10/50 3387/9/50 3389/11/50 3388/12/50
f 3388/12/51 3389/11/51 3391/13/51 3390/14/51
f 3390/14/52 3391/13/52 3393/15/52 3392/16/52
f 3392/16/53 3393/15/53 3395/17/53 3394/18/53
f 3394/18/54 3395/17/54 3397/19/54 3396/20/54
f 3396/20/55 3397/19/55 3399/21/55 3398/22/55
f 3398/22/56 3399/21/56 3401/23/56 3400/24/56
f 3400/24/57 3401/23/57 3403/25/57 3402/26/57
f 3402/26/58 3403/25/58 3405/27/58 3404/28/58
f 3404/28/59 3405/27/59 3407/29/59 3406/30/59
f 3406/30/60 3407/29/60 3409/31/60 3408/32/60
f 3408/32/61 3409/31/61 3411/33/61 3410/34/61
f 3410/34/62 3411/33/62 3413/35/62 3412/36/62
f 3412/36/63 3413/35/63 3415/37/63 3414/38/63
f 3414/38/64 3415/37/64 3417/39/64 3416/40/64
f 3416/40/65 3417/39/65 3419/41/65 3418/42/65
f 3418/42/66 3419/41/66 3421/43/66 3420/44/66
f 3420/44/67 3421/43/67 3423/45/67 3422/46/67
f 3422/46/68 3423/45/68 3425/47/68 3424/48/68
f 3424/48/69 3425/47/69 3427/49/69 3426/50/69
f 3426/50/70 3427/49/70 3429/51/70 3428/52/70
f 3428/52/71 3429/51/71 3431/53/71 3430/54/71
f 3430/54/72 3431/53/72 3433/55/72 3432/56/72
f 3432/56/73 3433/55/73 3435/57/73 3434/58/73
f 3434/58/74 3435/57/74 3437/59/74 3436/60/74
f 3436/60/75 3437/59/75 3439/61/75 3438/62/75
f 3438/62/76 3439/61/76 3441/63/76 3440/64/76
f 3440/64/77 3441/63/77 3443/65/77 3442/66/77
f 3442/66/78 3443/65/78 3445/72/78 3444/71/78
f 3444/71/79 3445/72/79 3447/73/79 3446/74/79
f 3446/74/80 3447/73/80 3449/75/80 3448/76/80
f 3375/321/8 3373/244/8 3451/245/8 3449/246/8 3447/247/8 3445/248/8 3443/249/8 3441/250/8 3439/251/8 3437/252/8 3435/253/8 3433/254/8 3431/255/8 3429/256/8 3427/257/8 3425/258/8 3423/259/8 3421/260/8 3419/261/8 3417/262/8 3415/263/8 3413/264/8 3411/265/8 3409/266/8 3407/267/8 3405/268/8 3403/269/8 3401/270/8 3399/271/8 3397/272/8 3395/273/8 3393/274/8 3391/275/8 3389/276/8 3387/277/8 3385/278/8 3383/279/8 3381/280/8 3379/281/8 3377/282/8
f 3448/76/81 3449/75/81 3451/78/81 3450/77/81
f 3450/77/82 3451/78/82 3373/79/82 3372/80/82
f 3372/177/28 3374/100/28 3376/101/28 3378/102/28 3380/103/28 3382/104/28 3384/105/28 3386/106/28 3388/107/28 3390/108/28 3392/109/28 3394/110/28 3396/111/28 3398/112/28 3400/113/28 3402/114/28 3404/115/28 3406/116/28 3408/117/28 3410/118/28 3412/119/28 3414/120/28 3416/121/28 3418/122/28 3420/123/28 3422/124/28 3424/125/28 3426/126/28 3428/127/28 3430/128/28 3432/129/28 3434/130/28 3436/131/28 3438/132/28 3440/133/28 3442/134/28 3444/135/28 3446/136/28 3448/137/28 3450/138/28
s 1
f 3945/883/2538 3943/885/2539 3944/884/2540
f 3938/886/2541 3939/889/2542 3937/888/2543 3936/887/2543
f 3941/890/583 3942/892/583 3940/891/2544 3938/886/2541
f 3939/889/2542 3938/886/2541 3940/891/2544
f 3943/885/2539 3945/883/2538 3942/892/583 3941/890/583
f 3946/893/2545 3947/894/2545 3945/883/2538 3944/884/2540
f 3948/335/28 3949/895/28 3947/894/2545 3946/893/2545
f 3950/336/2546 3951/896/2546 3949/895/28 3948/335/28
f 3952/897/578 3953/898/577 3951/896/2546 3950/336/2546
f 3954/398/2220 3955/899/2220 3953/898/577 3952/897/578
f 3956/900/2547 3957/901/2548 3955/899/2220 3954/398/2220
f 3958/454/2549 3959/902/2549 3957/901/2548 3956/900/2547
f 3960/903/571 3961/904/571 3959/902/2549 3958/454/2549
f 3962/905/2550 3963/906/2550 3961/904/571 3960/903/571
f 3964/907/2551 3965/908/2552 3963/906/2550 3962/905/2550
f 3967/909/2553 3968/911/2553 3966/910/2554 3964/907/2551
f 3965/908/2552 3964/907/2551 3966/910/2554
f 3969/912/566 3970/913/565 3968/911/2553 3967/909/2553
f 3971/914/2555 3972/915/2555 3970/913/565 3969/912/566
f 3973/916/8 3974/917/8 3972/915/2555 3971/914/2555
f 3975/918/2556 3976/919/2556 3974/917/8 3973/916/8
f 3977/920/2557 3978/921/2558 3976/919/2556 3975/918/2556
f 3979/922/561 3980/923/561 3978/921/2558 3977/920/2557
f 3936/887/2543 3937/888/2543 3935/242/584 3934/241/584
f 3981/924/2559 3982/925/2560 3980/923/561 3979/922/561
f 3983/926/2561 3984/927/2561 3982/925/2560 3981/924/2559
f 3953/928/588 3955/269/588 3957/945/588 3959/944/588 3961/264/588 3963/943/588 3965/942/588 3966/941/588 3968/259/588 3970/940/588 3972/939/588 3974/254/588 3976/938/588 3978/937/588 3980/249/588 3982/936/588 3984/935/588 3935/244/588 3937/934/588 3939/933/588 3940/932/588 3942/279/588 3945/931/588 3947/930/588 3949/274/588 3951/929/588
f 3934/740/584 3935/946/584 3984/927/2561 3983/926/2561
f 3958/947/589 3956/963/589 3954/114/589 3952/962/589 3950/961/589 3948/109/589 3946/960/589 3944/959/589 3943/958/589 3941/104/589 3938/957/589 3936/956/589 3934/177/589 3983/955/589 3981/954/589 3979/134/589 3977/953/589 3975/952/589 3973/129/589 3971/951/589 3969/950/589 3967/124/589 3964/949/589 3962/948/589 3960/119/589
f 3985/241/590 3987/887/621 4049/888/553 4050/242/38
f 3987/887/621 3989/964/620 4051/889/531 4049/888/553
f 3989/964/620 3991/965/619 4052/891/524 4051/889/531
f 3991/965/619 3993/890/618 4053/892/33 4052/891/524
f 3993/890/618 3995/885/617 4054/966/481 4053/892/33
f 3995/885/617 3997/884/616 4055/967/474 4054/966/481
f 3997/884/616 3999/893/615 4056/894/453 4055/967/474
f 3999/893/615 4001/335/614 4057/895/28 4056/894/453
f 4001/335/614 4003/336/613 4058/896/425 4057/895/28
f 4003/336/613 4005/365/612 4059/968/418 4058/896/425
f 4005/365/612 4007/374/611 4060/969/396 4059/968/418
f 4007/374/611 4009/398/610 4061/899/23 4060/969/396
f 4009/398/610 4011/421/609 4062/970/368 4061/899/23
f 4011/421/609 4013/430/608 4063/971/361 4062/970/368
f 4013/430/608 4015/454/607 4064/902/339 4063/971/361
f 4015/454/607 4017/903/606 4065/904/18 4064/902/339
f 4017/903/606 4019/905/605 4066/906/311 4065/904/18
f 4019/905/605 4021/972/604 4067/908/290 4066/906/311
f 4021/972/604 4023/973/603 4068/910/283 4067/908/290
f 4023/973/603 4025/909/602 4069/911/13 4068/910/283
f 4025/909/602 4027/975/601 4070/974/255 4069/911/13
f 4027/975/601 4029/977/600 4071/976/233 4070/974/255
f 4029/977/600 4031/914/599 4072/915/226 4071/976/233
f 4031/914/599 4033/916/598 4073/917/8 4072/915/226
f 4033/916/598 4035/918/597 4074/919/198 4073/917/8
f 4035/918/597 4037/979/596 4075/978/176 4074/919/198
f 4037/979/596 4039/981/595 4076/980/169 4075/978/176
f 4039/981/595 4041/922/594 4077/923/3 4076/980/169
f 4041/922/594 4043/983/593 4078/982/127 4077/923/3
f 4043/983/593 4045/985/592 4079/984/120 4078/982/127
f 4036/986/425 4106/986/425 4105/987/28 4034/987/28
f 4045/985/592 4047/926/591 4080/927/93 4079/984/120
f 4047/926/591 3985/740/590 4050/946/38 4080/927/93
f 3989/964/620 4115/964/630 4116/965/631 3991/965/619
f 3986/988/42 4050/244/42 4049/934/42 3988/989/42
f 3988/989/42 4049/934/42 4051/933/42 3990/990/42
f 3990/990/42 4051/933/42 4052/932/42 3992/991/42
f 3992/991/42 4052/932/42 4053/279/42 3994/992/42
f 3994/992/42 4053/279/42 4054/994/42 3996/993/42
f 3996/993/42 4054/994/42 4055/996/42 3998/995/42
f 3998/995/42 4055/996/42 4056/930/42 4000/997/42
f 4000/997/42 4056/930/42 4057/274/42 4002/998/42
f 4002/998/42 4057/274/42 4058/929/42 4004/999/42
f 4004/999/42 4058/929/42 4059/1001/42 4006/1000/42
f 4006/1000/42 4059/1001/42 4060/1003/42 4008/1002/42
f 4008/1002/42 4060/1003/42 4061/269/42 4010/1004/42
f 4010/1004/42 4061/269/42 4062/1006/42 4012/1005/42
f 4012/1005/42 4062/1006/42 4063/1008/42 4014/1007/42
f 4014/1007/42 4063/1008/42 4064/944/42 4016/1009/42
f 4016/1009/42 4064/944/42 4065/264/42 4018/1010/42
f 4018/1010/42 4065/264/42 4066/943/42 4020/1011/42
f 4020/1011/42 4066/943/42 4067/942/42 4022/1012/42
f 4022/1012/42 4067/942/42 4068/941/42 4024/1013/42
f 4024/1013/42 4068/941/42 4069/259/42 4026/1014/42
f 4026/1014/42 4069/259/42 4070/1016/42 4028/1015/42
f 4028/1015/42 4070/1016/42 4071/1018/42 4030/1017/42
f 4030/1017/42 4071/1018/42 4072/939/42 4032/1019/42
f 4032/1019/42 4072/939/42 4073/254/42 4034/987/42
f 4034/987/42 4073/254/42 4074/938/42 4036/986/42
f 4036/986/42 4074/938/42 4075/1021/42 4038/1020/42
f 4038/1020/42 4075/1021/42 4076/1023/42 4040/1022/42
f 4040/1022/42 4076/1023/42 4077/249/42 4042/1024/42
f 4042/1024/42 4077/249/42 4078/1026/42 4044/1025/42
f 4044/1025/42 4078/1026/42 4079/1028/42 4046/1027/42
f 4046/1027/42 4079/1028/42 4080/935/42 4048/1029/42
f 4048/1029/42 4080/935/42 4050/244/42 3986/988/42
f 4182/1030/42 4151/1051/42 4152/1050/42 4149/1049/42 4150/1048/42 4147/1047/42 4148/1046/42 4146/1045/42 4145/1044/42 4178/1043/42 4177/1042/42 4156/1041/42 4153/1040/42 4155/1039/42 4154/1038/42 4158/1037/42 4157/1036/42 4160/1035/42 4159/1034/42 4180/1033/42 4179/1032/42 4099/1012/42 4100/1013/42 4101/1014/42 4102/1015/42 4103/1017/42 4104/1019/42 4105/987/42 4106/986/42 4107/1020/42 4108/1022/42 4109/1024/42 4110/1025/42 4111/1027/42 4112/1029/42 4082/988/42 4081/989/42 4083/990/42 4181/1031/42
f 4183/1052/42 4162/1071/42 4161/1070/42 4164/1069/42 4163/1068/42 4166/1067/42 4165/1066/42 4168/1065/42 4167/1064/42 4186/1063/42 4185/1062/42 4174/1061/42 4173/1060/42 4175/1059/42 4176/1058/42 4171/1057/42 4172/1056/42 4170/1055/42 4169/1054/42 4184/1053/42 4181/1031/42 4083/990/42 4084/991/42 4085/992/42 4086/993/42 4087/995/42 4088/997/42 4089/998/42 4090/999/42 4091/1000/42 4092/1002/42 4093/1004/42 4094/1005/42 4095/1007/42 4096/1009/42 4097/1010/42 4098/1011/42 4099/1012/42 4179/1032/42
f 4010/1004/3 4093/1004/3 4092/1002/169 4008/1002/169
f 4038/1020/418 4107/1020/418 4106/986/425 4036/986/425
f 4012/1005/127 4094/1005/127 4093/1004/3 4010/1004/3
f 4040/1022/396 4108/1022/396 4107/1020/418 4038/1020/418
f 4014/1007/120 4095/1007/120 4094/1005/127 4012/1005/127
f 3988/989/311 4081/989/311 4082/988/18 3986/988/18
f 4042/1024/23 4109/1024/23 4108/1022/396 4040/1022/396
f 4016/1009/93 4096/1009/93 4095/1007/120 4014/1007/120
f 3990/990/290 4083/990/290 4081/989/311 3988/989/311
f 4044/1025/368 4110/1025/368 4109/1024/23 4042/1024/23
f 4018/1010/38 4097/1010/38 4096/1009/93 4016/1009/93
f 3992/991/283 4084/991/283 4083/990/290 3990/990/290
f 4046/1027/361 4111/1027/361 4110/1025/368 4044/1025/368
f 4020/1011/553 4098/1011/553 4097/1010/38 4018/1010/38
f 3994/992/13 4085/992/13 4084/991/283 3992/991/283
f 4048/1029/339 4112/1029/339 4111/1027/361 4046/1027/361
f 4022/1012/531 4099/1012/531 4098/1011/553 4020/1011/553
f 3996/993/255 4086/993/255 4085/992/13 3994/992/13
f 3986/988/18 4082/988/18 4112/1029/339 4048/1029/339
f 4024/1013/524 4100/1013/524 4099/1012/531 4022/1012/531
f 3998/995/233 4087/995/233 4086/993/255 3996/993/255
f 4026/1014/33 4101/1014/33 4100/1013/524 4024/1013/524
f 4000/997/226 4088/997/226 4087/995/233 3998/995/233
f 4028/1015/481 4102/1015/481 4101/1014/33 4026/1014/33
f 4002/998/8 4089/998/8 4088/997/226 4000/997/226
f 4030/1017/474 4103/1017/474 4102/1015/481 4028/1015/481
f 4004/999/198 4090/999/198 4089/998/8 4002/998/8
f 4032/1019/453 4104/1019/453 4103/1017/474 4030/1017/474
f 4006/1000/176 4091/1000/176 4090/999/198 4004/999/198
f 4034/987/28 4105/987/28 4104/1019/453 4032/1019/453
f 4008/1002/169 4092/1002/169 4091/1000/176 4006/1000/176
f 4113/740/624 4144/926/647 4214/926/93 4210/740/38
f 4007/374/611 4124/374/628 4125/398/629 4009/398/610
f 4025/909/602 4133/909/626 4134/975/627 4027/975/601
f 4043/983/593 4142/983/622 4143/985/623 4045/985/592
f 3999/893/615 4120/893/637 4121/335/653 4001/335/614
f 4017/903/606 4129/903/635 4130/905/652 4019/905/605
f 4035/918/597 4138/918/633 4139/979/651 4037/979/596
f 3991/965/619 4116/965/631 4117/890/650 3993/890/618
f 4009/398/610 4125/398/629 4126/421/649 4011/421/609
f 4027/975/601 4134/975/627 4135/977/648 4029/977/600
f 4045/985/592 4143/985/623 4144/926/647 4047/926/591
f 4001/335/614 4121/335/653 4122/336/646 4003/336/613
f 4019/905/605 4130/905/652 4131/972/645 4021/972/604
f 4037/979/596 4139/979/651 4140/981/644 4039/981/595
f 3993/890/618 4117/890/650 4118/885/643 3995/885/617
f 4011/421/609 4126/421/649 4127/430/642 4013/430/608
f 4029/977/600 4135/977/648 4136/914/641 4031/914/599
f 3985/241/590 4113/241/624 4114/887/625 3987/887/621
f 4047/926/591 4144/926/647 4113/740/624 3985/740/590
f 4003/336/613 4122/336/646 4123/365/640 4005/365/612
f 4021/972/604 4131/972/645 4132/973/639 4023/973/603
f 4039/981/595 4140/981/644 4141/922/638 4041/922/594
f 3995/885/617 4118/885/643 4119/884/636 3997/884/616
f 4013/430/608 4127/430/642 4128/454/634 4015/454/607
f 4031/914/599 4136/914/641 4137/916/632 4033/916/598
f 3987/887/621 4114/887/625 4115/964/630 3989/964/620
f 4005/365/612 4123/365/640 4124/374/628 4007/374/611
f 4023/973/603 4132/973/639 4133/909/626 4025/909/602
f 4041/922/594 4141/922/638 4142/983/622 4043/983/593
f 3997/884/616 4119/884/636 4120/893/637 3999/893/615
f 4015/454/607 4128/454/634 4129/903/635 4017/903/606
f 4033/916/598 4137/916/632 4138/918/633 4035/918/597
f 4133/909/626 4132/973/639 4235/973/283 4248/909/13
f 4114/887/625 4113/241/624 4210/241/38 4189/887/553
f 4254/975/255 4134/975/627 4133/909/626 4248/909/13
f 4117/890/650 4116/965/631 4233/965/524 4246/890/33
f 4261/977/233 4135/977/648 4134/975/627 4254/975/255
f 4122/336/646 4121/335/653 4211/335/28 4193/336/425
f 4116/965/631 4115/964/630 4228/964/531 4233/965/524
f 4262/914/226 4136/914/641 4135/977/648 4261/977/233
f 4123/365/640 4122/336/646 4193/336/425 4229/365/418
f 4259/884/474 4119/884/636 4118/885/643 4251/885/481
f 4124/374/628 4123/365/640 4229/365/418 4234/374/396
f 4118/885/643 4117/890/650 4246/890/33 4251/885/481
f 4138/918/633 4137/916/632 4213/916/8 4187/918/198
f 4125/398/629 4124/374/628 4234/374/396 4247/398/23
f 4121/335/653 4120/893/637 4263/893/453 4211/335/28
f 4141/922/638 4140/981/644 4231/981/169 4232/922/3
f 4126/421/649 4125/398/629 4247/398/23 4252/421/368
f 4115/964/630 4114/887/625 4189/887/553 4228/964/531
f 4140/981/644 4139/979/651 4188/979/176 4231/981/169
f 4127/430/642 4126/421/649 4252/421/368 4260/430/361
f 4250/985/120 4143/985/623 4142/983/622 4249/983/127
f 4264/454/339 4128/454/634 4127/430/642 4260/430/361
f 4142/983/622 4141/922/638 4232/922/3 4249/983/127
f 4129/903/635 4128/454/634 4264/454/339 4212/903/18
f 4137/916/632 4136/914/641 4262/914/226 4213/916/8
f 4130/905/652 4129/903/635 4212/903/18 4196/905/311
f 4144/926/647 4143/985/623 4250/985/120 4214/926/93
f 4131/972/645 4130/905/652 4196/905/311 4230/972/290
f 4263/893/453 4120/893/637 4119/884/636 4259/884/474
f 4132/973/639 4131/972/645 4230/972/290 4235/973/283
f 4255/1115/40 4308/1194/40 4321/1193/40 4342/1192/40 4365/1191/40 4366/1190/40 4363/1189/40 4364/1188/40 4335/1187/40 4336/1186/40 4319/1185/40 4307/1184/40 4204/1183/40 4226/1182/40 4306/1181/40 4318/1180/40 4334/1179/40 4337/1178/40 4332/1177/40 4333/1176/40 4331/1175/40 4329/1174/40 4330/1173/40 4317/1172/40 4305/1171/40 4241/1170/40 4244/1169/40 4316/1168/40 4328/1167/40 4358/1166/40 4359/1165/40 4360/1164/40 4361/1163/40 4362/1162/40 4357/1161/40 4356/1160/40 4326/1159/40 4315/1158/40 4201/1157/40 4209/1156/40 4220/1155/40 4314/1154/40 4327/1153/40 4355/1152/40 4368/1151/40 4367/1150/40 4370/1149/40 4369/1148/40 4346/1147/40 4348/1146/40 4325/1145/40 4313/1144/40 4221/1143/40 4227/1142/40 4312/1141/40 4323/1140/40 4347/1139/40 4349/1138/40 4350/1137/40 4351/1136/40 4354/1135/40 4352/1134/40 4353/1133/40 4324/1132/40 4311/1131/40 4236/1130/40 4257/1129/40 4310/1128/40 4322/1127/40 4338/1126/40 4339/1125/40 4340/1124/40 4344/1123/40 4345/1122/40 4343/1121/40 4341/1120/40 4320/1119/40 4309/1118/40 4207/1117/40 4206/1116/40
f 4190/1195/40 4189/956/40 4210/177/40 4215/1196/40
f 4191/1197/40 4228/1198/40 4189/956/40 4190/1195/40
f 4205/1199/40 4233/1200/40 4228/1198/40 4191/1197/40
f 4238/1201/40 4246/104/40 4233/1200/40 4205/1199/40
f 4240/1202/40 4251/958/40 4246/104/40 4238/1201/40
f 4224/1203/40 4259/959/40 4251/958/40 4240/1202/40
f 4256/1204/40 4263/960/40 4259/959/40 4224/1203/40
f 4216/1205/40 4211/109/40 4263/960/40 4256/1204/40
f 4194/1206/40 4193/961/40 4211/109/40 4216/1205/40
f 4195/1207/40 4229/1208/40 4193/961/40 4194/1206/40
f 4203/1209/40 4234/1210/40 4229/1208/40 4195/1207/40
f 4192/1211/40 4247/114/40 4234/1210/40 4203/1209/40
f 4253/1212/40 4252/1213/40 4247/114/40 4192/1211/40
f 4237/1214/40 4260/1215/40 4252/1213/40 4253/1212/40
f 4223/1216/40 4264/947/40 4260/1215/40 4237/1214/40
f 4217/1217/40 4212/119/40 4264/947/40 4223/1216/40
f 4197/1218/40 4196/948/40 4212/119/40 4217/1217/40
f 4198/1219/40 4230/1220/40 4196/948/40 4197/1218/40
f 4222/1221/40 4235/1222/40 4230/1220/40 4198/1219/40
f 4202/1223/40 4248/124/40 4235/1222/40 4222/1221/40
f 4243/1224/40 4254/1225/40 4248/124/40 4202/1223/40
f 4239/1226/40 4261/1227/40 4254/1225/40 4243/1224/40
f 4258/1228/40 4262/951/40 4261/1227/40 4239/1226/40
f 4218/1229/40 4213/129/40 4262/951/40 4258/1228/40
f 4199/1230/40 4187/952/40 4213/129/40 4218/1229/40
f 4200/1231/40 4188/1232/40 4187/952/40 4199/1230/40
f 4225/1233/40 4231/1234/40 4188/1232/40 4200/1231/40
f 4208/1235/40 4232/134/40 4231/1234/40 4225/1233/40
f 4245/1236/40 4249/1237/40 4232/134/40 4208/1235/40
f 4242/1238/40 4250/1239/40 4249/1237/40 4245/1236/40
f 4219/1240/40 4214/955/40 4250/1239/40 4242/1238/40
f 4215/1196/40 4210/177/40 4214/955/40 4219/1240/40
f 4371/1241/40 4372/1246/40 4376/1245/40 4375/1244/40 4373/1243/40 4374/1242/40 4190/1195/40 4215/1196/40
f 4374/1242/40 4379/1253/40 4380/1252/40 4383/1251/40 4381/1250/40 4382/1249/40 4377/1248/40 4378/1247/40 4306/1181/40 4226/1182/40 4191/1197/40 4190/1195/40
f 4204/1183/40 4205/1199/40 4191/1197/40 4226/1182/40
f 4204/1183/40 4307/1184/40 4384/1260/40 4385/1259/40 4387/1258/40 4386/1257/40 4388/1256/40 4389/1255/40 4390/1254/40 4238/1201/40 4205/1199/40
f 4390/1254/40 4391/1265/40 4392/1264/40 4395/1263/40 4394/1262/40 4393/1261/40 4240/1202/40 4238/1201/40
f 4393/1261/40 4397/1270/40 4396/1269/40 4398/1268/40 4400/1267/40 4399/1266/40 4224/1203/40 4240/1202/40
f 4399/1266/40 4401/1277/40 4408/1276/40 4406/1275/40 4407/1274/40 4409/1273/40 4404/1272/40 4405/1271/40 4256/1204/40 4224/1203/40
f 4402/1278/40 4403/1279/40 4308/1194/40 4255/1115/40
f 4256/1204/40 4405/1271/40 4410/1281/40 4411/1280/40 4402/1278/40 4255/1115/40 4206/1116/40 4216/1205/40
f 4207/1117/40 4413/1285/40 4412/1284/40 4415/1283/40 4414/1282/40 4194/1206/40 4216/1205/40 4206/1116/40
f 4207/1117/40 4309/1118/40 4416/1286/40 4413/1285/40
f 4418/1287/40 4417/1293/40 4420/1292/40 4419/1291/40 4423/1290/40 4421/1289/40 4422/1288/40 4195/1207/40 4194/1206/40 4414/1282/40
f 4422/1288/40 4426/1298/40 4428/1297/40 4427/1296/40 4424/1295/40 4425/1294/40 4203/1209/40 4195/1207/40
f 4425/1294/40 4432/1303/40 4431/1302/40 4433/1301/40 4430/1300/40 4429/1299/40 4192/1211/40 4203/1209/40
f 4429/1299/40 4437/1309/40 4438/1308/40 4436/1307/40 4439/1306/40 4435/1305/40 4434/1304/40 4310/1128/40 4257/1129/40 4253/1212/40 4192/1211/40
f 4236/1130/40 4237/1214/40 4253/1212/40 4257/1129/40
f 4311/1131/40 4440/1317/40 4441/1316/40 4443/1315/40 4442/1314/40 4447/1313/40 4446/1312/40 4445/1311/40 4444/1310/40 4223/1216/40 4237/1214/40 4236/1130/40
f 4444/1310/40 4448/1322/40 4453/1321/40 4452/1320/40 4449/1319/40 4450/1318/40 4451/1318/40 4217/1217/40 4223/1216/40
f 4217/1217/40 4451/1318/40 4458/1327/40 4457/1326/40 4456/1325/40 4455/1324/40 4454/1323/40 4197/1218/40
f 4454/1323/40 4461/1334/40 4465/1333/40 4463/1332/40 4462/1331/40 4464/1330/40 4459/1329/40 4460/1328/40 4312/1141/40 4227/1142/40 4198/1219/40 4197/1218/40
f 4221/1143/40 4222/1221/40 4198/1219/40 4227/1142/40
f 4313/1144/40 4466/1341/40 4467/1340/40 4472/1339/40 4471/1338/40 4470/1337/40 4469/1336/40 4468/1335/40 4202/1223/40 4222/1221/40 4221/1143/40
f 4468/1335/40 4473/1346/40 4476/1345/40 4477/1344/40 4475/1343/40 4474/1342/40 4243/1224/40 4202/1223/40
f 4474/1342/40 4482/1351/40 4481/1350/40 4479/1349/40 4480/1348/40 4478/1347/40 4239/1226/40 4243/1224/40
f 4483/1352/40 4485/1358/40 4484/1357/40 4486/1356/40 4488/1355/40 4487/1354/40 4491/1353/40 4258/1228/40 4239/1226/40 4478/1347/40
f 4489/1359/40 4314/1154/40 4220/1155/40 4490/1360/40
f 4218/1229/40 4258/1228/40 4491/1353/40 4492/1362/40 4493/1361/40 4490/1360/40 4220/1155/40 4209/1156/40
f 4496/1363/40 4497/1366/40 4494/1365/40 4495/1364/40 4199/1230/40 4218/1229/40 4209/1156/40 4201/1157/40
f 4201/1157/40 4315/1158/40 4500/1367/40 4496/1363/40
f 4498/1368/40 4499/1374/40 4505/1373/40 4504/1372/40 4501/1371/40 4502/1370/40 4503/1369/40 4200/1231/40 4199/1230/40 4495/1364/40
f 4200/1231/40 4503/1369/40 4506/1379/40 4507/1378/40 4508/1377/40 4510/1376/40 4509/1375/40 4225/1233/40
f 4225/1233/40 4509/1375/40 4511/1384/40 4512/1383/40 4513/1382/40 4515/1381/40 4514/1380/40 4208/1235/40
f 4208/1235/40 4514/1380/40 4516/1390/40 4518/1389/40 4517/1388/40 4521/1387/40 4520/1386/40 4519/1385/40 4316/1168/40 4244/1169/40 4245/1236/40
f 4241/1170/40 4242/1238/40 4245/1236/40 4244/1169/40
f 4305/1171/40 4524/1398/40 4525/1397/40 4523/1396/40 4522/1395/40 4526/1394/40 4527/1393/40 4529/1392/40 4528/1391/40 4219/1240/40 4242/1238/40 4241/1170/40
f 4219/1240/40 4528/1391/40 4530/1403/40 4531/1402/40 4532/1401/40 4533/1400/40 4534/1399/40 4371/1241/40 4215/1196/40
f 4139/979/651 4138/918/633 4187/918/198 4188/979/176
s 0
f 4735/1710/571 4736/1711/571 4751/1711/571
f 4741/1710/2594 4743/946/2594 4757/946/2594
f 4740/242/755 4739/1711/755 4736/1711/755 4738/242/755
f 4745/1711/8 4749/1711/8 4750/242/8 4746/242/8
f 4742/1711/762 4744/242/762 4743/946/762 4741/1710/762
f 4745/1711/753 4746/242/753 4744/242/753 4742/1711/753
f 4750/242/588 4749/1711/588 4747/1711/588 4748/242/588
f 4740/242/28 4748/242/28 4747/1711/28 4739/1711/28
f 4751/1711/759 4753/242/759 4752/946/759 4735/1710/759
f 4754/1711/760 4755/242/760 4753/242/760 4751/1711/760
f 4764/242/761 4763/1711/761 4759/1711/761 4760/242/761
f 4757/946/756 4758/242/756 4756/1711/756 4741/1710/756
f 4760/242/757 4759/1711/757 4756/1711/757 4758/242/757
f 4761/1711/589 4763/1711/589 4764/242/589 4762/242/589
f 4761/1711/758 4762/242/758 4755/242/758 4754/1711/758
f 4753/242/584 4738/242/584 4737/946/584 4752/946/584
f 4737/946/752 4735/1710/752 4752/946/752
f 4753/242/584 4755/242/584 4740/242/584 4738/242/584
f 4751/1711/571 4736/1711/571 4739/1711/571 4754/1711/571
f 4758/242/584 4757/946/584 4743/946/584 4744/242/584
f 4737/946/754 4738/242/754 4736/1711/754 4735/1710/754
f 4741/1710/571 4756/1711/571 4742/1711/571
f 4758/242/584 4744/242/584 4746/242/584 4760/242/584
f 4756/1711/571 4759/1711/571 4745/1711/571 4742/1711/571
f 4759/1711/571 4763/1711/571 4749/1711/571 4745/1711/571
f 4760/242/584 4746/242/584 4750/242/584 4764/242/584
f 4755/242/584 4762/242/584 4748/242/584 4740/242/584
f 4754/1711/571 4739/1711/571 4747/1711/571 4761/1711/571
f 4763/1711/571 4761/1711/571 4747/1711/571 4749/1711/571
f 4762/242/584 4764/242/584 4750/242/584 4748/242/584
s 1
f 4829/241/763 4830/887/793 4768/888/793 4766/242/763
f 4830/887/793 4831/964/791 4770/889/791 4768/888/793
f 4831/964/791 4832/965/2595 4772/891/2595 4770/889/791
f 4832/965/2595 4833/890/789 4774/892/789 4772/891/2595
f 4833/890/789 4834/885/788 4776/966/788 4774/892/789
f 4834/885/788 4835/884/787 4778/967/787 4776/966/788
f 4835/884/787 4836/893/786 4780/894/786 4778/967/787
f 4836/893/786 4837/335/28 4782/895/28 4780/894/786
f 4837/335/28 4838/336/785 4784/896/785 4782/895/28
f 4838/336/785 4839/365/784 4786/968/784 4784/896/785
f 4839/365/784 4840/374/783 4788/969/783 4786/968/784
f 4840/374/783 4841/398/782 4790/899/782 4788/969/783
f 4841/398/782 4842/421/2596 4792/970/2596 4790/899/782
f 4842/421/2596 4843/430/780 4794/971/780 4792/970/2596
f 4843/430/780 4844/454/779 4796/902/779 4794/971/780
f 4844/454/779 4845/903/778 4798/904/778 4796/902/779
f 4845/903/778 4846/905/777 4800/906/777 4798/904/778
f 4846/905/777 4847/972/776 4802/908/776 4800/906/777
f 4847/972/776 4848/973/775 4804/910/775 4802/908/776
f 4848/973/775 4849/909/774 4806/911/774 4804/910/775
f 4849/909/774 4850/975/773 4808/974/773 4806/911/774
f 4850/975/773 4851/977/772 4810/976/772 4808/974/773
f 4851/977/772 4852/914/771 4812/915/771 4810/976/772
f 4852/914/771 4853/916/8 4814/917/8 4812/915/771
f 4853/916/8 4854/918/770 4816/919/770 4814/917/8
f 4854/918/770 4855/979/769 4818/978/769 4816/919/770
f 4855/979/769 4856/981/768 4820/980/768 4818/978/769
f 4856/981/768 4857/922/767 4822/923/767 4820/980/768
f 4857/922/767 4858/983/766 4824/982/766 4822/923/767
f 4858/983/766 4859/985/765 4826/984/765 4824/982/766
f 4768/934/792 4770/933/792 4772/932/792 4774/279/792 4776/994/792 4778/996/792 4780/930/792 4782/274/792 4784/929/792 4786/1001/792 4788/1003/792 4790/269/792 4792/1006/792 4794/1008/792 4796/944/792 4798/264/792 4800/943/792 4802/942/792 4804/941/792 4806/259/792 4808/1016/792 4810/1018/792 4812/939/792 4814/254/792 4816/938/792 4818/1021/792 4820/1023/792 4822/249/792 4824/1026/792 4826/1028/792 4828/935/792 4766/244/792
f 4859/985/765 4860/926/764 4828/927/764 4826/984/765
f 4860/926/764 4829/740/763 4766/946/763 4828/927/764
f 4773/1712/819 4897/1712/819 4898/1713/2597 4775/1713/2597
f 4767/1714/796 4830/956/796 4829/177/796 4765/1715/796
f 4769/1716/796 4831/1198/796 4830/956/796 4767/1714/796
f 4771/1717/796 4832/1200/796 4831/1198/796 4769/1716/796
f 4773/1712/796 4833/104/796 4832/1200/796 4771/1717/796
f 4775/1713/796 4834/958/796 4833/104/796 4773/1712/796
f 4777/1718/796 4835/959/796 4834/958/796 4775/1713/796
f 4779/1719/796 4836/960/796 4835/959/796 4777/1718/796
f 4781/1720/796 4837/109/796 4836/960/796 4779/1719/796
f 4783/1721/796 4838/961/796 4837/109/796 4781/1720/796
f 4785/1722/796 4839/1208/796 4838/961/796 4783/1721/796
f 4787/1723/796 4840/1210/796 4839/1208/796 4785/1722/796
f 4789/1724/796 4841/114/796 4840/1210/796 4787/1723/796
f 4791/1725/796 4842/1213/796 4841/114/796 4789/1724/796
f 4793/1726/796 4843/1215/796 4842/1213/796 4791/1725/796
f 4795/1727/796 4844/947/796 4843/1215/796 4793/1726/796
f 4797/1728/796 4845/119/796 4844/947/796 4795/1727/796
f 4799/1729/796 4846/948/796 4845/119/796 4797/1728/796
f 4801/1730/796 4847/1220/796 4846/948/796 4799/1729/796
f 4803/1731/796 4848/1222/796 4847/1220/796 4801/1730/796
f 4805/1732/796 4849/124/796 4848/1222/796 4803/1731/796
f 4807/1733/796 4850/1225/796 4849/124/796 4805/1732/796
f 4809/1734/796 4851/1227/796 4850/1225/796 4807/1733/796
f 4811/1735/796 4852/951/796 4851/1227/796 4809/1734/796
f 4813/1736/796 4853/129/796 4852/951/796 4811/1735/796
f 4815/1737/796 4854/952/796 4853/129/796 4813/1736/796
f 4817/1738/796 4855/1232/796 4854/952/796 4815/1737/796
f 4819/1739/796 4856/1234/796 4855/1232/796 4817/1738/796
f 4821/1740/796 4857/134/796 4856/1234/796 4819/1739/796
f 4823/1741/796 4858/1237/796 4857/134/796 4821/1740/796
f 4825/1742/796 4859/1239/796 4858/1237/796 4823/1741/796
f 4827/1743/796 4860/955/796 4859/1239/796 4825/1742/796
f 4765/1715/796 4829/177/796 4860/955/796 4827/1743/796
f 4869/1744/8 4933/1744/8 4934/1745/770 4870/1745/770
f 4827/1743/818 4924/1743/818 4893/1715/798 4765/1715/798
f 4801/1730/817 4911/1730/817 4912/1731/815 4803/1731/815
f 4775/1713/2597 4898/1713/2597 4899/1718/2598 4777/1718/2598
f 4803/1731/815 4912/1731/815 4913/1732/813 4805/1732/813
f 4777/1718/2598 4899/1718/2598 4900/1719/2599 4779/1719/2599
f 4805/1732/813 4913/1732/813 4914/1733/2600 4807/1733/2600
f 4779/1719/2599 4900/1719/2599 4901/1720/810 4781/1720/810
f 4807/1733/2600 4914/1733/2600 4915/1734/2601 4809/1734/2601
f 4781/1720/810 4901/1720/810 4902/1721/808 4783/1721/808
f 4809/1734/2601 4915/1734/2601 4916/1735/807 4811/1735/807
f 4783/1721/808 4902/1721/808 4903/1722/806 4785/1722/806
f 4811/1735/807 4916/1735/807 4917/1736/805 4813/1736/805
f 4785/1722/806 4903/1722/806 4904/1723/2602 4787/1723/2602
f 4813/1736/805 4917/1736/805 4918/1737/803 4815/1737/803
f 4787/1723/2602 4904/1723/2602 4905/1724/802 4789/1724/802
f 4815/1737/803 4918/1737/803 4919/1738/801 4817/1738/801
f 4789/1724/802 4905/1724/802 4906/1725/800 4791/1725/800
f 4817/1738/801 4919/1738/801 4920/1739/2603 4819/1739/2603
f 4791/1725/800 4906/1725/800 4907/1726/799 4793/1726/799
f 4765/1715/798 4893/1715/798 4894/1714/2604 4767/1714/2604
f 4819/1739/2603 4920/1739/2603 4921/1740/2605 4821/1740/2605
f 4793/1726/799 4907/1726/799 4908/1727/826 4795/1727/826
f 4767/1714/2604 4894/1714/2604 4895/1716/825 4769/1716/825
f 4821/1740/2605 4921/1740/2605 4922/1741/2606 4823/1741/2606
f 4795/1727/826 4908/1727/826 4909/1728/823 4797/1728/823
f 4769/1716/825 4895/1716/825 4896/1717/822 4771/1717/822
f 4823/1741/2606 4922/1741/2606 4923/1742/821 4825/1742/821
f 4797/1728/823 4909/1728/823 4910/1729/2607 4799/1729/2607
f 4771/1717/822 4896/1717/822 4897/1712/819 4773/1712/819
f 4825/1742/821 4923/1742/821 4924/1743/818 4827/1743/818
f 4799/1729/2607 4910/1729/2607 4911/1730/817 4801/1730/817
f 4862/1746/796 4894/1714/796 4893/1715/796 4861/1747/796
f 4863/1748/796 4895/1716/796 4894/1714/796 4862/1746/796
f 4864/1749/796 4896/1717/796 4895/1716/796 4863/1748/796
f 4865/1750/796 4897/1712/796 4896/1717/796 4864/1749/796
f 4866/1751/796 4898/1713/796 4897/1712/796 4865/1750/796
f 4867/1752/796 4899/1718/796 4898/1713/796 4866/1751/796
f 4868/1753/796 4900/1719/796 4899/1718/796 4867/1752/796
f 4869/1744/796 4901/1720/796 4900/1719/796 4868/1753/796
f 4870/1745/796 4902/1721/796 4901/1720/796 4869/1744/796
f 4871/1754/796 4903/1722/796 4902/1721/796 4870/1745/796
f 4872/1755/796 4904/1723/796 4903/1722/796 4871/1754/796
f 4873/1756/796 4905/1724/796 4904/1723/796 4872/1755/796
f 4874/1757/796 4906/1725/796 4905/1724/796 4873/1756/796
f 4875/1758/796 4907/1726/796 4906/1725/796 4874/1757/796
f 4876/1759/796 4908/1727/796 4907/1726/796 4875/1758/796
f 4877/1760/796 4909/1728/796 4908/1727/796 4876/1759/796
f 4878/1761/796 4910/1729/796 4909/1728/796 4877/1760/796
f 4879/1762/796 4911/1730/796 4910/1729/796 4878/1761/796
f 4880/1763/796 4912/1731/796 4911/1730/796 4879/1762/796
f 4881/1764/796 4913/1732/796 4912/1731/796 4880/1763/796
f 4882/1765/796 4914/1733/796 4913/1732/796 4881/1764/796
f 4883/1766/796 4915/1734/796 4914/1733/796 4882/1765/796
f 4884/1767/796 4916/1735/796 4915/1734/796 4883/1766/796
f 4885/1768/796 4917/1736/796 4916/1735/796 4884/1767/796
f 4886/1769/796 4918/1737/796 4917/1736/796 4885/1768/796
f 4887/1770/796 4919/1738/796 4918/1737/796 4886/1769/796
f 4888/1771/796 4920/1739/796 4919/1738/796 4887/1770/796
f 4889/1772/796 4921/1740/796 4920/1739/796 4888/1771/796
f 4890/1773/796 4922/1741/796 4921/1740/796 4889/1772/796
f 4891/1774/796 4923/1742/796 4922/1741/796 4890/1773/796
f 4892/1775/796 4924/1743/796 4923/1742/796 4891/1774/796
f 4861/1747/796 4893/1715/796 4924/1743/796 4892/1775/796
f 4925/1747/796 4956/1775/796 4955/1774/796 4954/1773/796 4953/1772/796 4952/1771/796 4951/1770/796 4950/1769/796 4949/1768/796 4948/1767/796 4947/1766/796 4946/1765/796 4945/1764/796 4944/1763/796 4943/1762/796 4942/1761/796 4941/1760/796 4940/1759/796 4939/1758/796 4938/1757/796 4937/1756/796 4936/1755/796 4935/1754/796 4934/1745/796 4933/1744/796 4932/1753/796 4931/1752/796 4930/1751/796 4929/1750/796 4928/1749/796 4927/1748/796 4926/1746/796
f 4883/1766/787 4947/1766/787 4948/1767/786 4884/1767/786
f 4870/1745/770 4934/1745/770 4935/1754/769 4871/1754/769
f 4884/1767/786 4948/1767/786 4949/1768/28 4885/1768/28
f 4871/1754/769 4935/1754/769 4936/1755/2608 4872/1755/2608
f 4885/1768/28 4949/1768/28 4950/1769/785 4886/1769/785
f 4872/1755/2608 4936/1755/2608 4937/1756/767 4873/1756/767
f 4886/1769/785 4950/1769/785 4951/1770/784 4887/1770/784
f 4873/1756/767 4937/1756/767 4938/1757/766 4874/1757/766
f 4887/1770/784 4951/1770/784 4952/1771/783 4888/1771/783
f 4874/1757/766 4938/1757/766 4939/1758/765 4875/1758/765
f 4861/1747/778 4925/1747/778 4926/1746/777 4862/1746/777
f 4888/1771/783 4952/1771/783 4953/1772/782 4889/1772/782
f 4875/1758/765 4939/1758/765 4940/1759/764 4876/1759/764
f 4862/1746/777 4926/1746/777 4927/1748/776 4863/1748/776
f 4889/1772/782 4953/1772/782 4954/1773/2596 4890/1773/2596
f 4876/1759/764 4940/1759/764 4941/1760/763 4877/1760/763
f 4863/1748/776 4927/1748/776 4928/1749/775 4864/1749/775
f 4890/1773/2596 4954/1773/2596 4955/1774/780 4891/1774/780
f 4877/1760/763 4941/1760/763 4942/1761/793 4878/1761/793
f 4864/1749/775 4928/1749/775 4929/1750/774 4865/1750/774
f 4891/1774/780 4955/1774/780 4956/1775/779 4892/1775/779
f 4878/1761/793 4942/1761/793 4943/1762/791 4879/1762/791
f 4865/1750/774 4929/1750/774 4930/1751/2609 4866/1751/2609
f 4892/1775/779 4956/1775/779 4925/1747/778 4861/1747/778
f 4879/1762/791 4943/1762/791 4944/1763/2595 4880/1763/2595
f 4866/1751/2609 4930/1751/2609 4931/1752/772 4867/1752/772
f 4880/1763/2595 4944/1763/2595 4945/1764/789 4881/1764/789
f 4867/1752/772 4931/1752/772 4932/1753/771 4868/1753/771
f 4881/1764/789 4945/1764/789 4946/1765/2610 4882/1765/2610
f 4868/1753/771 4932/1753/771 4933/1744/8 4869/1744/8
f 4882/1765/2610 4946/1765/2610 4947/1766/787 4883/1766/787
f 5417/1776/2611 5007/1778/2612 5418/1777/2613
f 5418/1777/2614 5007/1778/2615 5416/1779/2616
f 5419/1780/2617 5003/1782/2618 5420/1781/2619
f 5425/1783/2620 5005/1785/2621 5422/1784/2622
f 5426/1786/2623 4986/1787/2624 5425/1783/2620
f 5415/1788/2625 5416/1779/2626 5426/1786/2623
f 5421/1789/2627 5419/1780/2617 5420/1781/2619
f 5420/1781/2628 5418/1777/2628 5414/1790/2628
f 5421/1789/2627 5420/1781/2619 5414/1790/2629
f 5426/1786/2623 4995/1791/2630 4986/1787/2624
f 5007/1778/2615 4998/1792/2631 5416/1779/2616
f 5416/1779/2626 4998/1792/2632 4995/1791/2630
f 5417/1776/2611 5008/1793/2633 5007/1778/2612
f 4990/1794/2634 5009/1795/2635 5419/1780/2617
f 4990/1794/2634 5419/1780/2617 5422/1784/2636
f 5005/1785/2621 5673/1796/2637 5422/1784/2622
f 5422/1784/2636 5673/1796/2638 4990/1794/2634
f 4987/1797/2639 5075/1798/2640 5005/1785/2621
f 5427/1799/2641 4996/1801/2642 4997/1800/2643
f 5428/1802/2644 5427/1799/2641 5429/1803/2645
f 5336/1804/2646 5413/1805/2647 5427/1799/2641
f 5111/1806/2648 5000/1808/2649 5001/1807/2650
f 5432/1809/2651 5433/1811/2652 5134/1810/2653
f 4989/1812/2654 5006/1814/2655 4991/1813/2656
f 5135/1815/2657 5432/1809/2651 5134/1810/2653
f 5431/1816/2658 5110/1818/2659 4988/1817/2660
f 5439/1819/2661 5713/1821/2662 5438/1820/2663
f 5442/1822/2664 5439/1819/2661 5440/1823/2665
f 5442/1822/2664 5441/1824/2666 5439/1819/2661
f 5445/1825/2667 5758/1827/2668 5443/1826/2669
f 5446/1828/2670 5445/1825/2667 5444/1829/2671
f 5447/1830/2672 5456/1831/2673 5446/1828/2674
f 5437/1832/2675 5435/1833/2676 5447/1830/2677
f 5444/1829/2671 5443/1826/2678 5442/1822/2664
f 5456/1831/2673 5445/1825/2679 5446/1828/2674
f 5440/1823/2665 5437/1832/2680 5434/1834/2681
f 5436/1835/2682 5006/1814/2655 5435/1833/2683
f 5435/1833/2684 5006/1814/2685 4983/1836/2686
f 5438/1820/2663 4991/1813/2687 5436/1835/2688
f 5441/1824/2666 5713/1821/2662 5439/1819/2661
f 5443/1826/2678 5758/1827/2689 4999/1837/2690
f 5445/1825/2667 5010/1838/2691 5758/1827/2668
f 4986/1839/2624 5448/1841/2692 4987/1840/2639
f 4987/1840/2639 5448/1841/2692 5449/1842/2693
f 5449/1842/2693 5448/1841/2692 5077/1843/2694
f 5077/1843/2694 5374/1845/2695 5078/1844/2696
f 5449/1842/2693 5076/1847/2697 5075/1846/2640
f 5448/1841/2692 5322/1848/2698 5374/1845/2695
f 5713/1849/2662 5714/1851/2699 5450/1850/2700
f 5450/1850/2700 5714/1851/2699 5451/1852/2701
f 5451/1852/2701 5135/1815/2657 5134/1810/2653
f 5451/1852/2701 5134/1810/2653 4991/1813/2687
f 5623/1853/2702 5136/1854/2703 5451/1852/2701
f 5622/1855/2704 5623/1853/2702 5451/1852/2701
f 5459/1856/2705 5452/1858/2706 5457/1857/2707
f 5452/1858/2706 5191/1859/2708 5010/1838/2709
f 5457/1857/2707 5010/1838/2709 5445/1860/2679
f 5001/1807/2650 5335/1862/2710 5002/1861/2711
f 5335/1862/2712 5336/1804/2646 5428/1802/2713
f 5150/1863/2714 5448/1841/2692 5455/1864/2715
f 5455/1864/2715 4986/1839/2624 4995/1865/2630
f 5322/1848/2698 4985/1867/2716 5454/1866/2717
f 5457/1857/2707 5624/1869/2718 5458/1868/2719
f 5459/1856/2705 5458/1868/2719 5012/1870/2720
f 5458/1868/2719 5624/1869/2718 5011/1871/2721
f 5463/1872/2722 5015/1874/2723 5310/1873/2724
f 5465/1875/2725 5016/1877/2726 5017/1876/2727
f 5465/1875/2725 5311/1879/2728 4979/1878/2729
f 4980/1880/2730 5463/1872/2722 5464/1881/2731
f 5017/1876/2727 4957/1882/2732 5311/1879/2728
f 5311/1879/2728 5467/1884/2733 5466/1883/2734
f 5469/1885/2735 5020/1887/2736 5185/1886/2737
f 5466/1883/2734 5468/1889/2738 5187/1888/2739
f 5470/1890/2740 5312/1892/2741 4978/1891/2742
f 5470/1890/2740 5022/1893/2743 5312/1892/2741
f 5021/1894/2744 5022/1893/2743 5470/1890/2740
f 5183/1895/2745 5023/1897/2746 5024/1896/2747
f 5471/1898/2748 5025/1900/2749 5472/1899/2750
f 5473/1901/2751 5028/1903/2752 5474/1902/2753
f 5474/1902/2753 5475/1905/2754 5182/1904/2755
f 4978/1891/2742 5312/1892/2741 5183/1895/2745
f 5182/1904/2755 5313/1907/2756 4977/1906/2757
f 5028/1903/2752 5029/1908/2758 5475/1905/2754
f 5031/1909/2759 5032/1911/2760 5477/1910/2761
f 5477/1910/2761 5033/1913/2762 5181/1912/2763
f 5033/1913/2762 5034/1915/2764 5478/1914/2765
f 5035/1916/2766 5036/1918/2767 5179/1917/2768
f 5313/1907/2756 5030/1920/2769 5476/1919/2770
f 5478/1914/2765 5035/1916/2766 5180/1921/2771
f 5479/1922/2772 5039/1924/2773 5177/1923/2774
f 5480/1925/2775 5041/1927/2776 5176/1926/2777
f 5043/1928/2778 5315/1930/2779 4975/1929/2780
f 5039/1924/2773 5040/1931/2781 5480/1925/2775
f 5037/1932/2782 5038/1933/2783 5479/1922/2772
f 5046/1934/2784 5047/1936/2785 5171/1935/2786
f 5048/1937/2787 5049/1939/2788 5481/1938/2789
f 5481/1938/2789 5050/1941/2790 5169/1940/2791
f 5044/1942/2792 5045/1944/2793 5173/1943/2794
f 5171/1935/2786 5048/1937/2787 5170/1945/2795
f 5482/1946/2796 5052/1948/2797 5168/1947/2798
f 5053/1949/2799 5054/1951/2800 5166/1950/2801
f 5316/1952/2802 5051/1953/2803 5482/1946/2796
f 5168/1947/2798 5053/1949/2799 5167/1954/2804
f 5166/1950/2801 5055/1956/2805 5165/1955/2806
f 5058/1957/2807 5059/1959/2808 5161/1958/2809
f 5483/1960/2810 5061/1962/2811 5542/1961/2812
f 5542/1961/2812 5061/1962/2811 5484/1963/2813
f 5161/1958/2809 5060/1965/2814 5160/1964/2815
f 5061/1962/2811 5659/1966/2816 5484/1963/2813
f 5484/1963/2813 5318/1968/2817 5062/1967/2818
f 5062/1967/2818 5063/1970/2819 5157/1969/2820
f 5158/1971/2821 5062/1967/2818 5157/1969/2820
f 5063/1970/2819 5319/1973/2822 4972/1972/2823
f 5319/1973/2822 5155/1975/2824 5156/1974/2825
f 5064/1976/2826 5065/1977/2827 5155/1975/2824
f 5065/1977/2827 5066/1979/2828 5154/1978/2829
f 5066/1979/2828 5320/1981/2830 5153/1980/2831
f 5067/1982/2832 5068/1984/2833 5485/1983/2834
f 5320/1981/2830 5067/1982/2832 5152/1985/2835
f 5070/1986/2836 5321/1988/2837 4971/1987/2838
f 5489/1989/2839 5073/1991/2840 5490/1990/2841
f 5491/1992/2842 5074/1994/2843 5151/1993/2844
f 5074/1994/2843 5322/1848/2698 5454/1866/2717
f 5493/1995/2845 5223/1997/2846 4999/1996/2690
f 5493/1995/2845 4999/1996/2690 5759/1998/2847
f 5386/1999/2848 5223/1997/2846 5492/2000/2849
f 5493/1995/2845 5004/2002/2850 5309/2001/2851
f 5004/2002/2850 5493/1995/2845 5761/2003/2852
f 5716/2004/2853 5386/1999/2848 5494/2005/2854
f 5224/2006/2855 5716/2004/2853 5494/2005/2854
f 5494/2005/2854 5309/2001/2851 5401/2007/2856
f 5323/2008/2857 5224/2006/2855 5401/2007/2856
f 5494/2005/2854 5493/1995/2845 5309/2001/2851
f 5494/2005/2854 5492/2000/2849 5493/1995/2845
f 5494/2005/2854 5386/1999/2848 5492/2000/2849
f 5323/2008/2857 5308/2010/2858 5495/2009/2859
f 5226/2011/2860 5225/2013/2861 5496/2012/2862
f 5391/2014/2863 5390/2016/2864 5497/2015/2865
f 5497/2015/2865 5226/2011/2860 5498/2017/2866
f 5226/2011/2860 5496/2012/2862 5306/2018/2867
f 5498/2017/2866 5226/2011/2860 5305/2019/2868
f 5324/2020/2869 5498/2017/2866 5403/2021/2870
f 5496/2012/2862 5717/2023/2871 5307/2022/2872
f 5231/2024/2873 5230/2026/2874 5501/2025/2875
f 5227/2027/2876 5720/2028/2877 5324/2020/2869
f 5501/2025/2875 5500/2030/2878 5767/2029/2879
f 5227/2027/2880 5324/2020/2869 5304/2031/2881
f 5499/2032/2882 5227/2027/2880 5304/2031/2881
f 5392/2033/2883 5232/2035/2884 5770/2034/2885
f 5770/2034/2885 5231/2024/2873 5768/2036/2886
f 5231/2024/2873 5501/2025/2875 5768/2036/2886
f 5238/2037/2887 5503/2039/2888 5239/2038/2889
f 5236/2040/2890 5502/2042/2891 5237/2041/2892
f 5234/2043/2893 5233/2045/2894 5771/2044/2895
f 5233/2045/2894 5392/2033/2883 5770/2034/2885
f 5242/2046/2896 5504/2048/2897 5243/2047/2898
f 5241/2049/2899 5505/2051/2900 5777/2050/2901
f 5504/2048/2897 5777/2050/2901 5303/2052/2902
f 5245/2053/2903 5507/2055/2904 5246/2054/2905
f 5240/2056/2906 5775/2057/2907 5505/2051/2900
f 5246/2054/2905 5302/2059/2908 5326/2058/2909
f 5393/2060/2910 5325/2061/2911 5240/2056/2906
f 5249/2062/2912 5508/2064/2913 5250/2063/2914
f 5247/2065/2915 5510/2067/2916 5248/2066/2917
f 5248/2066/2917 5301/2068/2918 5508/2064/2913
f 5253/2069/2919 5509/2071/2920 4982/2070/2921
f 5394/2072/2922 5326/2058/2909 5510/2067/2916
f 5254/2073/2923 5300/2075/2924 5255/2074/2925
f 5511/2076/2926 5299/2078/2927 5259/2077/2928
f 5258/2079/2929 5511/2076/2926 5259/2077/2928
f 5327/2080/2930 5260/2082/2931 5783/2081/2932
f 5262/2083/2933 5261/2085/2934 5513/2084/2935
f 5263/2086/2936 5262/2083/2933 5298/2087/2937
f 5266/2088/2938 5297/2090/2939 5396/2089/2940
f 5297/2090/2941 5790/2092/2942 5791/2091/2943
f 5297/2090/2944 5514/2094/2945 5788/2093/2946
f 5786/2095/2947 5298/2087/2948 5785/2096/2949
f 5271/2097/2950 5517/2099/2951 5272/2098/2952
f 5270/2100/2953 5516/2101/2954 5271/2097/2950
f 5268/2102/2955 5296/2103/2956 5516/2101/2954
f 5517/2099/2957 5328/2104/2958 5272/2098/2952
f 5267/2105/2959 5791/2091/2943 5296/2103/2956
f 5275/2106/2960 5518/2108/2961 5397/2107/2962
f 5274/2109/2963 5519/2110/2964 5518/2108/2961
f 5397/2107/2962 5518/2108/2961 5329/2111/2965
f 5273/2112/2966 5272/2098/2952 5519/2110/2964
f 5272/2098/2952 5328/2104/2958 5295/2113/2967
f 5277/2114/2968 5521/2116/2969 5278/2115/2970
f 5520/2117/2971 5294/2119/2972 5293/2118/2973
f 5521/2116/2969 5293/2118/2973 5522/2120/2974
f 5294/2119/2972 5411/2121/2975 5293/2118/2973
f 5329/2111/2965 5330/2122/2976 5294/2119/2972
f 5397/2107/2962 5329/2111/2965 5520/2117/2971
f 5523/2123/2977 5292/2125/2978 5291/2124/2979
f 5524/2126/2980 5291/2124/2979 5290/2127/2981
f 5525/2128/2982 5290/2127/2981 5334/2129/2983
f 5331/2130/2984 5332/2131/2985 5292/2125/2978
f 5399/2132/2986 5331/2130/2984 5523/2123/2977
f 5283/2133/2987 5526/2135/2988 5284/2134/2989
f 5286/2136/2990 5527/2138/2991 5287/2137/2992
f 5287/2137/2992 5528/2140/2993 5288/2139/2994
f 5288/2139/2994 5528/2140/2993 5335/1862/2710
f 5527/2138/2995 5289/2141/2996 5528/2140/2997
f 5528/2140/2997 5801/2142/2998 5336/1804/2646
f 5526/2135/2988 5799/2143/2999 5289/2141/2996
f 5333/2144/3000 5334/2129/2983 5526/2135/2988
f 5454/1866/2717 5150/1863/2714 5529/2145/3001
f 5455/1864/2715 4995/1865/2630 5530/2146/3002
f 5530/2146/3002 4995/1865/2630 4998/1792/2632
f 4996/1801/2642 5530/2146/3002 4997/1800/3003
f 5337/2147/3004 5529/2145/3001 4996/1801/2642
f 5488/2148/3005 5489/1989/2839 5531/2149/3006
f 5531/2149/3006 5490/1990/2841 5532/2150/3007
f 5533/2151/3008 5151/1993/2844 5222/2152/3009
f 5532/2150/3010 5533/2151/3008 5802/2153/3011
f 4971/1987/2838 5488/2148/3005 5338/2154/3012
f 5151/1993/2844 5454/1866/2717 5337/2147/3004
f 5487/2155/3013 4971/1987/2838 5534/2156/3014
f 5486/2157/3015 5487/2155/3013 5535/2158/3016
f 5485/1983/2834 5486/2157/3015 5536/2159/3017
f 5340/2160/3018 5485/1983/2834 5536/2159/3017
f 5536/2159/3017 5535/2158/3016 5221/2161/3019
f 5536/2159/3017 5220/2163/3020 5219/2162/3021
f 5534/2156/3014 5338/2154/3012 5339/2164/3022
f 5154/1978/2829 5153/1980/2831 5537/2165/3023
f 5155/1975/2824 5154/1978/2829 5538/2166/3024
f 5156/1974/2825 5155/1975/2824 5538/2166/3024
f 5538/2166/3025 5537/2165/3026 5539/2167/3027
f 5156/1974/2825 5538/2166/3025 5539/2167/3027
f 5537/2165/3026 5340/2160/3018 5219/2162/3021
f 5157/1969/2820 5540/2168/3028 5158/1971/2821
f 5540/2168/3028 5341/2170/3029 5216/2169/3030
f 5540/2168/3031 5216/2169/3032 5541/2171/3033
f 5342/2172/3034 5541/2171/3035 5214/2173/3036
f 5541/2171/3033 5216/2169/3032 5215/2174/3037
f 5341/2170/3038 5217/2175/3039 5216/2169/3032
f 5159/2176/3040 5483/1960/2810 5543/2177/3041
f 5542/1961/2812 5214/2173/3036 5543/2177/3042
f 5543/2177/3042 5214/2173/3036 5159/2176/3043
f 5160/1964/3044 5212/2179/3045 5211/2178/3046
f 5162/2180/3047 5161/1958/3048 5211/2178/3046
f 5159/2176/3043 5213/2181/3049 5212/2179/3045
f 5342/2172/3034 5214/2173/3036 5542/1961/2812
f 5167/1954/2804 5166/1950/2801 5209/2182/3050
f 4974/2183/3051 5482/1946/2796 5544/2184/3052
f 5163/2185/3053 4973/2187/3054 5409/2186/3055
f 5172/2188/3056 5171/1935/2786 5545/2189/3057
f 5170/1945/2795 5481/1938/2789 5547/2190/3058
f 5547/2190/3058 5169/1940/2791 5208/2191/3059
f 5545/2189/3057 5170/1945/2795 5207/2192/3060
f 5546/2193/3061 5173/1943/2794 5204/2194/3062
f 5172/2188/3056 5545/2189/3057 5206/2195/3063
f 5343/2196/3064 5546/2193/3061 5204/2194/3062
f 5204/2194/3062 5172/2188/3056 5205/2197/3065
f 5208/2191/3059 4974/2183/3051 5408/2198/3066
f 5549/2199/3067 5177/1923/2774 5550/2200/3068
f 5178/2201/3069 5549/2199/3067 5550/2200/3068
f 5176/1926/2777 5175/2203/3070 5203/2202/3071
f 5548/2204/3072 5176/1926/2777 5203/2202/3071
f 5177/1923/2774 5480/1925/2775 5548/2204/3072
f 5178/2201/3069 5479/1922/2772 5549/2199/3067
f 5550/2200/3068 5548/2204/3072 5202/2205/3073
f 5174/2206/3074 4975/1929/2780 5343/2196/3064
f 5181/1912/2763 5478/1914/2765 5551/2207/3075
f 5031/1909/2759 5477/1910/2761 5552/2208/3076
f 5476/1919/2770 5031/1909/2759 5553/2209/3077
f 5552/2208/3076 5181/1912/2763 5554/2210/3078
f 5551/2207/3079 5200/2211/3080 5554/2210/3081
f 5180/1921/3082 5179/1917/2768 5201/2212/3083
f 5179/1917/2768 4976/2214/3084 5778/2213/3085
f 5555/2215/3086 5183/1895/2745 5556/2216/3087
f 5471/1898/2748 5472/1899/2750 5557/2217/3088
f 4978/1891/2742 5183/1895/2745 5555/2215/3086
f 5184/2218/3089 5470/1890/2740 5198/2219/3090
f 5186/2220/3091 5185/1886/2737 5197/2221/3092
f 5558/2222/3093 5559/2224/3094 5196/2223/3095
f 4979/1878/2729 5466/1883/2734 5558/2222/3096
f 5559/2224/3097 5186/2220/3091 5197/2221/3092
f 5197/2221/3092 5184/2218/3089 5769/2225/3098
f 5188/2226/3099 5560/2228/3100 5189/2227/3101
f 5189/2227/3101 5560/2228/3100 5561/2229/3102
f 5189/2227/3101 5561/2229/3102 5344/2230/3103
f 5560/2228/3100 4979/1878/2729 5558/2222/3096
f 5562/2231/3104 5194/2233/3105 4981/2232/3106
f 5344/2230/3103 5194/2233/3105 5562/2231/3104
f 4980/1880/2730 5344/2230/3103 5562/2231/3104
f 5460/2234/3107 5563/2235/3108 5452/1858/2706
f 5452/1858/2706 5563/2235/3108 5191/1859/2708
f 5009/2236/2635 4990/2238/2634 5430/2237/3109
f 5564/2239/3110 5430/2237/3109 4994/2240/3111
f 5564/2239/3110 4993/2242/3112 5565/2241/3113
f 5565/2241/3113 4993/2242/3112 4992/2243/3114
f 5001/2244/2650 5564/2239/3110 5111/2245/2648
f 5111/2245/2648 5565/2241/3113 4958/2246/3115
f 5565/2241/3113 4992/2243/3114 5347/2247/3116
f 4994/2240/3111 5673/2249/2638 5674/2248/3117
f 5112/2250/3118 5569/2252/3119 5568/2251/3120
f 5756/2253/3121 5570/2254/3122 5569/2252/3119
f 5566/2255/3123 5677/2256/3124 5570/2254/3122
f 5569/2252/3119 5149/2258/3125 5571/2257/3126
f 5757/2259/3127 5566/2255/3123 5567/2260/3128
f 5757/2259/3127 5567/2260/3128 5756/2253/3121
f 5571/2257/3126 5149/2258/3125 5680/2261/3129
f 4958/2246/3115 5347/2247/3116 5566/2255/3123
f 5113/2262/3130 5572/2264/3131 5114/2263/3132
f 5115/2265/3133 5573/2267/3134 4960/2266/3135
f 5114/2263/3132 5574/2268/3136 5573/2267/3134
f 5572/2264/3131 5148/2269/3137 5574/2268/3136
f 5571/2257/3126 5680/2261/3129 5148/2269/3137
f 4959/2270/3138 5571/2257/3126 5572/2264/3131
f 5116/2271/3139 5147/2273/3140 5576/2272/3141
f 5117/2274/3142 5576/2272/3141 5575/2275/3143
f 5577/2276/3144 5575/2275/3143 5146/2277/3145
f 5118/2278/3146 4961/2280/3147 5348/2279/3148
f 5119/2281/3149 5118/2278/3146 5348/2279/3148
f 5350/2282/3150 5753/2283/3151 5119/2281/3149
f 5145/2284/3152 5348/2279/3148 5349/2285/3153
f 5144/2286/3154 5350/2282/3150 4970/2287/3155
f 4961/2280/3147 5577/2276/3156 5348/2279/3148
f 5121/2288/3157 5120/2290/3158 5143/2289/3159
f 5752/2291/3160 5580/2293/3161 5578/2292/3162
f 5122/2294/3163 5581/2295/3164 5580/2293/3161
f 5751/2296/3165 5578/2292/3162 4963/2297/3166
f 5579/2298/3167 5350/2282/3150 5144/2286/3154
f 5749/2299/3168 5587/2301/3169 5748/2300/3170
f 5748/2300/3170 5142/2303/3171 5582/2302/3172
f 5126/2304/3173 5582/2302/3172 4964/2305/3174
f 5746/2306/3175 5591/2308/3176 5127/2307/3177
f 5744/2309/3178 5592/2311/3179 5589/2310/3180
f 5588/2312/3181 5594/2313/3182 5592/2311/3179
f 5589/2310/3180 5595/2315/3183 5593/2314/3184
f 5590/2316/3185 5692/2317/3186 5591/2308/3176
f 5127/2307/3177 5693/2318/3187 5594/2313/3182
f 5745/2319/3188 5588/2312/3181 5744/2309/3178
f 5743/2320/3189 5589/2310/3180 5742/2321/3190
f 5740/2322/3191 5598/2324/3192 5596/2323/3193
f 5596/2323/3193 5601/2326/3194 5597/2325/3195
f 5741/2327/3196 5696/2328/3197 5598/2324/3192
f 5737/2329/3198 5697/2331/3199 5599/2330/3200
f 5738/2332/3201 5597/2325/3195 5737/2329/3198
f 5735/2333/3202 5600/2335/3203 5354/2334/3204
f 5599/2330/3200 5697/2331/3199 5600/2335/3205
f 5598/2324/3192 5696/2328/3197 5601/2326/3194
f 4965/2336/3206 5353/2337/3207 5741/2327/3196
f 5733/2338/3208 5605/2340/3209 5602/2339/3210
f 5731/2341/3211 5606/2343/3212 5128/2342/3213
f 5604/2344/3214 5607/2345/3215 5605/2340/3216
f 5603/2346/3217 5128/2342/3218 5141/2347/3219
f 5732/2348/3220 5602/2339/3210 5731/2341/3211
f 5730/2349/3221 5603/2346/3222 5729/2350/3223
f 5354/2334/3224 5600/2335/3225 5607/2345/3215
f 5726/2351/3226 5236/2353/2890 5610/2352/3227
f 5608/2354/3228 5728/2356/3229 5611/2355/3230
f 5726/2351/3226 5140/2358/3231 5725/2357/3232
f 5725/2357/3232 5140/2358/3231 5705/2359/3233
f 5238/2360/2887 5608/2354/3228 5727/2361/3234
f 5129/2362/3235 5705/2359/3233 5356/2363/3236
f 4967/2364/3237 5355/2365/3238 5728/2356/3229
f 5724/2366/3239 5612/2368/3240 5723/2367/3241
f 5721/2369/3242 5613/2371/3243 5614/2370/3244
f 5722/2372/3245 5615/2374/3246 5616/2373/3247
f 5130/2375/3248 5616/2373/3247 5613/2371/3243
f 5723/2367/3241 5707/2376/3249 5615/2374/3246
f 5613/2371/3250 5616/2373/3251 5708/2377/3252
f 5615/2374/3253 5707/2376/3254 5616/2373/3251
f 4968/2378/3255 5356/2363/3236 5612/2368/3240
f 5131/2379/3256 5617/2381/3257 5618/2380/3258
f 5131/2379/3256 5618/2380/3258 5619/2382/3259
f 5357/2383/3260 5619/2382/3259 5139/2384/3261
f 4969/2385/3262 5131/2379/3256 5357/2383/3260
f 5620/2386/3263 4969/2385/3262 5621/2387/3264
f 5620/2386/3263 5621/2387/3264 5359/2388/3265
f 5358/2389/3266 5620/2386/3263 5359/2388/3265
f 5359/2388/3265 5621/2387/3267 5137/2390/3268
f 5621/2387/3267 5357/2383/3260 5138/2391/3269
f 5622/1855/2704 5133/2392/3270 5623/1853/2702
f 5623/1853/2702 5358/2389/3266 5359/2388/3265
f 5136/1854/2703 5359/2388/3265 5137/2390/3268
f 5624/1869/2718 5625/2393/3271 5011/1871/2721
f 4984/2394/3272 4983/2395/2686 5625/2393/3271
f 5110/2396/2659 5625/2393/3271 5626/2397/3273
f 5626/2397/3273 4983/2395/2686 5006/2398/2685
f 5110/2396/2659 5626/2397/3273 4988/2399/2660
f 5011/1871/2721 5110/2396/2659 5360/2400/3274
f 4988/2399/2660 5626/2397/3273 4989/2401/2654
f 5628/2402/3275 5627/2404/3276 5109/2403/3277
f 5012/1870/2720 5011/1871/2721 5013/2405/3278
f 5361/2406/3279 5627/2404/3276 5628/2402/3275
f 5014/2407/3280 5361/2406/3279 5015/1874/2723
f 5015/1874/2723 5629/2409/3281 5363/2408/3282
f 5629/2409/3281 5361/2406/3279 5362/2410/3283
f 5016/1877/2726 5363/2408/3282 5630/2411/3284
f 5017/1876/2727 5630/2411/3284 4957/1882/2732
f 5363/2408/3282 5108/2413/3285 5631/2412/3286
f 4957/1882/2732 5630/2411/3284 5364/2414/3287
f 5630/2411/3284 5631/2412/3286 5364/2414/3287
f 5364/2414/3287 5631/2412/3286 5107/2415/3288
f 5021/1894/2744 5633/2416/3289 5022/1893/2743
f 5364/2414/3287 5107/2415/3288 5106/2417/3290
f 5018/2418/3291 5106/2417/3290 5019/2419/3292
f 5022/1893/2743 5104/2421/3293 5365/2420/3294
f 5019/2419/3292 5105/2423/3295 5632/2422/3296
f 5023/1897/2746 5103/2424/3297 5024/1896/2747
f 5025/1900/2749 5634/2426/3298 5026/2425/3299
f 5028/1903/2752 5027/2428/3300 5102/2427/3301
f 5034/1915/2764 5033/1913/2762 5638/2429/3302
f 5635/2430/3303 5030/1920/2769 5639/2431/3304
f 5636/2432/3305 5034/1915/2764 5099/2433/3306
f 5100/2434/3307 5635/2430/3303 5101/2435/3308
f 5030/1920/2769 5313/1907/2756 5366/2436/3309
f 5032/1911/2760 5031/1909/2759 5635/2430/3303
f 5036/1918/2767 5035/1916/2766 5636/2432/3305
f 5038/1933/2783 5037/1932/2782 5643/2437/3310
f 5040/1931/2781 5039/1924/2773 5645/2438/3311
f 5315/1930/2779 5043/1928/2778 5642/2439/3312
f 5315/1930/2779 5642/2439/3312 5368/2440/3313
f 5643/2437/3314 5367/2442/3315 5381/2441/3316
f 5649/2443/3317 5648/2445/3318 5653/2444/3319
f 5047/1936/2785 5649/2443/3317 5653/2444/3319
f 5651/2446/3320 5650/2448/3321 5098/2447/3322
f 5653/2444/3319 5647/2450/3323 5380/2449/3324
f 5651/2446/3325 5097/2452/3326 5652/2451/3327
f 5047/1936/2785 5046/1934/2784 5649/2443/3317
f 5049/1939/2788 5048/1937/2787 5650/2448/3321
f 5647/2450/3323 5315/1930/2779 5368/2440/3313
f 5655/2453/3328 5093/2454/3329 5054/1951/3330
f 5054/1951/3330 5093/2454/3329 5092/2455/3331
f 5655/2453/3328 5095/2457/3332 5094/2456/3333
f 5054/1951/2800 5053/1949/2799 5655/2453/3334
f 5056/2458/3335 5055/1956/2805 5654/2459/3336
f 5317/2460/3337 5057/2462/3338 5370/2461/3339
f 5371/2463/3340 5092/2455/3341 5091/2464/3342
f 5051/1953/2803 5316/1952/2802 5369/2465/3343
f 5658/2466/3344 5657/2468/3345 5660/2467/3346
f 5659/1966/2816 5658/2466/3344 5660/2467/3346
f 5660/2467/3346 5657/2468/3345 5090/2469/3347
f 5060/1965/2814 5059/1959/2808 5657/2468/3348
f 5656/2470/3349 5370/2461/3339 5371/2463/3350
f 5063/1970/2819 5062/1967/2818 5661/2471/3351
f 5662/2472/3352 5063/1970/2819 5661/2471/3351
f 5661/2471/3351 5318/1968/2817 5372/2473/3353
f 5662/2472/3352 5661/2471/3351 5087/2474/3354
f 5373/2475/3355 5662/2472/3352 5087/2474/3354
f 5087/2474/3354 5372/2473/3353 5088/2476/3356
f 5320/1981/2830 5066/1979/2828 5665/2477/3357
f 5665/2477/3358 5664/2479/3359 5686/2478/3360
f 5320/1981/2830 5665/2477/3358 5085/2480/3361
f 5663/2481/3362 5373/2475/3355 5086/2482/3363
f 5070/1986/2836 5069/2484/3364 5668/2483/3365
f 5667/2485/3366 5666/2487/3367 5084/2486/3368
f 5668/2483/3365 5667/2485/3366 5083/2488/3369
f 5081/2489/3370 5668/2483/3365 5082/2490/3371
f 5321/1988/2837 5070/1986/2836 5081/2489/3370
f 5669/2491/3372 5073/1991/2840 5670/2492/3373
f 5072/2493/3374 5071/2495/3375 5672/2494/3376
f 5670/2492/3373 5072/2493/3374 5672/2494/3376
f 5322/1848/2698 5074/1994/2843 5669/2491/3372
f 5671/2496/3377 5321/1988/2837 5081/2489/3370
f 5674/2248/3378 5075/2498/3379 5076/2497/3380
f 5076/2497/3380 5077/2500/3381 5675/2499/3382
f 5675/2499/3382 5676/2501/3383 4993/2242/3112
f 4994/2240/3384 5675/2499/3382 4993/2242/3112
f 4992/2243/3114 5676/2501/3383 5347/2247/3385
f 5679/2502/3386 5080/2503/3387 5680/2261/3129
f 5080/2503/3387 5375/2504/3388 5680/2261/3129
f 5374/2505/3389 5079/2506/3390 5677/2256/3124
f 5570/2254/3122 5678/2507/3391 5149/2258/3125
f 5079/2506/3390 5080/2503/3387 5679/2502/3386
f 5081/2508/3392 5082/2510/3371 5682/2509/3393
f 5681/2511/3394 5682/2509/3393 5148/2269/3395
f 5082/2510/3371 5083/2513/3369 5683/2512/3396
f 5683/2512/3396 5084/2514/3368 5574/2268/3136
f 5574/2268/3136 5576/2272/3141 5147/2273/3140
f 5084/2514/3368 5684/2515/3397 5574/2268/3136
f 5084/2514/3368 5085/2516/3361 5684/2515/3397
f 5574/2268/3136 5684/2515/3397 5576/2272/3141
f 5576/2272/3141 5684/2515/3397 5146/2277/3145
f 5685/2517/3398 5376/2518/3399 5146/2277/3145
f 5377/2519/3400 5088/2520/3356 5349/2285/3153
f 5086/2521/3363 5087/2522/3354 5088/2520/3356
f 5349/2285/3153 4970/2287/3155 5145/2284/3152
f 5088/2520/3356 5378/2523/3401 4970/2287/3155
f 5088/2520/3356 5089/2524/3402 5378/2523/3401
f 5378/2523/3401 5687/2525/3403 5144/2286/3154
f 5089/2524/3402 5688/2526/3404 5687/2525/3403
f 5687/2525/3403 5688/2526/3404 5143/2289/3405
f 5688/2526/3404 5660/2528/3406 5689/2527/3407
f 5688/2526/3404 5689/2527/3407 5581/2295/3408
f 5660/2528/3406 5090/2529/3347 5689/2527/3407
f 5689/2527/3407 5090/2529/3347 5690/2530/3409
f 4970/2287/3155 5378/2523/3401 5144/2286/3154
f 5580/2293/3410 5690/2530/3409 5578/2292/3162
f 5578/2292/3162 5690/2530/3409 5351/2531/3411
f 5690/2530/3409 5379/2532/3412 5351/2531/3411
f 5090/2529/3347 5371/2533/3340 5379/2532/3412
f 5089/2524/3402 5660/2528/3406 5688/2526/3404
f 5583/2534/3413 5691/2536/3414 5584/2535/3415
f 5587/2301/3169 5094/2538/3416 5095/2537/3417
f 5142/2303/3171 5095/2537/3417 5096/2539/3418
f 5582/2302/3172 5096/2539/3418 5352/2540/3419
f 5692/2317/3186 5652/2542/3420 5097/2541/3421
f 5591/2308/3176 5097/2541/3421 5693/2318/3422
f 5693/2318/3422 5098/2544/3423 5694/2543/3424
f 5592/2311/3425 5694/2543/3424 5595/2315/3426
f 5380/2545/3427 5646/2546/3428 5697/2331/3429
f 5696/2328/3197 5380/2545/3430 5697/2331/3199
f 5697/2331/3199 5646/2546/3431 5698/2547/3432
f 5697/2331/3199 5698/2547/3432 5699/2548/3433
f 5699/2548/3433 5644/2550/3434 5643/2549/3314
f 5600/2335/3205 5699/2548/3433 5381/2551/3435
f 5699/2548/3433 5643/2549/3314 5381/2551/3316
f 5637/2552/3436 5636/2554/3437 5700/2553/3438
f 5099/2555/3439 5638/2557/3440 5701/2556/3441
f 5701/2556/3441 5100/2558/3442 5141/2347/3443
f 5381/2551/3316 5637/2552/3436 5700/2553/3438
f 5600/2335/3205 5381/2551/3435 5607/2345/3444
f 5141/2347/3219 5702/2559/3445 5603/2346/3217
f 5702/2559/3446 5382/2560/3447 5355/2365/3448
f 5639/2561/3449 5366/2562/3450 5382/2560/3451
f 5029/2563/3452 5028/2565/3453 5703/2564/3454
f 5703/2564/3455 5102/2567/3456 5609/2566/3457
f 5102/2567/3301 5026/2569/3299 5704/2568/3458
f 5609/2566/3457 5704/2568/3459 5610/2352/3460
f 5704/2568/3461 5026/2569/3462 5634/2570/3463
f 5382/2560/3451 5029/2563/3452 5611/2355/3464
f 5611/2355/3230 5703/2564/3455 5608/2354/3228
f 5383/2571/3465 5103/2573/3297 5365/2572/3294
f 5704/2568/3466 5024/2574/2747 5103/2573/3297
f 5706/2575/3467 5104/2577/3293 5633/2576/3468
f 5706/2575/3467 5633/2576/3468 5632/2578/3469
f 5707/2376/3470 5632/2578/3469 5105/2579/3295
f 5616/2373/3251 5707/2376/3254 5708/2377/3252
f 5105/2579/3295 5106/2581/3290 5107/2580/3288
f 5708/2377/3252 5105/2579/3295 5709/2582/3471
f 5383/2571/3465 5365/2572/3294 5104/2577/3293
f 5356/2363/3472 5383/2571/3473 5706/2575/3474
f 5612/2368/3240 5706/2575/3474 5707/2376/3249
f 5710/2583/3475 5384/2584/3476 5138/2391/3269
f 5710/2583/3475 5108/2585/3285 5384/2584/3476
f 5384/2584/3476 5385/2586/3477 5137/2390/3268
f 5108/2585/3285 5362/2587/3283 5385/2586/3477
f 5711/2588/3478 5109/2590/3277 5712/2589/3479
f 5712/2589/3479 5109/2590/3277 5431/1816/2658
f 5136/1854/2703 5712/2589/3479 5432/1809/2651
f 5362/2587/3283 5628/2591/3275 5711/2588/3478
f 5715/2592/3480 5716/2004/2853 5133/2593/3270
f 5714/2594/2699 5715/2592/3480 5622/2595/2704
f 5387/2596/3481 5718/2598/3482 4969/2597/3262
f 5225/2013/2861 5226/2011/2860 5389/2599/3483
f 5225/2013/2861 5389/2599/3483 5131/2600/3256
f 5391/2014/2863 5720/2028/2877 5719/2601/3484
f 5720/2028/2877 5228/2603/3485 5721/2602/3242
f 5130/2604/3248 5229/2606/3486 5722/2605/3245
f 5230/2026/2874 5231/2024/2873 5723/2607/3241
f 5497/2015/2865 5720/2028/2877 5391/2014/2863
f 5390/2016/2864 5391/2014/2863 5719/2601/3484
f 5727/2608/3234 5237/2041/2892 5238/2037/2887
f 5234/2043/3487 5235/2610/3488 5726/2609/3226
f 5730/2611/3221 5241/2049/2899 5242/2046/2896
f 5128/2612/3213 5242/2046/2896 5731/2613/3211
f 5731/2613/3211 5243/2047/2898 5732/2614/3220
f 5733/2615/3208 5245/2053/2903 5734/2616/3489
f 4967/2617/3237 5393/2060/2910 5729/2618/3223
f 5732/2614/3220 5244/2619/3490 5245/2053/2903
f 5729/2618/3223 5240/2056/2906 5241/2049/2899
f 5735/2620/3202 5247/2065/2915 5736/2621/3491
f 5737/2622/3198 5249/2062/2912 5738/2623/3201
f 4966/2624/3492 5394/2072/2922 5247/2065/2915
f 5741/2625/3196 5253/2069/2919 4965/2626/3206
f 5739/2627/3493 5251/2629/3494 5252/2628/3495
f 5736/2621/3491 5248/2066/2917 5249/2062/2912
f 5742/2630/3190 5254/2073/2923 5743/2631/3189
f 5127/2632/3177 5258/2079/2929 5746/2633/3175
f 4965/2626/3206 4982/2070/2921 5254/2073/2923
f 5747/2634/3496 5260/2082/3497 5395/2635/3498
f 5745/2636/3188 5257/2637/3499 5258/2079/2929
f 5126/2638/3173 5261/2085/2934 5748/2639/3170
f 5748/2639/3170 5262/2083/2933 5749/2640/3168
f 5749/2640/3168 5263/2086/2936 5264/2641/3500
f 5124/2642/3501 5265/2644/3502 5750/2643/3503
f 5750/2643/3503 5514/2094/3504 5266/2088/2938
f 5751/2645/3165 5267/2105/2959 5268/2102/2955
f 5752/2646/3160 5268/2102/2955 5269/2647/3505
f 5121/2648/3157 5270/2100/2953 5271/2097/2950
f 4963/2649/3166 5396/2089/2940 5751/2645/3165
f 5753/2650/3151 5274/2109/2963 5119/2651/3149
f 5119/2651/3149 5274/2109/2963 5275/2106/2960
f 5119/2651/3149 5275/2106/2960 5118/2652/3146
f 5118/2652/3146 5275/2106/2960 4961/2653/3147
f 4962/2654/3506 5273/2112/2966 5753/2650/3151
f 4962/2654/3506 5753/2650/3151 5350/2655/3150
f 4961/2653/3147 5397/2107/2962 5276/2656/3507
f 5398/2657/3508 5399/2132/2986 5279/2658/3509
f 4959/2659/3138 5282/2661/3510 5400/2660/3511
f 5568/2662/3120 5283/2133/2987 5755/2663/3512
f 5112/2664/3118 5285/2665/3513 5286/2136/2990
f 5112/2664/3118 5286/2136/2990 5756/2666/3121
f 5756/2666/3121 5287/2137/2992 5757/2667/3127
f 5757/2667/3127 5288/2139/2994 5000/1808/2649
f 5755/2663/3512 5284/2134/2989 5285/2665/3513
f 5759/1998/3514 5760/2668/3515 5761/2003/2852
f 5760/2668/3515 5192/2669/3516 5761/2003/2852
f 5764/2670/3517 5192/2669/3516 5763/2671/3518
f 5004/2002/2850 5762/2672/3519 5764/2670/3517
f 5309/2001/2851 5004/2002/2850 5764/2670/3517
f 5766/2673/3520 5765/2675/3521 5193/2674/3522
f 5766/2673/3520 5193/2674/3522 5402/2676/3523
f 5307/2022/3524 5766/2673/3520 5402/2676/3523
f 5402/2676/3523 5193/2674/3522 5195/2677/3525
f 5401/2007/2856 5765/2675/3521 5766/2673/3520
f 5306/2018/3526 5402/2676/3523 5305/2019/2868
f 5195/2677/3525 5404/2678/3527 5305/2019/2868
f 5196/2223/3095 5197/2221/3528 5768/2036/2886
f 5197/2221/3528 5769/2225/3529 5768/2036/2886
f 5768/2036/2886 5769/2225/3529 5770/2034/3530
f 5769/2225/3529 5771/2044/3531 5770/2034/3530
f 5771/2044/3532 5556/2216/3533 5772/2679/3534
f 5771/2044/2895 5772/2679/3535 5234/2043/2893
f 5772/2679/3535 5557/2217/3536 5773/2680/3537
f 5237/2041/3538 5557/2217/3539 5199/2681/3540
f 5503/2039/3541 5199/2681/3540 5774/2682/3542
f 4978/1891/3543 5555/2215/3544 5771/2044/3532
f 5235/2610/3545 5773/2680/3537 5502/2042/3546
f 5502/2042/3546 5773/2680/3537 5237/2041/3538
f 5239/2038/2889 5774/2682/3542 5325/2061/2911
f 5774/2682/3547 5182/1904/3548 4977/1906/3549
f 5556/2216/3533 5471/1898/3550 5772/2679/3534
f 5505/2051/3551 5776/2683/3552 5777/2050/3553
f 5777/2050/3553 5776/2683/3552 5200/2211/3554
f 5303/2052/3555 5200/2211/3554 5506/2684/3556
f 5325/2061/3557 4977/1906/3549 5775/2057/3558
f 5326/2058/2909 5406/2685/3559 5510/2067/3560
f 5509/2071/3561 5202/2205/3562 5300/2075/3563
f 5780/2686/3564 5204/2194/3565 5781/2687/3566
f 5300/2075/3563 5780/2686/3567 5781/2687/3566
f 5206/2195/3063 5207/2192/3568 5299/2078/3569
f 5207/2192/3568 5547/2190/3570 5782/2688/3571
f 5512/2689/3572 5781/2687/3566 5299/2078/3569
f 5783/2081/3573 5408/2198/3066 5327/2080/3574
f 5786/2095/2947 5209/2182/3575 5787/2690/3576
f 5786/2095/2947 5787/2690/3576 5515/2691/3577
f 5788/2093/2946 5789/2692/3578 5297/2090/2941
f 5408/2198/3066 5544/2184/3052 5784/2693/3579
f 5544/2184/3052 5168/1947/3580 5785/2096/3581
f 5791/2091/2943 5210/2695/3582 5792/2694/3583
f 5792/2694/3583 5211/2178/3046 5212/2179/3045
f 5792/2694/3583 5212/2179/3045 5213/2181/3049
f 5296/2103/2956 5792/2694/3583 5328/2104/2958
f 5328/2104/2958 5213/2181/3049 5793/2696/3584
f 5328/2104/2958 5793/2696/3584 5410/2697/3585
f 5295/2113/2967 5328/2104/2958 5794/2698/3586
f 5794/2698/3586 5216/2169/3032 5795/2699/3587
f 5795/2699/3587 5216/2169/3032 5217/2175/3039
f 5328/2104/2958 5410/2697/3585 5794/2698/3586
f 5330/2122/2976 5795/2699/3587 5411/2121/2975
f 5411/2121/2975 5217/2175/3039 5796/2700/3588
f 5293/2118/2973 5796/2700/3588 5332/2131/2985
f 5797/2701/3589 5218/2702/3590 5220/2163/3020
f 5798/2703/3591 5220/2163/3020 5221/2161/3019
f 5332/2131/2985 5218/2702/3590 5797/2701/3589
f 5412/2704/3592 5221/2161/3019 5339/2164/3593
f 5799/2143/2999 5339/2164/3593 5800/2705/3594
f 5289/2141/2996 5799/2143/2999 5800/2705/3594
f 5800/2705/3594 5802/2153/3011 5801/2142/2998
f 5289/2141/2996 5800/2705/3594 5801/2142/2998
f 5801/2142/2998 5802/2153/3011 5222/2152/3009
f 5334/2129/2983 5412/2704/3592 5799/2143/2999
f 5528/2140/2997 5289/2141/2996 5801/2142/2998
f 5336/1804/2646 5222/2152/3009 5413/1805/2647
f 5222/2152/3009 5337/2147/3004 5413/1805/2647
f 5003/1782/2618 5417/1776/2611 5420/1781/2619
f 5419/1780/2617 5421/1789/2627 5422/1784/2636
f 5423/2706/3595 5422/1784/3596 5421/1789/3597
f 5423/2706/3595 5421/1789/3597 5424/2707/3598
f 5425/1783/2620 5422/1784/2622 5423/2706/3599
f 5425/1783/2620 5423/2706/3599 5424/2707/3600
f 5418/1777/3601 5416/1779/2626 5415/1788/2625
f 5417/1776/2611 5418/1777/2613 5420/1781/2619
f 5426/1786/2623 5425/1783/2620 5424/2707/3600
f 5415/1788/2625 5426/1786/2623 5414/1790/3602
f 5418/1777/3601 5415/1788/2625 5414/1790/3603
f 5424/2707/3598 5421/1789/3597 5414/1790/3604
f 5426/1786/2623 5424/2707/3600 5414/1790/3602
f 5416/1779/2626 4995/1791/2630 5426/1786/2623
f 5009/1795/2635 5003/1782/2618 5419/1780/2617
f 4987/1797/2639 5005/1785/2621 5425/1783/2620
f 4986/1787/2624 4987/1797/2639 5425/1783/2620
f 5427/1799/2641 4997/1800/2643 5429/1803/2645
f 5429/1803/2645 4997/1800/2643 4998/1792/2631
f 5429/1803/2645 5008/2708/3605 5428/1802/2644
f 5429/1803/2645 4998/1792/2631 5008/2708/3605
f 5337/2147/3004 4996/1801/2642 5413/1805/2647
f 5413/1805/2647 4996/1801/2642 5427/1799/2641
f 5336/1804/2646 5427/1799/2641 5428/1802/2644
f 4998/1792/2631 5007/1778/2615 5008/2708/3605
f 5001/1807/2650 5002/1861/2711 5430/2709/3109
f 5001/1807/2650 5430/2709/3109 5564/2710/3110
f 5461/2711/3606 5190/2712/3607 5460/2234/3107 5012/1870/2720
f 4958/2713/3115 5000/1808/2649 5111/1806/2648
f 5431/1816/2658 4988/1817/2660 5432/1809/2651
f 5432/1809/2651 4988/1817/2660 5433/1811/2652
f 4988/1817/2660 4989/1812/2654 5433/1811/2652
f 5433/1811/2652 4989/1812/2654 5134/1810/2653
f 4989/1812/2654 4991/1813/2656 5134/1810/2653
f 5006/1814/2655 5436/1835/2682 4991/1813/2656
f 5436/1835/2682 5435/1833/2683 5437/1832/3608
f 5438/1820/2663 5436/1835/2688 5437/1832/2680
f 5445/1825/2667 5443/1826/2669 5444/1829/2671
f 5437/1832/2675 5447/1830/2677 5434/1834/3609
f 5438/1820/2663 5437/1832/2680 5439/1819/2661
f 5439/1819/2661 5437/1832/2680 5440/1823/2665
f 5444/1829/2671 5442/1822/2664 5440/1823/2665
f 5434/1834/3610 5447/1830/2672 5446/1828/2674
f 5444/1829/2671 5440/1823/2665 5434/1834/2681
f 5446/1828/2670 5444/1829/2671 5434/1834/2681
f 4983/1836/2686 4984/2714/3272 5447/1830/2672
f 5435/1833/2684 4983/1836/2686 5447/1830/2672
f 4999/1837/2690 5441/1824/2666 5442/1822/2664
f 5443/1826/2678 4999/1837/2690 5442/1822/2664
f 4984/2714/3272 5456/1831/2673 5447/1830/2672
f 5448/1841/2692 5374/1845/2695 5077/1843/2694
f 5449/1842/2693 5075/1846/2640 4987/1840/2639
f 5449/1842/2693 5077/1843/2694 5076/1847/2697
f 4985/1867/2716 5322/1848/2698 5448/1841/2692
f 5622/1855/2704 5451/1852/2701 5714/1851/2699
f 5451/1852/2701 4991/1813/2687 5450/1850/2700
f 5713/1849/2662 5450/1850/2700 5438/2715/2663
f 5450/1850/2700 4991/2716/2687 5438/2715/2663
f 5136/1854/2703 5135/1815/2657 5451/1852/2701
f 5452/1858/2706 5010/1838/2709 5457/1857/2707
f 5457/1857/2707 5445/1860/2679 5456/2717/2673
f 5191/1859/2708 5760/2668/3515 5010/1838/2709
f 4981/2232/3106 5192/2669/3516 5191/1859/2708
f 5460/2234/3107 5452/1858/2706 5459/1856/2705
f 5003/2718/2618 5002/1861/2711 5453/2719/3611
f 5003/2718/2618 5453/2719/3611 5417/2720/2611
f 5000/1808/2649 5335/1862/2710 5001/1807/2650
f 5335/1862/2710 5453/2719/3611 5002/1861/2711
f 5453/2719/3611 5008/2708/2633 5417/2720/2611
f 5335/1862/2712 5428/1802/2713 5453/2719/3611
f 5428/1802/2713 5008/2708/2633 5453/2719/3611
f 4985/1867/2716 5150/1863/2714 5454/1866/2717
f 4985/1867/2716 5448/1841/2692 5150/1863/2714
f 5455/1864/2715 5448/1841/2692 4986/1839/2624
f 4984/2394/3272 5624/1869/2718 5456/2717/2673
f 5456/2717/2673 5624/1869/2718 5457/1857/2707
f 5457/1857/2707 5458/1868/2719 5459/1856/2705
f 5458/1868/2719 5011/1871/2721 5012/1870/2720
f 5012/1870/2720 5013/2405/3278 5461/2711/3606
f 5462/2721/3612 5345/2722/3613 5190/2712/3607 5461/2711/3606
f 5459/1856/2705 5012/1870/2720 5460/2234/3107
f 5014/2407/3280 5462/2721/3612 5461/2711/3606 5013/2405/3278
f 5015/1874/2723 5463/1872/2722 5462/2721/3612 5014/2407/3280
f 5463/1872/2722 4980/1880/2730 5345/2722/3613 5462/2721/3612
f 5016/1877/2726 5464/1881/2731 5463/1872/2722 5310/1873/2724
f 5464/1881/2731 5016/1877/2726 5465/1875/2725
f 5464/1881/2731 5465/1875/2725 5189/2227/3101
f 5189/2227/3101 5465/1875/2725 5188/2226/3099
f 5465/1875/2725 5017/1876/2727 5311/1879/2728
f 5465/1875/2725 4979/1878/2729 5188/2226/3099
f 5184/2218/3089 5185/1886/2737 5020/1887/2736 5021/1894/2744
f 5467/1884/2733 5468/1889/2738 5466/1883/2734
f 5186/2220/3091 5187/1888/2739 5468/1889/2738 5469/1885/2735
f 5021/1894/2744 5470/1890/2740 5184/2218/3089
f 5311/1879/2728 5466/1883/2734 4979/1878/2729
f 5469/1885/2735 5468/1889/2738 5018/2418/3291 5019/2419/3292
f 5469/1885/2735 5185/1886/2737 5186/2220/3091
f 5019/2419/3292 5020/1887/2736 5469/1885/2735
f 5468/1889/2738 5467/1884/2733 5364/2414/3287 5018/2418/3291
f 5467/1884/2733 5311/1879/2728 4957/1882/2732 5364/2414/3287
f 5025/1900/2749 5471/1898/2748 5183/1895/2745 5024/1896/2747
f 5473/1901/2751 5472/1899/2750 5026/2425/3299 5027/2428/3300
f 5028/1903/2752 5475/1905/2754 5474/1902/2753
f 5312/1892/2741 5023/1897/2746 5183/1895/2745
f 5475/1905/2754 5313/1907/2756 5182/1904/2755
f 5029/1908/2758 5313/1907/2756 5475/1905/2754
f 5027/2428/3300 5028/1903/2752 5473/1901/2751
f 4976/2214/3084 5179/1917/2768 5036/1918/2767 5314/2723/3614
f 5025/1900/2749 5026/2425/3299 5472/1899/2750
f 5030/1920/2769 5031/1909/2759 5476/1919/2770
f 5032/1911/2760 5033/1913/2762 5477/1910/2761
f 5033/1913/2762 5478/1914/2765 5181/1912/2763
f 5034/1915/2764 5035/1916/2766 5478/1914/2765
f 5313/1907/2756 5476/1919/2770 4977/1906/2757
f 5035/1916/2766 5179/1917/2768 5180/1921/2771
f 5178/2201/3069 4976/2214/3084 5314/2723/3614 5037/1932/2782
f 5037/1932/2782 5479/1922/2772 5178/2201/3069
f 5039/1924/2773 5480/1925/2775 5177/1923/2774
f 5175/2203/3070 5176/1926/2777 5041/1927/2776 5042/2724/3615
f 5174/2206/3074 5175/2203/3070 5042/2724/3615 5043/1928/2778
f 5172/2188/3056 5173/1943/2794 5045/1944/2793 5046/1934/2784
f 5043/1928/2778 4975/1929/2780 5174/2206/3074
f 5040/1931/2781 5041/1927/2776 5480/1925/2775
f 5038/1933/2783 5039/1924/2773 5479/1922/2772
f 5047/1936/2785 5048/1937/2787 5171/1935/2786
f 5049/1939/2788 5050/1941/2790 5481/1938/2789
f 5315/1930/2779 5044/1942/2792 4975/1929/2780
f 4974/2183/3051 5169/1940/2791 5050/1941/2790 5316/1952/2802
f 5046/1934/2784 5171/1935/2786 5172/2188/3056
f 5048/1937/2787 5481/1938/2789 5170/1945/2795
f 5164/2725/3616 5165/1955/2806 5055/1956/2805 5056/2458/3335
f 5051/1953/2803 5052/1948/2797 5482/1946/2796
f 5052/1948/2797 5053/1949/2799 5168/1947/2798
f 5054/1951/2800 5055/1956/2805 5166/1950/2801
f 5316/1952/2802 5482/1946/2796 4974/2183/3051
f 5053/1949/2799 5166/1950/2801 5167/1954/2804
f 5163/2185/3617 5164/2725/3616 5056/2458/3335 5057/2462/3338
f 4973/2187/3618 5163/2185/3617 5057/2462/3338 5317/2460/3337
f 5162/2180/3619 4973/2187/3618 5317/2460/3337 5058/1957/2807
f 5059/1959/2808 5060/1965/2814 5161/1958/2809
f 5658/2466/3344 5061/1962/2811 5483/1960/2810
f 5159/2176/3040 5160/1964/2815 5060/1965/2814 5483/1960/2810
f 5058/1957/2807 5161/1958/2809 5162/2180/3619
f 5062/1967/2818 5158/1971/2821 5342/2172/3034 5484/1963/2813
f 5659/1966/2816 5318/1968/2817 5484/1963/2813
f 5487/2155/3013 5486/2157/3015 5068/1984/2833 5069/2484/3364
f 5063/1970/2819 4972/1972/2823 5157/1969/2820
f 5064/1976/2826 5155/1975/2824 5319/1973/2822
f 5065/1977/2827 5154/1978/2829 5155/1975/2824
f 5066/1979/2828 5153/1980/2831 5154/1978/2829
f 5319/1973/2822 5156/1974/2825 4972/1972/2823
f 5320/1981/2830 5152/1985/2835 5153/1980/2831
f 5067/1982/2832 5485/1983/2834 5152/1985/2835
f 5068/1984/2833 5486/2157/3015 5485/1983/2834
f 4971/1987/2838 5487/2155/3013 5069/2484/3364 5070/1986/2836
f 5489/1989/2839 5488/2148/3005 5071/2495/3375 5072/2493/3374
f 5488/2148/3005 4971/1987/2838 5321/1988/2837 5071/2495/3375
f 5072/2493/3374 5073/1991/2840 5489/1989/2839
f 5073/1991/2840 5491/1992/2842 5490/1990/2841
f 5073/1991/2840 5074/1994/2843 5491/1992/2842
f 5323/2008/2857 5495/2009/2859 5717/2023/2871 5388/2726/3620
f 5074/1994/2843 5454/1866/2717 5151/1993/2844
f 5492/2000/2849 5223/1997/2846 5493/1995/2845
f 5493/1995/2845 5759/1998/2847 5761/2003/2852
f 4999/1996/2690 5758/2727/2689 5759/1998/2847
f 5441/2728/2666 4999/1996/2690 5223/1997/2846
f 5224/2006/2855 5494/2005/2854 5401/2007/2856
f 5388/2726/3620 5224/2006/2855 5323/2008/2857
f 5401/2007/2856 5308/2010/2858 5323/2008/2857
f 5499/2032/3621 5500/2030/2878 5229/2606/3486 5228/2603/3485
f 5717/2023/2871 5495/2009/2859 5307/2022/2872
f 5308/2010/2858 5307/2022/2872 5495/2009/2859
f 5390/2016/2864 5226/2011/2860 5497/2015/2865
f 5497/2015/2865 5498/2017/2866 5324/2020/2869
f 5226/2011/2860 5306/2018/2867 5305/2019/2868
f 5498/2017/2866 5305/2019/2868 5403/2021/2870
f 5496/2012/2862 5307/2022/2872 5306/2018/2867
f 5225/2013/2861 5717/2023/2871 5496/2012/2862
f 5228/2603/3485 5227/2027/2876 5499/2032/3621
f 5500/2030/2878 5501/2025/2875 5230/2026/2874 5229/2606/3486
f 5506/2684/3622 5244/2619/3490 5243/2047/2898 5303/2052/2902
f 5500/2030/2878 5499/2032/2882 5767/2029/2879
f 5232/2035/2884 5231/2024/2873 5770/2034/2885
f 5501/2025/2875 5767/2029/2879 5768/2036/2886
f 5499/2032/2882 5304/2031/2881 5767/2029/2879
f 5720/2028/2877 5497/2015/2865 5324/2020/2869
f 5237/2041/2892 5503/2039/2888 5238/2037/2887
f 5236/2040/2890 5235/2610/3488 5502/2042/2891
f 5239/2038/2889 5325/2061/2911 5393/2060/2910
f 5233/2045/2894 5770/2034/2885 5771/2044/2895
f 5241/2049/2899 5504/2048/2897 5242/2046/2896
f 5240/2056/2906 5505/2051/2900 5241/2049/2899
f 5241/2049/2899 5777/2050/2901 5504/2048/2897
f 5504/2048/2897 5303/2052/2902 5243/2047/2898
f 5507/2055/2904 5245/2053/2903 5244/2619/3490 5506/2684/3622
f 5299/2078/2927 5257/2637/3499 5256/2729/3623 5512/2689/3624
f 5507/2055/2904 5302/2059/2908 5246/2054/2905
f 5246/2054/2905 5326/2058/2909 5394/2072/2922
f 5325/2061/2911 5775/2057/2907 5240/2056/2906
f 5248/2066/2917 5508/2064/2913 5249/2062/2912
f 5251/2629/3494 5509/2071/2920 5252/2628/3495
f 5252/2628/3495 5509/2071/2920 5253/2069/2919
f 5510/2067/2916 5301/2068/2918 5248/2066/2917
f 5509/2071/2920 5300/2075/2924 4982/2070/2921
f 5394/2072/2922 5510/2067/2916 5247/2065/2915
f 5257/2637/3499 5299/2078/2927 5511/2076/2926
f 5300/2075/2924 5512/2689/3624 5255/2074/2925
f 5255/2074/2925 5512/2689/3624 5256/2729/3623
f 5782/2688/3625 5783/2081/2932 5260/2082/2931 5259/2077/2928
f 5259/2077/2928 5299/2078/2927 5782/2688/3625
f 5514/2094/3504 5265/2644/3502 5264/2641/3500 5515/2691/3626
f 5257/2637/3499 5511/2076/2926 5258/2079/2929
f 5260/2082/3497 5327/2080/3627 5395/2635/3498
f 4982/2070/2921 5300/2075/2924 5254/2073/2923
f 5262/2083/2933 5513/2084/2935 5298/2087/2937
f 5264/2641/3500 5263/2086/2936 5515/2691/3626
f 5513/2084/2935 5261/2085/2934 5395/2635/3498 5327/2080/3627
f 5514/2094/3504 5297/2090/2939 5266/2088/2938
f 5263/2086/2936 5298/2087/2937 5515/2691/3626
f 5515/2691/3577 5298/2087/2948 5786/2095/2947
f 5297/2090/3628 5791/2091/2943 5396/2089/3629
f 5514/2094/2945 5515/2691/3577 5788/2093/2946
f 5513/2084/2935 5327/2080/3627 5298/2087/2937
f 5328/2104/2958 5517/2099/2957 5516/2101/3630 5296/2103/2956
f 5268/2102/2955 5516/2101/2954 5269/2647/3505
f 5269/2647/3505 5516/2101/2954 5270/2100/2953
f 5267/2105/2959 5296/2103/2956 5268/2102/2955
f 5516/2101/2954 5517/2099/2951 5271/2097/2950
f 5794/2698/3586 5518/2108/3631 5519/2110/2964 5295/2113/2967
f 5396/2089/3629 5791/2091/2943 5267/2105/2959
f 5274/2109/2963 5518/2108/2961 5275/2106/2960
f 5273/2112/2966 5519/2110/2964 5274/2109/2963
f 5272/2098/2952 5295/2113/2967 5519/2110/2964
f 5330/2122/2976 5329/2111/2965 5518/2108/3631 5794/2698/3586
f 5521/2116/2969 5277/2114/2968 5276/2656/3507 5520/2117/2971
f 5331/2130/2984 5399/2132/2986 5278/2115/2970 5522/2120/2974
f 5521/2116/2969 5522/2120/2974 5278/2115/2970
f 5524/2126/2980 5280/2730/3632 5279/2658/3509 5523/2123/2977
f 5520/2117/2971 5293/2118/2973 5521/2116/2969
f 5293/2118/2973 5332/2131/2985 5522/2120/2974
f 5522/2120/2974 5332/2131/2985 5331/2130/2984
f 5329/2111/2965 5294/2119/2972 5520/2117/2971
f 5397/2107/2962 5520/2117/2971 5276/2656/3507
f 5525/2128/2982 5281/2731/3633 5280/2730/3632 5524/2126/2980
f 5333/2144/3000 5282/2661/3510 5281/2731/3633 5525/2128/2982
f 5526/2135/2988 5283/2133/2987 5400/2660/3511 5333/2144/3000
f 5523/2123/2977 5291/2124/2979 5524/2126/2980
f 5524/2126/2980 5290/2127/2981 5525/2128/2982
f 5525/2128/2982 5334/2129/2983 5333/2144/3000
f 5282/2661/3510 5333/2144/3000 5400/2660/3511
f 5331/2130/2984 5292/2125/2978 5523/2123/2977
f 5399/2132/2986 5523/2123/2977 5279/2658/3509
f 5284/2134/2989 5527/2138/2991 5285/2665/3513
f 5285/2665/3513 5527/2138/2991 5286/2136/2990
f 5527/2138/2991 5528/2140/2993 5287/2137/2992
f 5526/2135/2988 5289/2141/2996 5284/2134/3634
f 5284/2134/3634 5289/2141/2996 5527/2138/2995
f 5528/2140/2997 5336/1804/2646 5335/1862/2712
f 5288/2139/2994 5335/1862/2710 5000/1808/2649
f 5334/2129/2983 5799/2143/2999 5526/2135/2988
f 5533/2151/3008 5532/2150/3007 5490/1990/2841 5491/1992/2842
f 5150/1863/2714 5455/1864/2715 5530/2146/3002
f 5150/1863/2714 5530/2146/3002 5529/2145/3001
f 5529/2145/3001 5530/2146/3002 4996/1801/2642
f 5530/2146/3002 4998/1792/2632 4997/1800/3003
f 5454/1866/2717 5529/2145/3001 5337/2147/3004
f 5489/1989/2839 5490/1990/2841 5531/2149/3006
f 5488/2148/3005 5531/2149/3006 5338/2154/3012
f 5491/1992/2842 5151/1993/2844 5533/2151/3008
f 5800/2705/3594 5339/2164/3022 5338/2154/3012 5531/2149/3635
f 5339/2164/3022 5221/2161/3019 5535/2158/3016 5534/2156/3014
f 5531/2149/3635 5532/2150/3010 5800/2705/3594
f 5151/1993/2844 5337/2147/3004 5222/2152/3009
f 5487/2155/3013 5534/2156/3014 5535/2158/3016
f 5486/2157/3015 5535/2158/3016 5536/2159/3017
f 5152/1985/2835 5485/1983/2834 5340/2160/3018
f 5340/2160/3018 5537/2165/3023 5153/1980/2831 5152/1985/2835
f 5340/2160/3018 5536/2159/3017 5219/2162/3021
f 5221/2161/3019 5220/2163/3020 5536/2159/3017
f 4971/1987/2838 5338/2154/3012 5534/2156/3014
f 5154/1978/2829 5537/2165/3023 5538/2166/3024
f 5537/2165/3026 5219/2162/3021 5539/2167/3027
f 5156/1974/2825 5539/2167/3027 5341/2170/3029
f 4972/1972/2823 5156/1974/2825 5341/2170/3029
f 5539/2167/3636 5217/2175/3039 5341/2170/3038
f 5539/2167/3636 5219/2162/3021 5218/2702/3590
f 5341/2170/3029 5540/2168/3028 5157/1969/2820 4972/1972/2823
f 5210/2695/3582 5409/2186/3055 4973/2187/3054 5162/2180/3047
f 5540/2168/3028 5541/2171/3035 5158/1971/2821
f 5158/1971/2821 5541/2171/3035 5342/2172/3034
f 5541/2171/3637 5215/2174/3037 5214/2173/3036
f 5542/1961/2812 5543/2177/3041 5483/1960/2810
f 5159/2176/3043 5212/2179/3045 5160/1964/3044
f 5160/1964/3044 5211/2178/3046 5161/1958/3048
f 5342/2172/3034 5542/1961/2812 5484/1963/2813
f 5546/2193/3061 5343/2196/3064 4975/1929/2780 5044/1942/2792
f 5162/2180/3047 5211/2178/3046 5210/2695/3582
f 5214/2173/3036 5213/2181/3049 5159/2176/3043
f 5482/1946/2796 5168/1947/2798 5544/2184/3052
f 5166/1950/2801 5165/1955/2806 5209/2182/3050
f 4974/2183/3051 5544/2184/3052 5408/2198/3066
f 5171/1935/2786 5170/1945/2795 5545/2189/3057
f 5044/1942/2792 5173/1943/2794 5546/2193/3061
f 5481/1938/2789 5169/1940/2791 5547/2190/3058
f 5170/1945/2795 5547/2190/3058 5207/2192/3060
f 5173/1943/2794 5172/2188/3056 5204/2194/3062
f 5545/2189/3057 5207/2192/3060 5206/2195/3063
f 5407/2732/3638 5203/2202/3071 5175/2203/3070 5174/2206/3074
f 5172/2188/3056 5206/2195/3063 5205/2197/3065
f 5169/1940/2791 4974/2183/3051 5208/2191/3059
f 5177/1923/2774 5548/2204/3072 5550/2200/3068
f 5201/2212/3083 5200/2211/3080 5551/2207/3079 5180/1921/3082
f 5480/1925/2775 5176/1926/2777 5548/2204/3072
f 5479/1922/2772 5177/1923/2774 5549/2199/3067
f 4976/2214/3639 5178/2201/3640 5778/2213/3641
f 5178/2201/3640 5550/2200/3068 5778/2213/3641
f 5548/2204/3642 5203/2202/3643 5202/2205/3644
f 5174/2206/3074 5343/2196/3064 5407/2732/3638
f 5478/1914/2765 5180/1921/2771 5551/2207/3075
f 5477/1910/2761 5181/1912/2763 5552/2208/3076
f 5031/1909/2759 5552/2208/3076 5553/2209/3077
f 5181/1912/2763 5551/2207/3075 5554/2210/3078
f 5557/2217/3088 5473/1901/2751 5474/1902/2753 5199/2681/3645
f 5179/1917/2768 5778/2213/3085 5201/2212/3083
f 5183/1895/2745 5471/1898/2748 5556/2216/3087
f 5472/1899/2750 5473/1901/2751 5557/2217/3088
f 5405/2733/3646 5195/2677/3525 5561/2229/3647 5558/2222/3093
f 5182/1904/3548 5199/2681/3645 5474/1902/2753
f 5466/1883/2734 5187/1888/2739 5559/2224/3097
f 5466/1883/2734 5559/2224/3097 5558/2222/3096
f 5185/1886/2737 5184/2218/3089 5197/2221/3092
f 5187/1888/2739 5186/2220/3091 5559/2224/3097
f 5559/2224/3094 5197/2221/3528 5196/2223/3095
f 5184/2218/3089 5198/2219/3648 5769/2225/3098
f 5470/1890/2740 4978/1891/2742 5198/2219/3090
f 5188/2226/3099 4979/1878/2729 5560/2228/3100
f 5189/2227/3101 5344/2230/3103 5464/1881/2731
f 5560/2228/3100 5558/2222/3096 5561/2229/3102
f 5561/2229/3102 5194/2233/3105 5344/2230/3103
f 5464/1881/2731 5344/2230/3103 4980/1880/2730
f 5561/2229/3647 5195/2677/3525 5194/2233/3649
f 5346/2734/3650 5345/2722/3613 4980/1880/2730 5562/2231/3104
f 5563/2235/3108 5190/2712/3607 5345/2722/3613 5346/2734/3650
f 5562/2231/3104 4981/2232/3106 5346/2734/3650
f 5194/2233/3651 5193/2674/3522 4981/2232/3106
f 5190/2712/3607 5563/2235/3108 5460/2234/3107
f 5563/2235/3108 4981/2232/3106 5191/1859/2708
f 5346/2734/3650 4981/2232/3106 5563/2235/3108
f 5146/2277/3145 5349/2285/3153 5348/2279/3148 5577/2276/3144
f 5564/2239/3110 5565/2241/3113 5111/2245/2648
f 5430/2237/3109 4990/2238/2634 5673/2249/2638
f 5430/2237/3109 5673/2249/2638 4994/2240/3111
f 5564/2239/3110 4994/2240/3111 4993/2242/3112
f 5565/2241/3113 5347/2247/3116 4958/2246/3115
f 5756/2253/3121 5569/2252/3119 5112/2250/3118
f 5567/2260/3128 5570/2254/3122 5756/2253/3121
f 5569/2252/3119 5571/2257/3126 5568/2251/3120
f 5566/2255/3123 5570/2254/3122 5567/2260/3128
f 5570/2254/3122 5149/2258/3125 5569/2252/3119
f 4958/2246/3115 5566/2255/3123 5757/2259/3127
f 5112/2250/3118 5568/2251/3120 5755/2735/3512
f 5568/2251/3120 5571/2257/3126 4959/2270/3138
f 5347/2247/3116 5677/2256/3124 5566/2255/3123
f 4959/2270/3138 5572/2264/3131 5113/2262/3130
f 5114/2263/3132 5573/2267/3134 5115/2265/3133
f 5572/2264/3131 5574/2268/3136 5114/2263/3132
f 5573/2267/3134 5147/2273/3140 4960/2266/3135
f 5573/2267/3134 5574/2268/3136 5147/2273/3140
f 5571/2257/3126 5148/2269/3137 5572/2264/3131
f 5117/2274/3142 5575/2275/3143 5577/2276/3156
f 5116/2271/3139 5576/2272/3141 5117/2274/3142
f 5576/2272/3141 5146/2277/3145 5575/2275/3143
f 5144/2286/3154 5143/2289/3159 5120/2290/3158 5579/2298/3167
f 4960/2266/3135 5147/2273/3140 5116/2271/3139
f 5119/2281/3149 5348/2279/3148 5145/2284/3152
f 5119/2281/3149 5145/2284/3152 5350/2282/3150
f 5350/2282/3150 5145/2284/3152 4970/2287/3155
f 5143/2289/3159 5581/2295/3164 5122/2294/3163 5121/2288/3157
f 5122/2294/3163 5580/2293/3161 5752/2291/3160
f 5584/2535/3652 5750/2737/3503 5123/2736/3653 5583/2534/3654
f 5752/2291/3160 5578/2292/3162 5751/2296/3165
f 5578/2292/3162 5351/2531/3411 4963/2297/3166
f 4962/2738/3506 5350/2282/3150 5579/2298/3167
f 5748/2300/3170 5582/2302/3172 5126/2304/3173
f 5585/2739/3655 5124/2740/3501 5750/2737/3503 5584/2535/3652
f 5586/2741/3656 5125/2742/3657 5124/2740/3501 5585/2739/3655
f 5587/2301/3169 5749/2299/3168 5125/2742/3657 5586/2741/3656
f 5583/2534/3654 5123/2736/3653 4963/2297/3166 5351/2531/3411
f 5587/2301/3169 5142/2303/3171 5748/2300/3170
f 5582/2302/3172 5352/2540/3419 4964/2305/3174
f 5591/2308/3176 5746/2306/3175 5747/2743/3496 5590/2316/3185
f 5353/2337/3207 4965/2336/3206 5742/2321/3190 5593/2314/3184
f 5588/2312/3181 5592/2311/3179 5744/2309/3178
f 5589/2310/3180 5593/2314/3184 5742/2321/3190
f 5127/2307/3177 5594/2313/3182 5588/2312/3181
f 5592/2311/3179 5595/2315/3183 5589/2310/3180
f 5591/2308/3176 5693/2318/3187 5127/2307/3177
f 5127/2307/3177 5588/2312/3181 5745/2319/3188
f 5744/2309/3178 5589/2310/3180 5743/2320/3189
f 5692/2317/3186 5590/2316/3185 4964/2305/3174 5352/2540/3419
f 5600/2335/3203 5735/2333/3202 5736/2744/3491 5599/2330/3200
f 4964/2305/3174 5590/2316/3185 5747/2743/3496
f 5741/2327/3196 5598/2324/3192 5740/2322/3191
f 5737/2329/3198 5599/2330/3200 5736/2744/3491
f 5597/2325/3195 5738/2332/3201 5739/2745/3493 5596/2323/3193
f 5598/2324/3192 5601/2326/3194 5596/2323/3193
f 5597/2325/3195 5697/2331/3199 5737/2329/3198
f 5740/2322/3191 5596/2323/3193 5739/2745/3493
f 5605/2340/3209 5733/2338/3208 5734/2746/3489 5604/2344/3658
f 5735/2333/3202 5354/2334/3204 4966/2747/3492
f 5353/2337/3207 5696/2328/3197 5741/2327/3196
f 5355/2365/3238 4967/2364/3237 5729/2350/3223 5702/2559/3659
f 5602/2339/3210 5606/2343/3212 5731/2341/3211
f 5603/2346/3222 5702/2559/3659 5729/2350/3223
f 5606/2343/3660 5141/2347/3219 5128/2342/3218
f 5733/2338/3208 5602/2339/3210 5732/2348/3220
f 5128/2342/3213 5603/2346/3222 5730/2349/3221
f 5604/2344/3658 5734/2746/3489 4966/2747/3492 5354/2334/3204
f 5354/2334/3224 5607/2345/3215 5604/2344/3214
f 5610/2352/3227 5236/2353/2890 5727/2361/3234 5609/2566/3661
f 5608/2354/3228 5609/2566/3661 5727/2361/3234
f 5614/2370/3244 5618/2380/3258 5617/2381/3257 5719/2748/3484
f 5725/2357/3232 5705/2359/3233 5129/2362/3235
f 5610/2352/3227 5140/2358/3231 5726/2351/3226
f 5728/2356/3229 5608/2354/3228 5238/2360/2887
f 5129/2362/3235 5356/2363/3236 4968/2378/3255
f 5728/2356/3229 5355/2365/3238 5611/2355/3230
f 5130/2375/3248 5613/2371/3243 5721/2369/3242
f 5721/2369/3242 5614/2370/3244 5719/2748/3484
f 5723/2367/3241 5615/2374/3246 5722/2372/3245
f 5722/2372/3245 5616/2373/3247 5130/2375/3248
f 5612/2368/3240 5707/2376/3249 5723/2367/3241
f 5614/2370/3244 5708/2377/3252 5139/2384/3261
f 5613/2371/3250 5708/2377/3252 5614/2370/3244
f 4968/2378/3255 5612/2368/3240 5724/2366/3239
f 5131/2379/3256 5619/2382/3259 5357/2383/3260
f 5357/2383/3260 5139/2384/3261 5138/2391/3269
f 5619/2382/3259 5614/2370/3244 5139/2384/3261
f 5618/2380/3258 5614/2370/3244 5619/2382/3259
f 5620/2386/3263 5358/2389/3266 5133/2392/3270 5132/2749/3662
f 5132/2749/3662 4969/2385/3262 5620/2386/3263
f 5621/2387/3267 5138/2391/3269 5137/2390/3268
f 4969/2385/3262 5357/2383/3260 5621/2387/3264
f 5133/2392/3270 5358/2389/3266 5623/1853/2702
f 5623/1853/2702 5359/2388/3265 5136/1854/2703
f 5361/2406/3279 5014/2407/3280 5013/2405/3278 5627/2404/3276
f 4984/2394/3272 5625/2393/3271 5624/1869/2718
f 5625/2393/3271 4983/2395/2686 5626/2397/3273
f 5625/2393/3271 5110/2396/2659 5011/1871/2721
f 5626/2397/3273 5006/2398/2685 4989/2401/2654
f 5011/1871/2721 5360/2400/3274 5013/2405/3278
f 5360/2400/3274 5627/2404/3276 5013/2405/3278
f 5360/2400/3274 5109/2403/3277 5627/2404/3276
f 5633/2416/3289 5021/1894/2744 5020/1887/2736 5632/2422/3296
f 5361/2406/3279 5628/2402/3275 5362/2410/3283
f 5110/2396/2659 5109/2403/3277 5360/2400/3274
f 5015/1874/2723 5363/2408/3282 5310/1873/2724
f 5361/2406/3279 5629/2409/3281 5015/1874/2723
f 5629/2409/3281 5362/2410/3283 5108/2413/3285
f 5363/2408/3282 5629/2409/3281 5108/2413/3285
f 5016/1877/2726 5630/2411/3284 5017/1876/2727
f 5363/2408/3282 5631/2412/3286 5630/2411/3284
f 5631/2412/3286 5710/2750/3475 5107/2415/3288
f 5631/2412/3286 5108/2413/3285 5710/2750/3475
f 5310/1873/2724 5363/2408/3282 5016/1877/2726
f 5020/1887/2736 5019/2419/3292 5632/2422/3296
f 5103/2424/3297 5023/1897/2746 5312/1892/2741 5365/2420/3294
f 5364/2414/3287 5106/2417/3290 5018/2418/3291
f 5633/2416/3289 5104/2421/3293 5022/1893/2743
f 5022/1893/2743 5365/2420/3294 5312/1892/2741
f 5106/2417/3290 5105/2423/3295 5019/2419/3292
f 5024/1896/2747 5634/2426/3298 5025/1900/2749
f 5027/2428/3300 5026/2425/3299 5102/2427/3301
f 5313/1907/2756 5029/1908/2758 5366/2436/3309
f 5100/2434/3307 5638/2429/3302 5033/1913/2762 5032/1911/2760
f 5036/1918/2767 5636/2432/3305 5637/2751/3663
f 5032/1911/2760 5635/2430/3303 5100/2434/3307
f 5637/2751/3663 5367/2442/3664 5314/2723/3614 5036/1918/2767
f 5034/1915/2764 5638/2429/3302 5099/2433/3306
f 5635/2430/3303 5639/2431/3304 5101/2435/3308
f 5031/1909/2759 5030/1920/2769 5635/2430/3303
f 5035/1916/2766 5034/1915/2764 5636/2432/3305
f 5644/2752/3434 5645/2438/3311 5039/1924/2773 5038/1933/2783
f 5367/2442/3315 5637/2751/3436 5381/2441/3316
f 5030/1920/2769 5366/2436/3309 5639/2431/3304
f 5038/1933/2783 5643/2437/3310 5644/2752/3434
f 5646/2753/3665 5368/2440/3313 5642/2439/3312 5641/2754/3666
f 5641/2754/3666 5640/2755/3667 5646/2753/3665
f 5640/2755/3667 5641/2754/3666 5042/2724/3615 5041/1927/2776
f 5041/1927/2776 5040/1931/2781 5640/2755/3667
f 5641/2754/3666 5642/2439/3312 5043/1928/2778 5042/2724/3615
f 5698/2756/3432 5646/2753/3665 5640/2755/3667 5040/1931/3668
f 5367/2442/3664 5643/2437/3310 5037/1932/2782 5314/2723/3614
f 5040/1931/3668 5645/2438/3311 5698/2756/3432
f 5651/2446/3320 5652/2451/3669 5050/1941/2790 5049/1939/2788
f 5049/1939/2788 5650/2448/3321 5651/2446/3320
f 5647/2450/3323 5648/2445/3318 5045/1944/2793 5044/1942/2792
f 5648/2445/3318 5647/2450/3323 5653/2444/3319
f 5650/2448/3321 5047/1936/2785 5098/2447/3322
f 5047/1936/2785 5653/2444/3319 5098/2447/3322
f 5098/2447/3670 5097/2452/3326 5651/2446/3325
f 5044/1942/2792 5315/1930/2779 5647/2450/3323
f 5648/2445/3318 5649/2443/3317 5046/1934/2784 5045/1944/2793
f 5652/2451/3669 5369/2465/3343 5316/1952/2802 5050/1941/2790
f 5048/1937/2787 5047/1936/2785 5650/2448/3321
f 5092/2455/3331 5371/2463/3350 5370/2461/3339 5654/2459/3336
f 5647/2450/3671 5368/2440/3672 5380/2449/3427
f 5051/1953/2803 5655/2453/3334 5052/1948/2797
f 5654/2459/3336 5054/1951/3330 5092/2455/3331
f 5095/2457/3332 5655/2453/3328 5051/1953/3673 5096/2757/3674
f 5654/2459/3336 5370/2461/3339 5057/2462/3338 5056/2458/3335
f 5655/2453/3328 5094/2456/3333 5093/2454/3329
f 5053/1949/2799 5052/1948/2797 5655/2453/3334
f 5055/1956/2805 5054/1951/2800 5654/2459/3336
f 5370/2461/3339 5656/2470/3349 5058/1957/2807 5317/2460/3337
f 5369/2465/3675 5096/2757/3674 5051/1953/3673
f 5061/1962/2811 5658/2466/3344 5659/1966/2816
f 5657/2468/3345 5656/2470/3676 5090/2469/3347
f 5659/1966/2816 5660/2467/3406 5089/2758/3402
f 5659/1966/2816 5089/2758/3402 5372/2473/3353
f 5656/2470/3349 5657/2468/3348 5059/1959/2808 5058/1957/2807
f 5657/2468/3348 5658/2466/3344 5483/1960/2810 5060/1965/2814
f 5662/2472/3352 5373/2475/3355 5319/1973/2822 5063/1970/2819
f 5318/1968/2817 5659/1966/2816 5372/2473/3353
f 5372/2473/3353 5089/2758/3402 5088/2476/3356
f 5656/2470/3676 5371/2463/3340 5090/2469/3347
f 5062/1967/2818 5318/1968/2817 5661/2471/3351
f 5663/2481/3677 5664/2479/3678 5065/1977/2827 5064/1976/2826
f 5661/2471/3351 5372/2473/3353 5087/2474/3354
f 5373/2475/3355 5087/2474/3354 5086/2482/3363
f 5664/2479/3678 5665/2477/3357 5066/1979/2828 5065/1977/2827
f 5373/2475/3355 5663/2481/3677 5064/1976/2826 5319/1973/2822
f 5664/2479/3359 5663/2481/3679 5686/2478/3360
f 5665/2477/3358 5686/2478/3360 5085/2480/3361
f 5666/2487/3367 5667/2485/3366 5068/1984/2833 5067/1982/2832
f 5667/2485/3366 5668/2483/3365 5069/2484/3364 5068/1984/2833
f 5085/2480/3361 5084/2486/3368 5666/2487/3367 5320/1981/2830
f 5070/1986/2836 5668/2483/3365 5081/2489/3370
f 5667/2485/3366 5084/2486/3368 5083/2488/3369
f 5668/2483/3365 5083/2488/3369 5082/2490/3371
f 5079/2759/3680 5374/1845/2695 5322/1848/2698 5669/2491/3372
f 5067/1982/2832 5320/1981/2830 5666/2487/3367
f 5073/1991/2840 5072/2493/3374 5670/2492/3373
f 5071/2495/3375 5671/2496/3377 5672/2494/3376
f 5669/2491/3372 5670/2492/3373 5079/2759/3680
f 5670/2492/3681 5672/2494/3682 5080/2760/3683
f 5670/2492/3373 5080/2760/3684 5079/2759/3680
f 5672/2494/3682 5671/2496/3685 5080/2760/3683
f 5074/1994/2843 5073/1991/2840 5669/2491/3372
f 5676/2501/3383 5675/2499/3382 5077/2500/3381 5078/2761/3686
f 5071/2495/3375 5321/1988/2837 5671/2496/3377
f 5673/2249/2637 5075/2498/3379 5674/2248/3378
f 5076/2497/3380 5675/2499/3382 5674/2248/3378
f 5674/2248/3378 5675/2499/3382 4994/2240/3384
f 5347/2247/3385 5676/2501/3383 5078/2761/3686 5374/2505/3389
f 5676/2501/3383 4992/2243/3114 4993/2242/3112
f 5005/2762/2621 5075/2498/3379 5673/2249/2637
f 5574/2268/3136 5148/2269/3395 5682/2509/3393 5683/2512/3396
f 5079/2506/3390 5678/2507/3391 5677/2256/3124
f 5677/2256/3124 5678/2507/3391 5570/2254/3122
f 5079/2506/3390 5679/2502/3386 5678/2507/3391
f 5678/2507/3391 5679/2502/3386 5149/2258/3125
f 5679/2502/3386 5680/2261/3129 5149/2258/3125
f 5374/2505/3389 5677/2256/3124 5347/2247/3385
f 5671/2763/3685 5081/2508/3392 5375/2504/3388
f 5671/2763/3685 5375/2504/3388 5080/2503/3683
f 5081/2508/3392 5682/2509/3393 5681/2511/3394
f 5082/2510/3371 5683/2512/3396 5682/2509/3393
f 5148/2269/3395 5680/2261/3129 5375/2504/3388 5681/2511/3394
f 5083/2513/3369 5084/2514/3368 5683/2512/3396
f 5081/2508/3392 5681/2511/3394 5375/2504/3388
f 5092/2764/3687 5585/2739/3688 5584/2535/3415 5091/2765/3342
f 5085/2516/3361 5685/2517/3398 5684/2515/3397
f 5685/2517/3398 5146/2277/3145 5684/2515/3397
f 5686/2766/3689 5376/2518/3399 5685/2517/3398
f 5663/2767/3679 5377/2519/3400 5686/2766/3360
f 5686/2766/3689 5377/2519/3400 5376/2518/3399
f 5663/2767/3679 5086/2521/3363 5377/2519/3400
f 5085/2516/3361 5686/2766/3689 5685/2517/3398
f 5086/2521/3363 5088/2520/3356 5377/2519/3400
f 5088/2520/3356 4970/2287/3155 5349/2285/3153
f 5377/2519/3400 5349/2285/3153 5376/2518/3399
f 5376/2518/3399 5349/2285/3153 5146/2277/3145
f 5089/2524/3402 5687/2525/3403 5378/2523/3401
f 5687/2525/3403 5143/2289/3405 5144/2286/3154
f 5688/2526/3404 5581/2295/3408 5143/2289/3405
f 5689/2527/3407 5580/2293/3410 5581/2295/3408
f 5689/2527/3407 5690/2530/3409 5580/2293/3410
f 5090/2529/3347 5379/2532/3412 5690/2530/3409
f 5691/2536/3414 5091/2765/3342 5584/2535/3415
f 5093/2768/3690 5586/2741/3691 5585/2739/3688 5092/2764/3687
f 5094/2538/3416 5587/2301/3169 5586/2741/3691 5093/2768/3690
f 5691/2536/3414 5583/2534/3413 5351/2531/3411 5379/2532/3412
f 5587/2301/3169 5095/2537/3417 5142/2303/3171
f 5142/2303/3171 5096/2539/3418 5582/2302/3172
f 5371/2533/3340 5691/2536/3414 5379/2532/3412
f 5652/2542/3420 5692/2317/3186 5352/2540/3419 5369/2769/3692
f 5096/2539/3418 5369/2769/3692 5352/2540/3419
f 5371/2533/3340 5091/2765/3342 5691/2536/3414
f 5692/2317/3186 5097/2541/3421 5591/2308/3176
f 5097/2541/3421 5098/2544/3423 5693/2318/3422
f 5693/2318/3422 5694/2543/3424 5594/2313/3693
f 5098/2544/3423 5653/2770/3694 5694/2543/3424
f 5594/2313/3693 5694/2543/3424 5592/2311/3425
f 5653/2770/3694 5695/2771/3695 5694/2543/3424
f 5694/2543/3424 5695/2771/3695 5595/2315/3426
f 5653/2770/3694 5380/2545/3696 5695/2771/3695
f 5595/2315/3426 5695/2771/3695 5593/2314/3697
f 5380/2545/3430 5353/2337/3698 5593/2314/3697 5695/2771/3695
f 5701/2556/3441 5700/2553/3438 5636/2554/3437 5099/2555/3439
f 5696/2328/3197 5697/2331/3199 5601/2326/3194
f 5698/2547/3432 5644/2550/3434 5699/2548/3433
f 5697/2331/3199 5699/2548/3433 5600/2335/3205
f 5353/2337/3698 5380/2545/3430 5696/2328/3197
f 5601/2326/3194 5697/2331/3199 5597/2325/3195
f 5645/2772/3311 5644/2550/3434 5698/2547/3432
f 5368/2773/3672 5646/2546/3428 5380/2545/3427
f 5606/2343/3699 5607/2345/3444 5700/2553/3700 5701/2556/3441
f 5702/2559/3446 5141/2347/3443 5100/2558/3442 5101/2774/3701
f 5638/2557/3440 5100/2558/3442 5701/2556/3441
f 5701/2556/3441 5141/2347/3443 5606/2343/3699
f 5606/2343/3699 5602/2339/3702 5605/2340/3702 5607/2345/3444
f 5101/2774/3701 5639/2561/3703 5702/2559/3446
f 5381/2551/3435 5700/2553/3700 5607/2345/3444
f 5383/2571/3473 5705/2359/3704 5140/2358/3705 5704/2568/3459
f 5639/2561/3703 5382/2560/3447 5702/2559/3446
f 5029/2563/3452 5703/2564/3454 5611/2355/3464
f 5028/2565/3453 5102/2567/3706 5703/2564/3454
f 5102/2567/3456 5704/2568/3459 5609/2566/3457
f 5704/2568/3466 5103/2573/3297 5383/2571/3465
f 5138/2391/3269 5709/2582/3471 5107/2580/3288 5710/2583/3475
f 5366/2562/3450 5029/2563/3452 5382/2560/3451
f 5382/2560/3447 5611/2355/3707 5355/2365/3448
f 5703/2564/3455 5609/2566/3457 5608/2354/3228
f 5610/2352/3460 5704/2568/3459 5140/2358/3705
f 5705/2359/3704 5383/2571/3473 5356/2363/3472
f 5634/2570/3463 5024/2574/3708 5704/2568/3461
f 5706/2575/3467 5632/2578/3469 5707/2376/3470
f 5707/2376/3470 5105/2579/3295 5708/2377/3252
f 5105/2579/3295 5107/2580/3288 5709/2582/3471
f 5383/2571/3465 5104/2577/3293 5706/2575/3467
f 5356/2363/3472 5706/2575/3474 5612/2368/3240
f 5136/1854/2703 5137/2390/3268 5385/2586/3477 5711/2588/3478
f 5709/2582/3471 5138/2391/3269 5708/2377/3252
f 5138/2391/3269 5139/2384/3261 5708/2377/3252
f 5384/2584/3476 5137/2390/3268 5138/2391/3269
f 5108/2585/3285 5385/2586/3477 5384/2584/3476
f 5711/2588/3478 5712/2589/3479 5136/1854/2703
f 5712/2589/3479 5431/1816/2658 5432/1809/2651
f 5362/2587/3283 5711/2588/3478 5385/2586/3477
f 5132/2775/3662 5133/2593/3270 5716/2004/2853 5387/2596/3481
f 5136/1854/2703 5432/1809/2651 5135/1815/2657
f 5109/2590/3277 5110/1818/2659 5431/1816/2658
f 5628/2591/3275 5109/2590/3277 5711/2588/3478
f 5713/2776/2662 5223/1997/2846 5714/2594/2699
f 5223/1997/2846 5386/1999/2848 5714/2594/2699
f 5441/2728/2666 5223/1997/2846 5713/2776/2662
f 5386/1999/2848 5716/2004/2853 5715/2592/3480
f 5715/2592/3480 5133/2593/3270 5622/2595/2704
f 5386/1999/2848 5715/2592/3480 5714/2594/2699
f 5387/2596/3481 5716/2004/2853 5224/2006/2855 5388/2726/3620
f 5718/2598/3482 5387/2596/3481 5388/2726/3620 5717/2023/2871
f 5131/2600/3256 4969/2597/3262 5718/2598/3482 5225/2013/2861
f 5387/2596/3481 4969/2597/3262 5132/2775/3662
f 5389/2599/3483 5617/2777/3257 5131/2600/3256
f 5226/2011/2860 5390/2016/2864 5389/2599/3483
f 5717/2023/2871 5225/2013/2861 5718/2598/3482
f 5724/2778/3239 5723/2607/3241 5231/2024/2873 5232/2035/2884
f 5389/2599/3483 5719/2601/3484 5617/2777/3257
f 5720/2028/2877 5721/2602/3242 5719/2601/3484
f 5228/2603/3485 5229/2606/3486 5721/2602/3242
f 5721/2602/3242 5229/2606/3486 5130/2604/3248
f 5229/2606/3486 5230/2026/2874 5722/2605/3245
f 5230/2026/2874 5723/2607/3241 5722/2605/3245
f 4968/2779/3255 5724/2778/3239 5232/2035/2884 5392/2033/2883
f 5390/2016/2864 5719/2601/3484 5389/2599/3483
f 5725/2780/3232 5129/2781/3235 5233/2045/2894 5234/2043/3487
f 5227/2027/2876 5228/2603/3485 5720/2028/2877
f 5129/2781/3235 4968/2779/3255 5392/2033/2883 5233/2045/2894
f 5234/2043/3487 5726/2609/3226 5725/2780/3232
f 5238/2037/2887 5239/2038/2889 5728/2782/3229
f 5393/2060/2910 4967/2617/3237 5728/2782/3229 5239/2038/2889
f 5394/2072/2922 4966/2624/3492 5734/2616/3489 5246/2054/2905
f 5236/2040/2890 5237/2041/2892 5727/2608/3234
f 5235/2610/3488 5236/2040/2890 5726/2609/3226
f 5729/2618/3223 5241/2049/2899 5730/2611/3221
f 5730/2611/3221 5242/2046/2896 5128/2612/3213
f 5242/2046/2896 5243/2047/2898 5731/2613/3211
f 5732/2614/3220 5245/2053/2903 5733/2615/3208
f 5245/2053/2903 5246/2054/2905 5734/2616/3489
f 5393/2060/2910 5240/2056/2906 5729/2618/3223
f 5253/2069/2919 5741/2625/3196 5740/2783/3191 5252/2628/3495
f 5243/2047/2898 5244/2619/3490 5732/2614/3220
f 5736/2621/3491 5249/2062/2912 5737/2622/3198
f 5739/2627/3493 5252/2628/3495 5740/2783/3191
f 5251/2629/3494 5739/2627/3493 5738/2623/3201 5250/2063/2914
f 4966/2624/3492 5247/2065/2915 5735/2620/3202
f 5253/2069/2919 4982/2070/2921 4965/2626/3206
f 5260/2082/3497 5747/2634/3496 5746/2633/3175 5259/2077/2928
f 5249/2062/2912 5250/2063/2914 5738/2623/3201
f 5247/2065/2915 5248/2066/2917 5736/2621/3491
f 5745/2636/3188 5258/2079/2929 5127/2632/3177
f 5258/2079/2929 5259/2077/2928 5746/2633/3175
f 5257/2637/3499 5745/2636/3188 5744/2784/3178 5256/2729/3623
f 4965/2626/3206 5254/2073/2923 5742/2630/3190
f 5747/2634/3496 5395/2635/3498 4964/2785/3174
f 5256/2729/3623 5744/2784/3178 5743/2631/3189 5255/2074/2925
f 5265/2644/3502 5124/2642/3501 5125/2786/3657 5264/2641/3500
f 5254/2073/2923 5255/2074/2925 5743/2631/3189
f 5261/2085/2934 5262/2083/2933 5748/2639/3170
f 5262/2083/2933 5263/2086/2936 5749/2640/3168
f 5749/2640/3168 5264/2641/3500 5125/2786/3657
f 5261/2085/2934 5126/2638/3173 4964/2785/3174 5395/2635/3498
f 5750/2643/3503 5266/2088/2938 5123/2787/3653
f 5396/2089/2940 4963/2649/3166 5123/2787/3653 5266/2088/2938
f 5270/2100/2953 5121/2648/3157 5122/2788/3163 5269/2647/3505
f 5265/2644/3502 5514/2094/3504 5750/2643/3503
f 5751/2645/3165 5268/2102/2955 5752/2646/3160
f 5752/2646/3160 5269/2647/3505 5122/2788/3163
f 5277/2114/2968 5117/2790/3142 5577/2789/3156 5276/2656/3507
f 5121/2648/3157 5271/2097/2950 5120/2791/3158
f 5120/2791/3158 5271/2097/2950 5579/2792/3167
f 5271/2097/2950 5272/2098/2952 4962/2654/3506
f 5271/2097/2950 4962/2654/3506 5579/2792/3167
f 5396/2089/2940 5267/2105/2959 5751/2645/3165
f 5273/2112/2966 5274/2109/2963 5753/2650/3151
f 5275/2106/2960 5397/2107/2962 4961/2653/3147
f 5272/2098/2952 5273/2112/2966 4962/2654/3506
f 5754/2793/3709 5116/2794/3139 5117/2790/3142 5277/2114/2968
f 5277/2114/2968 5278/2115/2970 5754/2793/3709
f 5399/2132/2986 5398/2657/3508 5754/2793/3709 5278/2115/2970
f 5398/2657/3508 4960/2795/3135 5116/2794/3139 5754/2793/3709
f 5280/2730/3632 5114/2797/3132 5115/2796/3133 5279/2658/3509
f 4961/2653/3147 5276/2656/3507 5577/2789/3156
f 5281/2731/3633 5113/2798/3130 5114/2797/3132 5280/2730/3632
f 5282/2661/3510 4959/2659/3138 5113/2798/3130 5281/2731/3633
f 5279/2658/3509 5115/2796/3133 4960/2795/3135 5398/2657/3508
f 5283/2133/2987 5568/2662/3120 4959/2659/3138 5400/2660/3511
f 5755/2663/3512 5285/2665/3513 5112/2664/3118
f 5286/2136/2990 5287/2137/2992 5756/2666/3121
f 5765/2675/3521 5401/2007/2856 5309/2001/2851 5764/2670/3517
f 5757/2667/3127 5000/1808/2649 4958/2713/3115
f 5287/2137/2992 5288/2139/2994 5757/2667/3127
f 5283/2133/2987 5284/2134/2989 5755/2663/3512
f 5010/1838/2691 5760/2668/3515 5758/1827/2668
f 5758/1827/2668 5760/2668/3515 5759/1998/3514
f 5761/2003/2852 5192/2669/3516 5762/2672/3519
f 5761/2003/2852 5762/2672/3519 5004/2002/2850
f 5762/2672/3519 5192/2669/3516 5764/2670/3517
f 5191/1859/2708 5192/2669/3516 5760/2668/3515
f 5764/2670/3517 5763/2671/3518 5765/2675/3521
f 5767/2029/2879 5304/2031/2881 5405/2733/3646 5196/2223/3095
f 5192/2669/3516 4981/2232/3106 5763/2671/3518
f 5763/2671/3518 5193/2674/3522 5765/2675/3521
f 5763/2671/3518 4981/2232/3106 5193/2674/3522
f 5308/2010/2858 5766/2673/3520 5307/2022/3524
f 5193/2674/3710 5194/2233/3710 5195/2677/3710
f 5401/2007/2856 5766/2673/3520 5308/2010/2858
f 5307/2022/3524 5402/2676/3523 5306/2018/3526
f 5402/2676/3523 5195/2677/3525 5305/2019/2868
f 5404/2678/3527 5403/2021/2870 5305/2019/2868
f 5195/2677/3525 5405/2733/3646 5404/2678/3527
f 5771/2044/3532 5769/2225/3098 5198/2219/3648 4978/1891/3543
f 5196/2223/3095 5768/2036/2886 5767/2029/2879
f 5405/2733/3646 5304/2031/2881 5404/2678/3527
f 5404/2678/3527 5304/2031/2881 5403/2021/2870
f 5403/2021/2870 5304/2031/2881 5324/2020/2869
f 5553/2209/3711 5776/2683/3712 5775/2057/3558 5476/1919/3713
f 5558/2222/3093 5196/2223/3095 5405/2733/3646
f 5555/2215/3544 5556/2216/3533 5771/2044/3532
f 5772/2679/3535 5235/2610/3545 5234/2043/2893
f 5772/2679/3535 5773/2680/3537 5235/2610/3545
f 5773/2680/3537 5557/2217/3539 5237/2041/3538
f 5237/2041/3538 5199/2681/3540 5503/2039/3541
f 5199/2681/3645 5182/1904/3548 5774/2682/3547
f 5503/2039/3541 5774/2682/3542 5239/2038/2889
f 5774/2682/3547 4977/1906/3549 5325/2061/3557
f 5471/1898/2748 5557/2217/3088 5772/2679/3714
f 5201/2212/3715 5507/2055/3716 5506/2684/3556 5200/2211/3554
f 5775/2057/3717 5776/2683/3552 5505/2051/3551
f 5777/2050/3553 5200/2211/3554 5303/2052/3555
f 5406/2685/3559 5302/2059/2908 5507/2055/3716 5201/2212/3715
f 5554/2210/3081 5200/2211/3080 5776/2683/3712 5552/2208/3718
f 4977/1906/3549 5476/1919/3713 5775/2057/3558
f 5302/2059/2908 5406/2685/3559 5326/2058/2909
f 5201/2212/3715 5778/2213/3719 5406/2685/3559
f 5779/2799/3720 5508/2064/3721 5301/2068/3722 5778/2213/3719
f 5553/2209/3711 5552/2208/3718 5776/2683/3712
f 5510/2067/3560 5778/2213/3719 5301/2068/3722
f 5202/2205/3562 5251/2629/3723 5250/2063/3724 5779/2799/3720
f 5778/2213/3719 5202/2205/3725 5779/2799/3720
f 5203/2202/3643 5407/2732/3726 5202/2205/3644
f 5202/2205/3644 5407/2732/3726 5780/2686/3564
f 5406/2685/3559 5778/2213/3719 5510/2067/3560
f 5508/2064/3721 5779/2799/3720 5250/2063/3724
f 5783/2081/3573 5782/2688/3571 5547/2190/3570 5208/2191/3059
f 5251/2629/3723 5202/2205/3562 5509/2071/3561
f 5202/2205/3562 5780/2686/3567 5300/2075/3563
f 5550/2200/3068 5202/2205/3073 5778/2213/3641
f 5204/2194/3565 5205/2197/3065 5781/2687/3566
f 5205/2197/3065 5206/2195/3063 5781/2687/3566
f 5781/2687/3566 5206/2195/3063 5299/2078/3569
f 5207/2192/3568 5782/2688/3571 5299/2078/3569
f 5788/2093/2946 5787/2690/3576 5209/2182/3575 5165/1955/3727
f 5343/2196/3064 5204/2194/3062 5407/2732/3638
f 5407/2732/3726 5204/2194/3565 5780/2686/3564
f 5300/2075/3563 5781/2687/3566 5512/2689/3572
f 5208/2191/3059 5408/2198/3066 5783/2081/3573
f 5544/2184/3052 5785/2096/3581 5784/2693/3579
f 5784/2693/3579 5785/2096/2949 5298/2087/2948
f 5789/2692/3578 5788/2093/2946 5165/1955/3727 5164/2725/3728
f 5787/2690/3576 5788/2093/2946 5515/2691/3577
f 5790/2092/2942 5789/2692/3578 5164/2725/3728 5163/2185/3053
f 5298/2087/2948 5327/2080/3574 5408/2198/3066 5784/2693/3579
f 5789/2692/3578 5790/2092/2942 5297/2090/2941
f 5786/2095/2947 5785/2096/3581 5168/1947/3580 5167/1954/3729
f 5790/2092/2942 5409/2186/3055 5791/2091/2943
f 5163/2185/3053 5409/2186/3055 5790/2092/2942
f 5167/1954/3729 5209/2182/3575 5786/2095/2947
f 5215/2174/3037 5410/2697/3585 5793/2696/3584 5214/2173/3036
f 5210/2695/3582 5211/2178/3046 5792/2694/3583
f 5791/2091/2943 5792/2694/3583 5296/2103/2956
f 5792/2694/3583 5213/2181/3049 5328/2104/2958
f 5213/2181/3049 5214/2173/3036 5793/2696/3584
f 5798/2703/3591 5290/2127/3730 5291/2124/3731 5797/2701/3589
f 5409/2186/3055 5210/2695/3582 5791/2091/2943
f 5410/2697/3585 5216/2169/3032 5794/2698/3586
f 5794/2698/3586 5795/2699/3587 5330/2122/2976
f 5410/2697/3585 5215/2174/3037 5216/2169/3032
f 5795/2699/3587 5217/2175/3039 5411/2121/2975
f 5217/2175/3039 5218/2702/3590 5796/2700/3588
f 5411/2121/2975 5796/2700/3588 5293/2118/2973
f 5796/2700/3588 5218/2702/3590 5332/2131/2985
f 5330/2122/2976 5411/2121/2975 5294/2119/2972
f 5217/2175/3039 5539/2167/3636 5218/2702/3590
f 5009/2800/2635 5430/2709/3109 5002/1861/2711 5003/2718/2618
f 5292/2125/2978 5797/2701/3589 5291/2124/3731
f 5797/2701/3589 5220/2163/3020 5798/2703/3591
f 5412/2704/3592 5334/2129/2983 5290/2127/3730 5798/2703/3591
f 5798/2703/3591 5221/2161/3019 5412/2704/3592
f 5218/2702/3590 5219/2162/3021 5220/2163/3020
f 5332/2131/2985 5797/2701/3589 5292/2125/2978
f 5532/2150/3010 5802/2153/3011 5800/2705/3594
f 5801/2142/2998 5222/2152/3009 5336/1804/2646
f 5412/2704/3592 5339/2164/3593 5799/2143/2999
f 5533/2151/3008 5222/2152/3009 5802/2153/3011
usemtl 電球ライト
f 801/325/83 800/326/84 339/327/85 340/328/86
f 323/329/87 797/330/88 332/331/89 333/332/90
f 802/333/91 801/325/83 340/328/86 341/334/92
f 324/335/38 323/329/87 333/332/90 334/336/93
f 794/337/94 402/338/42 327/339/95
f 628/340/40 802/333/91 341/334/92
f 325/341/96 324/335/38 334/336/93 335/342/97
f 795/343/98 794/337/94 327/339/95 328/344/99
f 798/345/100 325/341/96 335/342/97 336/346/101
f 321/347/102 795/343/98 328/344/99 329/348/103
f 326/349/104 798/345/100 336/346/101 337/350/105
f 796/351/106 321/347/102 329/348/103 330/352/107
f 799/353/108 326/349/104 337/350/105 338/354/109
f 322/355/110 796/351/106 330/352/107 331/356/111
f 800/326/84 799/353/108 338/354/109 339/327/85
f 797/330/88 322/355/110 331/356/111 332/331/89
f 331/356/111 330/352/107 345/357/112 346/358/113
f 339/327/85 338/354/109 353/359/114 354/360/115
f 332/331/89 331/356/111 346/358/113 347/361/116
f 340/328/86 339/327/85 354/360/115 355/362/117
f 333/332/90 332/331/89 347/361/116 348/363/118
f 341/334/92 340/328/86 355/362/117 356/364/119
f 334/336/93 333/332/90 348/363/118 349/365/120
f 327/339/95 402/366/42 342/367/121
f 628/368/40 341/334/92 356/364/119
f 335/342/97 334/336/93 349/365/120 350/369/122
f 328/344/99 327/339/95 342/367/121 343/370/123
f 336/346/101 335/342/97 350/369/122 351/371/124
f 329/348/103 328/344/99 343/370/123 344/372/125
f 337/350/105 336/346/101 351/371/124 352/373/126
f 330/352/107 329/348/103 344/372/125 345/357/112
f 338/354/109 337/350/105 352/373/126 353/359/114
f 350/369/122 349/365/120 364/374/127 365/375/128
f 343/370/123 342/367/121 357/376/129 358/377/130
f 351/371/124 350/369/122 365/375/128 366/378/131
f 344/372/125 343/370/123 358/377/130 359/379/132
f 352/373/126 351/371/124 366/378/131 367/380/133
f 345/357/112 344/372/125 359/379/132 360/381/134
f 353/359/114 352/373/126 367/380/133 368/382/135
f 346/358/113 345/357/112 360/381/134 361/383/136
f 354/360/115 353/359/114 368/382/135 369/384/137
f 347/361/116 346/358/113 361/383/136 362/385/138
f 355/362/117 354/360/115 369/384/137 370/386/139
f 348/363/118 347/361/116 362/385/138 363/387/140
f 356/364/119 355/362/117 370/386/139 371/388/141
f 349/365/120 348/363/118 363/387/140 364/374/127
f 342/367/121 402/389/42 357/376/129
f 628/390/40 356/364/119 371/388/141
f 369/384/137 368/382/135 383/391/142 384/392/143
f 362/385/138 361/383/136 376/393/144 377/394/145
f 370/386/139 369/384/137 384/392/143 385/395/146
f 363/387/140 362/385/138 377/394/145 378/396/147
f 371/388/141 370/386/139 385/395/146 386/397/148
f 364/374/127 363/387/140 378/396/147 379/398/3
f 357/376/129 402/399/42 372/400/149
f 628/401/40 371/388/141 386/397/148
f 365/375/128 364/374/127 379/398/3 380/402/150
f 358/377/130 357/376/129 372/400/149 373/403/151
f 366/378/131 365/375/128 380/402/150 381/404/152
f 359/379/132 358/377/130 373/403/151 374/405/153
f 367/380/133 366/378/131 381/404/152 382/406/154
f 360/381/134 359/379/132 374/405/153 375/407/155
f 368/382/135 367/380/133 382/406/154 383/391/142
f 361/383/136 360/381/134 375/407/155 376/393/144
f 381/404/152 380/402/150 395/408/156 396/409/157
f 374/405/153 373/403/151 388/410/158 389/411/159
f 382/406/154 381/404/152 396/409/157 397/412/160
f 375/407/155 374/405/153 389/411/159 390/413/161
f 383/391/142 382/406/154 397/412/160 398/414/162
f 376/393/144 375/407/155 390/413/161 391/415/163
f 384/392/143 383/391/142 398/414/162 399/416/164
f 377/394/145 376/393/144 391/415/163 392/417/165
f 385/395/146 384/392/143 399/416/164 400/418/166
f 378/396/147 377/394/145 392/417/165 393/419/167
f 386/397/148 385/395/146 400/418/166 401/420/168
f 379/398/3 378/396/147 393/419/167 394/421/169
f 372/400/149 402/422/42 387/423/170
f 628/424/40 386/397/148 401/420/168
f 380/402/150 379/398/3 394/421/169 395/408/156
f 373/403/151 372/400/149 387/423/170 388/410/158
f 400/418/166 399/416/164 415/425/171 416/426/172
f 393/419/167 392/417/165 408/427/173 409/428/174
f 401/420/168 400/418/166 416/426/172 417/429/175
f 394/421/169 393/419/167 409/428/174 410/430/176
f 387/423/170 402/431/42 403/432/177
f 628/433/40 401/420/168 417/429/175
f 395/408/156 394/421/169 410/430/176 411/434/178
f 388/410/158 387/423/170 403/432/177 404/435/179
f 396/409/157 395/408/156 411/434/178 412/436/180
f 389/411/159 388/410/158 404/435/179 405/437/181
f 397/412/160 396/409/157 412/436/180 413/438/182
f 390/413/161 389/411/159 405/437/181 406/439/183
f 398/414/162 397/412/160 413/438/182 414/440/184
f 391/415/163 390/413/161 406/439/183 407/441/185
f 399/416/164 398/414/162 414/440/184 415/425/171
f 392/417/165 391/415/163 407/441/185 408/427/173
f 405/437/181 404/435/179 419/442/186 420/443/187
f 413/438/182 412/436/180 427/444/188 428/445/189
f 406/439/183 405/437/181 420/443/187 421/446/190
f 414/440/184 413/438/182 428/445/189 429/447/191
f 407/441/185 406/439/183 421/446/190 422/448/192
f 415/425/171 414/440/184 429/447/191 430/449/193
f 408/427/173 407/441/185 422/448/192 423/450/194
f 416/426/172 415/425/171 430/449/193 431/451/195
f 409/428/174 408/427/173 423/450/194 424/452/196
f 417/429/175 416/426/172 431/451/195 432/453/197
f 410/430/176 409/428/174 424/452/196 425/454/198
f 403/432/177 402/455/42 418/456/199
f 628/457/40 417/429/175 432/453/197
f 411/434/178 410/430/176 425/454/198 426/458/200
f 404/435/179 403/432/177 418/456/199 419/442/186
f 412/436/180 411/434/178 426/458/200 427/444/188
f 424/452/196 423/450/194 438/459/201 439/460/202
f 432/453/197 431/451/195 446/461/203 447/462/204
f 425/454/198 424/452/196 439/460/202 440/463/8
f 418/456/199 402/464/42 433/465/205
f 628/466/40 432/453/197 447/462/204
f 426/458/200 425/454/198 440/463/8 441/467/206
f 419/442/186 418/456/199 433/465/205 434/468/207
f 427/444/188 426/458/200 441/467/206 442/469/208
f 420/443/187 419/442/186 434/468/207 435/470/209
f 428/445/189 427/444/188 442/469/208 443/471/210
f 421/446/190 420/443/187 435/470/209 436/472/211
f 429/447/191 428/445/189 443/471/210 444/473/212
f 422/448/192 421/446/190 436/472/211 437/474/213
f 430/449/193 429/447/191 444/473/212 445/475/214
f 423/450/194 422/448/192 437/474/213 438/459/201
f 431/451/195 430/449/193 445/475/214 446/461/203
f 443/471/210 442/469/208 457/476/215 458/477/216
f 436/472/211 435/470/209 450/478/217 451/479/218
f 444/473/212 443/471/210 458/477/216 459/480/219
f 437/474/213 436/472/211 451/479/218 452/481/220
f 445/475/214 444/473/212 459/480/219 460/482/221
f 438/459/201 437/474/213 452/481/220 453/483/222
f 446/461/203 445/475/214 460/482/221 461/484/223
f 439/460/202 438/459/201 453/483/222 454/485/224
f 447/462/204 446/461/203 461/484/223 462/486/225
f 440/463/8 439/460/202 454/485/224 455/487/226
f 433/465/205 402/488/42 448/489/227
f 628/490/40 447/462/204 462/486/225
f 441/467/206 440/463/8 455/487/226 456/491/228
f 434/468/207 433/465/205 448/489/227 449/492/229
f 442/469/208 441/467/206 456/491/228 457/476/215
f 435/470/209 434/468/207 449/492/229 450/478/217
f 462/486/225 461/484/223 476/493/230 477/494/231
f 455/487/226 454/485/224 469/495/232 470/496/233
f 448/489/227 402/497/42 463/498/234
f 628/499/40 462/486/225 477/494/231
f 456/491/228 455/487/226 470/496/233 471/500/235
f 449/492/229 448/489/227 463/498/234 464/501/236
f 457/476/215 456/491/228 471/500/235 472/502/237
f 450/478/217 449/492/229 464/501/236 465/503/238
f 458/477/216 457/476/215 472/502/237 473/504/239
f 451/479/218 450/478/217 465/503/238 466/505/240
f 459/480/219 458/477/216 473/504/239 474/506/241
f 452/481/220 451/479/218 466/505/240 467/507/242
f 460/482/221 459/480/219 474/506/241 475/508/243
f 453/483/222 452/481/220 467/507/242 468/509/244
f 461/484/223 460/482/221 475/508/243 476/493/230
f 454/485/224 453/483/222 468/509/244 469/495/232
f 466/505/240 465/503/238 480/510/245 481/511/246
f 474/506/241 473/504/239 488/512/247 489/513/248
f 467/507/242 466/505/240 481/511/246 482/514/249
f 475/508/243 474/506/241 489/513/248 490/515/250
f 468/509/244 467/507/242 482/514/249 483/516/251
f 476/493/230 475/508/243 490/515/250 491/517/252
f 469/495/232 468/509/244 483/516/251 484/518/253
f 477/494/231 476/493/230 491/517/252 492/519/254
f 470/496/233 469/495/232 484/518/253 485/520/255
f 463/498/234 402/521/42 478/522/256
f 628/523/40 477/494/231 492/519/254
f 471/500/235 470/496/233 485/520/255 486/524/257
f 464/501/236 463/498/234 478/522/256 479/525/258
f 472/502/237 471/500/235 486/524/257 487/526/259
f 465/503/238 464/501/236 479/525/258 480/510/245
f 473/504/239 472/502/237 487/526/259 488/512/247
f 485/520/255 484/518/253 499/527/260 500/528/13
f 478/522/256 402/529/42 493/530/261
f 628/531/40 492/519/254 507/532/262
f 486/524/257 485/520/255 500/528/13 501/533/263
f 479/525/258 478/522/256 493/530/261 494/534/264
f 487/526/259 486/524/257 501/533/263 502/535/265
f 480/510/245 479/525/258 494/534/264 495/536/266
f 488/512/247 487/526/259 502/535/265 503/537/267
f 481/511/246 480/510/245 495/536/266 496/538/268
f 489/513/248 488/512/247 503/537/267 504/539/269
f 482/514/249 481/511/246 496/538/268 497/540/270
f 490/515/250 489/513/248 504/539/269 505/541/271
f 483/516/251 482/514/249 497/540/270 498/542/272
f 491/517/252 490/515/250 505/541/271 506/543/273
f 484/518/253 483/516/251 498/542/272 499/527/260
f 492/519/254 491/517/252 506/543/273 507/532/262
f 504/539/269 503/537/267 518/544/274 519/545/275
f 497/540/270 496/538/268 511/546/276 512/547/277
f 505/541/271 504/539/269 519/545/275 520/548/278
f 498/542/272 497/540/270 512/547/277 513/549/279
f 506/543/273 505/541/271 520/548/278 521/550/280
f 499/527/260 498/542/272 513/549/279 514/551/281
f 507/532/262 506/543/273 521/550/280 522/552/282
f 500/528/13 499/527/260 514/551/281 515/553/283
f 493/530/261 402/554/42 508/555/284
f 628/556/40 507/532/262 522/552/282
f 501/533/263 500/528/13 515/553/283 516/557/285
f 494/534/264 493/530/261 508/555/284 509/558/286
f 502/535/265 501/533/263 516/557/285 517/559/287
f 495/536/266 494/534/264 509/558/286 510/560/288
f 503/537/267 502/535/265 517/559/287 518/544/274
f 496/538/268 495/536/266 510/560/288 511/546/276
f 628/561/40 522/552/282 537/562/289
f 516/557/285 515/553/283 530/563/290 531/564/291
f 509/558/286 508/555/284 523/565/292 524/566/293
f 517/559/287 516/557/285 531/564/291 532/567/294
f 510/560/288 509/558/286 524/566/293 525/568/295
f 518/544/274 517/559/287 532/567/294 533/569/296
f 511/546/276 510/560/288 525/568/295 526/570/297
f 519/545/275 518/544/274 533/569/296 534/571/298
f 512/547/277 511/546/276 526/570/297 527/572/299
f 520/548/278 519/545/275 534/571/298 535/573/300
f 513/549/279 512/547/277 527/572/299 528/574/301
f 521/550/280 520/548/278 535/573/300 536/575/302
f 514/551/281 513/549/279 528/574/301 529/576/303
f 522/552/282 521/550/280 536/575/302 537/562/289
f 515/553/283 514/551/281 529/576/303 530/563/290
f 508/555/284 402/577/42 523/565/292
f 535/573/300 534/571/298 549/578/304 550/579/305
f 528/574/301 527/572/299 542/580/306 543/581/307
f 536/575/302 535/573/300 550/579/305 551/582/308
f 529/576/303 528/574/301 543/581/307 544/583/309
f 537/562/289 536/575/302 551/582/308 552/584/310
f 530/563/290 529/576/303 544/583/309 545/585/311
f 523/565/292 402/586/42 538/587/312
f 628/588/40 537/562/289 552/584/310
f 531/564/291 530/563/290 545/585/311 546/589/313
f 524/566/293 523/565/292 538/587/312 539/590/314
f 532/567/294 531/564/291 546/589/313 547/591/315
f 525/568/295 524/566/293 539/590/314 540/592/316
f 533/569/296 532/567/294 547/591/315 548/593/317
f 526/570/297 525/568/295 540/592/316 541/594/318
f 534/571/298 533/569/296 548/593/317 549/578/304
f 527/572/299 526/570/297 541/594/318 542/580/306
f 539/590/314 538/587/312 553/595/319 554/596/320
f 547/591/315 546/589/313 561/597/321 562/598/322
f 540/592/316 539/590/314 554/596/320 555/599/323
f 548/593/317 547/591/315 562/598/322 563/600/324
f 541/594/318 540/592/316 555/599/323 556/601/325
f 549/578/304 548/593/317 563/600/324 564/602/326
f 542/580/306 541/594/318 556/601/325 557/603/327
f 550/579/305 549/578/304 564/602/326 565/604/328
f 543/581/307 542/580/306 557/603/327 558/605/329
f 551/582/308 550/579/305 565/604/328 566/606/330
f 544/583/309 543/581/307 558/605/329 559/607/331
f 552/584/310 551/582/308 566/606/330 567/608/332
f 545/585/311 544/583/309 559/607/331 560/609/18
f 538/587/312 402/610/42 553/595/319
f 628/611/40 552/584/310 567/608/332
f 546/589/313 545/585/311 560/609/18 561/597/321
f 558/605/329 557/603/327 572/612/333 573/613/334
f 566/606/330 565/604/328 580/614/335 581/615/336
f 559/607/331 558/605/329 573/613/334 574/616/337
f 567/608/332 566/606/330 581/615/336 582/617/338
f 560/609/18 559/607/331 574/616/337 575/618/339
f 553/595/319 402/619/42 568/620/340
f 628/621/40 567/608/332 582/617/338
f 561/597/321 560/609/18 575/618/339 576/622/341
f 554/596/320 553/595/319 568/620/340 569/623/342
f 562/598/322 561/597/321 576/622/341 577/624/343
f 555/599/323 554/596/320 569/623/342 570/625/344
f 563/600/324 562/598/322 577/624/343 578/626/345
f 556/601/325 555/599/323 570/625/344 571/627/346
f 564/602/326 563/600/324 578/626/345 579/628/347
f 557/603/327 556/601/325 571/627/346 572/612/333
f 565/604/328 564/602/326 579/628/347 580/614/335
f 577/624/343 576/622/341 591/629/348 592/630/349
f 570/625/344 569/623/342 584/631/350 585/632/351
f 578/626/345 577/624/343 592/630/349 593/633/352
f 571/627/346 570/625/344 585/632/351 586/634/353
f 579/628/347 578/626/345 593/633/352 594/635/354
f 572/612/333 571/627/346 586/634/353 587/636/355
f 580/614/335 579/628/347 594/635/354 595/637/356
f 573/613/334 572/612/333 587/636/355 588/638/357
f 581/615/336 580/614/335 595/637/356 596/639/358
f 574/616/337 573/613/334 588/638/357 589/640/359
f 582/617/338 581/615/336 596/639/358 597/641/360
f 575/618/339 574/616/337 589/640/359 590/642/361
f 568/620/340 402/643/42 583/644/362
f 628/645/40 582/617/338 597/641/360
f 576/622/341 575/618/339 590/642/361 591/629/348
f 569/623/342 568/620/340 583/644/362 584/631/350
f 596/639/358 595/637/356 610/646/363 611/647/364
f 589/640/359 588/638/357 603/648/365 604/649/366
f 597/641/360 596/639/358 611/647/364 612/650/367
f 590/642/361 589/640/359 604/649/366 605/651/368
f 583/644/362 402/652/42 598/653/369
f 628/654/40 597/641/360 612/650/367
f 591/629/348 590/642/361 605/651/368 606/655/370
f 584/631/350 583/644/362 598/653/369 599/656/371
f 592/630/349 591/629/348 606/655/370 607/657/372
f 585/632/351 584/631/350 599/656/371 600/658/373
f 593/633/352 592/630/349 607/657/372 608/659/374
f 586/634/353 585/632/351 600/658/373 601/660/375
f 594/635/354 593/633/352 608/659/374 609/661/376
f 587/636/355 586/634/353 601/660/375 602/662/377
f 595/637/356 594/635/354 609/661/376 610/646/363
f 588/638/357 587/636/355 602/662/377 603/648/365
f 600/658/373 599/656/371 614/663/378 615/664/379
f 608/659/374 607/657/372 622/665/380 623/666/381
f 601/660/375 600/658/373 615/664/379 616/667/382
f 609/661/376 608/659/374 623/666/381 624/668/383
f 602/662/377 601/660/375 616/667/382 617/669/384
f 610/646/363 609/661/376 624/668/383 625/670/385
f 603/648/365 602/662/377 617/669/384 618/671/386
f 611/647/364 610/646/363 625/670/385 626/672/387
f 604/649/366 603/648/365 618/671/386 619/673/388
f 612/650/367 611/647/364 626/672/387 627/674/389
f 605/651/368 604/649/366 619/673/388 620/675/23
f 598/653/369 402/676/42 613/677/390
f 628/678/40 612/650/367 627/674/389
f 606/655/370 605/651/368 620/675/23 621/679/391
f 599/656/371 598/653/369 613/677/390 614/663/378
f 607/657/372 606/655/370 621/679/391 622/665/380
f 619/673/388 618/671/386 634/680/392 635/681/393
f 627/674/389 626/672/387 642/682/394 643/683/395
f 620/675/23 619/673/388 635/681/393 636/684/396
f 613/677/390 402/685/42 629/686/397
f 628/687/40 627/674/389 643/683/395
f 621/679/391 620/675/23 636/684/396 637/688/398
f 614/663/378 613/677/390 629/686/397 630/689/399
f 622/665/380 621/679/391 637/688/398 638/690/400
f 615/664/379 614/663/378 630/689/399 631/691/401
f 623/666/381 622/665/380 638/690/400 639/692/402
f 616/667/382 615/664/379 631/691/401 632/693/403
f 624/668/383 623/666/381 639/692/402 640/694/404
f 617/669/384 616/667/382 632/693/403 633/695/405
f 625/670/385 624/668/383 640/694/404 641/696/406
f 618/671/386 617/669/384 633/695/405 634/680/392
f 626/672/387 625/670/385 641/696/406 642/682/394
f 639/692/402 638/690/400 653/697/407 654/698/408
f 632/693/403 631/691/401 646/699/409 647/700/410
f 640/694/404 639/692/402 654/698/408 655/701/411
f 633/695/405 632/693/403 647/700/410 648/702/412
f 641/696/406 640/694/404 655/701/411 656/703/413
f 634/680/392 633/695/405 648/702/412 649/704/414
f 642/682/394 641/696/406 656/703/413 657/705/415
f 635/681/393 634/680/392 649/704/414 650/706/416
f 643/683/395 642/682/394 657/705/415 658/707/417
f 636/684/396 635/681/393 650/706/416 651/708/418
f 629/686/397 402/709/42 644/710/419
f 628/711/40 643/683/395 658/707/417
f 637/688/398 636/684/396 651/708/418 652/712/420
f 630/689/399 629/686/397 644/710/419 645/713/421
f 638/690/400 637/688/398 652/712/420 653/697/407
f 631/691/401 630/689/399 645/713/421 646/699/409
f 658/707/417 657/705/415 672/714/422 673/715/423
f 651/708/418 650/706/416 665/716/424 666/717/425
f 644/710/419 402/718/42 659/719/426
f 628/720/40 658/707/417 673/715/423
f 652/712/420 651/708/418 666/717/425 667/721/427
f 645/713/421 644/710/419 659/719/426 660/722/428
f 653/697/407 652/712/420 667/721/427 668/723/429
f 646/699/409 645/713/421 660/722/428 661/724/430
f 654/698/408 653/697/407 668/723/429 669/725/431
f 647/700/410 646/699/409 661/724/430 662/726/432
f 655/701/411 654/698/408 669/725/431 670/727/433
f 648/702/412 647/700/410 662/726/432 663/728/434
f 656/703/413 655/701/411 670/727/433 671/729/435
f 649/704/414 648/702/412 663/728/434 664/730/436
f 657/705/415 656/703/413 671/729/435 672/714/422
f 650/706/416 649/704/414 664/730/436 665/716/424
f 670/727/433 669/725/431 684/731/437 685/732/438
f 663/728/434 662/726/432 677/733/439 678/734/440
f 671/729/435 670/727/433 685/732/438 686/735/441
f 664/730/436 663/728/434 678/734/440 679/736/442
f 672/714/422 671/729/435 686/735/441 687/737/443
f 665/716/424 664/730/436 679/736/442 680/738/444
f 673/715/423 672/714/422 687/737/443 688/739/445
f 666/717/425 665/716/424 680/738/444 681/740/28
f 659/719/426 402/741/42 674/742/446
f 628/743/40 673/715/423 688/739/445
f 667/721/427 666/717/425 681/740/28 682/744/447
f 660/722/428 659/719/426 674/742/446 675/745/448
f 668/723/429 667/721/427 682/744/447 683/746/449
f 661/724/430 660/722/428 675/745/448 676/747/450
f 669/725/431 668/723/429 683/746/449 684/731/437
f 662/726/432 661/724/430 676/747/450 677/733/439
f 674/748/446 402/749/42 689/750/451
f 628/751/40 688/752/445 703/753/452
f 682/754/447 681/241/28 696/755/453 697/756/454
f 675/757/448 674/748/446 689/750/451 690/758/455
f 683/759/449 682/754/447 697/756/454 698/760/456
f 676/761/450 675/757/448 690/758/455 691/762/457
f 684/763/437 683/759/449 698/760/456 699/764/458
f 677/765/439 676/761/450 691/762/457 692/766/459
f 685/767/438 684/763/437 699/764/458 700/768/460
f 678/769/440 677/765/439 692/766/459 693/770/461
f 686/771/441 685/767/438 700/768/460 701/772/462
f 679/773/442 678/769/440 693/770/461 694/774/463
f 687/775/443 686/771/441 701/772/462 702/776/464
f 680/777/444 679/773/442 694/774/463 695/778/465
f 688/752/445 687/775/443 702/776/464 703/753/452
f 681/241/28 680/777/444 695/778/465 696/755/453
f 693/770/461 692/766/459 707/779/466 708/780/467
f 701/772/462 700/768/460 715/781/468 716/782/469
f 694/774/463 693/770/461 708/780/467 709/783/470
f 702/776/464 701/772/462 716/782/469 717/784/471
f 695/778/465 694/774/463 709/783/470 710/785/472
f 703/753/452 702/776/464 717/784/471 718/786/473
f 696/755/453 695/778/465 710/785/472 711/787/474
f 689/750/451 402/788/42 704/789/475
f 628/790/40 703/753/452 718/786/473
f 697/756/454 696/755/453 711/787/474 712/791/476
f 690/758/455 689/750/451 704/789/475 705/792/477
f 698/760/456 697/756/454 712/791/476 713/793/478
f 691/762/457 690/758/455 705/792/477 706/794/479
f 699/764/458 698/760/456 713/793/478 714/795/480
f 692/766/459 691/762/457 706/794/479 707/779/466
f 700/768/460 699/764/458 714/795/480 715/781/468
f 712/791/476 711/787/474 726/796/481 727/797/482
f 705/792/477 704/789/475 719/798/483 720/799/484
f 713/793/478 712/791/476 727/797/482 728/800/485
f 706/794/479 705/792/477 720/799/484 721/801/486
f 714/795/480 713/793/478 728/800/485 729/802/487
f 707/779/466 706/794/479 721/801/486 722/803/488
f 715/781/468 714/795/480 729/802/487 730/804/489
f 708/780/467 707/779/466 722/803/488 723/805/490
f 716/782/469 715/781/468 730/804/489 731/806/491
f 709/783/470 708/780/467 723/805/490 724/807/492
f 717/784/471 716/782/469 731/806/491 732/808/493
f 710/785/472 709/783/470 724/807/492 725/809/494
f 718/786/473 717/784/471 732/808/493 733/810/495
f 711/787/474 710/785/472 725/809/494 726/796/481
f 704/789/475 402/811/42 719/798/483
f 628/812/40 718/786/473 733/810/495
f 731/806/491 730/804/489 745/813/496 746/814/497
f 724/807/492 723/805/490 738/815/498 739/816/499
f 732/808/493 731/806/491 746/814/497 747/817/500
f 725/809/494 724/807/492 739/816/499 740/818/501
f 733/810/495 732/808/493 747/817/500 748/819/502
f 726/796/481 725/809/494 740/818/501 741/820/33
f 719/798/483 402/821/42 734/822/503
f 628/823/40 733/810/495 748/819/502
f 727/797/482 726/796/481 741/820/33 742/824/504
f 720/799/484 719/798/483 734/822/503 735/825/505
f 728/800/485 727/797/482 742/824/504 743/826/506
f 721/801/486 720/799/484 735/825/505 736/827/507
f 729/802/487 728/800/485 743/826/506 744/828/508
f 722/803/488 721/801/486 736/827/507 737/829/509
f 730/804/489 729/802/487 744/828/508 745/813/496
f 723/805/490 722/803/488 737/829/509 738/815/498
f 735/825/505 734/822/503 749/830/510 750/831/511
f 743/826/506 742/824/504 757/832/512 758/833/513
f 736/827/507 735/825/505 750/831/511 751/834/514
f 744/828/508 743/826/506 758/833/513 759/835/515
f 737/829/509 736/827/507 751/834/514 752/836/516
f 745/813/496 744/828/508 759/835/515 760/837/517
f 738/815/498 737/829/509 752/836/516 753/838/518
f 746/814/497 745/813/496 760/837/517 761/839/519
f 739/816/499 738/815/498 753/838/518 754/840/520
f 747/817/500 746/814/497 761/839/519 762/841/521
f 740/818/501 739/816/499 754/840/520 755/842/522
f 748/819/502 747/817/500 762/841/521 763/843/523
f 741/820/33 740/818/501 755/842/522 756/844/524
f 734/822/503 402/845/42 749/830/510
f 628/846/40 748/819/502 763/843/523
f 742/824/504 741/820/33 756/844/524 757/832/512
f 754/840/520 753/838/518 768/847/525 769/848/526
f 762/841/521 761/839/519 776/849/527 777/850/528
f 755/842/522 754/840/520 769/848/526 770/851/529
f 763/843/523 762/841/521 777/850/528 778/852/530
f 756/844/524 755/842/522 770/851/529 771/853/531
f 749/830/510 402/854/42 764/855/532
f 628/856/40 763/843/523 778/852/530
f 757/832/512 756/844/524 771/853/531 772/857/533
f 750/831/511 749/830/510 764/855/532 765/858/534
f 758/833/513 757/832/512 772/857/533 773/859/535
f 751/834/514 750/831/511 765/858/534 766/860/536
f 759/835/515 758/833/513 773/859/535 774/861/537
f 752/836/516 751/834/514 766/860/536 767/862/538
f 760/837/517 759/835/515 774/861/537 775/863/539
f 753/838/518 752/836/516 767/862/538 768/847/525
f 761/839/519 760/837/517 775/863/539 776/849/527
f 773/859/535 772/857/533 787/864/540 788/865/541
f 766/860/536 765/858/534 780/866/542 781/867/543
f 774/861/537 773/859/535 788/865/541 789/868/544
f 767/862/538 766/860/536 781/867/543 782/869/545
f 775/863/539 774/861/537 789/868/544 790/870/546
f 768/847/525 767/862/538 782/869/545 783/871/547
f 776/849/527 775/863/539 790/870/546 791/872/548
f 769/848/526 768/847/525 783/871/547 784/873/549
f 777/850/528 776/849/527 791/872/548 792/874/550
f 770/851/529 769/848/526 784/873/549 785/875/551
f 778/852/530 777/850/528 792/874/550 793/876/552
f 771/853/531 770/851/529 785/875/551 786/877/553
f 764/855/532 402/878/42 779/879/554
f 628/880/40 778/852/530 793/876/552
f 772/857/533 771/853/531 786/877/553 787/864/540
f 765/858/534 764/855/532 779/879/554 780/866/542
f 792/874/550 791/872/548 800/326/84 801/325/83
f 785/875/551 784/873/549 797/330/88 323/329/87
f 793/876/552 792/874/550 801/325/83 802/333/91
f 786/877/553 785/875/551 323/329/87 324/335/38
f 779/879/554 402/881/42 794/337/94
f 628/882/40 793/876/552 802/333/91
f 787/864/540 786/877/553 324/335/38 325/341/96
f 780/866/542 779/879/554 794/337/94 795/343/98
f 788/865/541 787/864/540 325/341/96 798/345/100
f 781/867/543 780/866/542 795/343/98 321/347/102
f 789/868/544 788/865/541 798/345/100 326/349/104
f 782/869/545 781/867/543 321/347/102 796/351/106
f 790/870/546 789/868/544 326/349/104 799/353/108
f 783/871/547 782/869/545 796/351/106 322/355/110
f 791/872/548 790/870/546 799/353/108 800/326/84
f 784/873/549 783/871/547 322/355/110 797/330/88
f 3932/325/83 3471/328/550 3470/327/548 3931/326/84
f 3454/329/87 3464/332/551 3463/331/549 3928/330/88
f 3933/333/91 3472/334/552 3471/328/550 3932/325/83
f 3455/335/38 3465/336/553 3464/332/551 3454/329/87
f 3925/337/94 3458/339/554 3533/338/42
f 3759/340/40 3472/334/552 3933/333/91
f 3456/341/96 3466/342/540 3465/336/553 3455/335/38
f 3926/343/98 3459/344/542 3458/339/554 3925/337/94
f 3929/345/100 3467/346/541 3466/342/540 3456/341/96
f 3452/347/102 3460/348/543 3459/344/542 3926/343/98
f 3457/349/104 3468/350/544 3467/346/541 3929/345/100
f 3927/351/106 3461/352/545 3460/348/543 3452/347/102
f 3930/353/108 3469/354/546 3468/350/544 3457/349/104
f 3453/355/110 3462/356/547 3461/352/545 3927/351/106
f 3931/326/84 3470/327/548 3469/354/546 3930/353/108
f 3928/330/88 3463/331/549 3462/356/547 3453/355/110
f 3462/356/547 3477/358/525 3476/357/538 3461/352/545
f 3470/327/548 3485/360/527 3484/359/539 3469/354/546
f 3463/331/549 3478/361/526 3477/358/525 3462/356/547
f 3471/328/550 3486/362/528 3485/360/527 3470/327/548
f 3464/332/551 3479/363/529 3478/361/526 3463/331/549
f 3472/334/552 3487/364/530 3486/362/528 3471/328/550
f 3465/336/553 3480/365/531 3479/363/529 3464/332/551
f 3458/339/554 3473/367/532 3533/366/42
f 3759/368/40 3487/364/530 3472/334/552
f 3466/342/540 3481/369/533 3480/365/531 3465/336/553
f 3459/344/542 3474/370/534 3473/367/532 3458/339/554
f 3467/346/541 3482/371/535 3481/369/533 3466/342/540
f 3460/348/543 3475/372/536 3474/370/534 3459/344/542
f 3468/350/544 3483/373/537 3482/371/535 3467/346/541
f 3461/352/545 3476/357/538 3475/372/536 3460/348/543
f 3469/354/546 3484/359/539 3483/373/537 3468/350/544
f 3481/369/533 3496/375/512 3495/374/524 3480/365/531
f 3474/370/534 3489/377/511 3488/376/510 3473/367/532
f 3482/371/535 3497/378/513 3496/375/512 3481/369/533
f 3475/372/536 3490/379/514 3489/377/511 3474/370/534
f 3483/373/537 3498/380/515 3497/378/513 3482/371/535
f 3476/357/538 3491/381/516 3490/379/514 3475/372/536
f 3484/359/539 3499/382/517 3498/380/515 3483/373/537
f 3477/358/525 3492/383/518 3491/381/516 3476/357/538
f 3485/360/527 3500/384/519 3499/382/517 3484/359/539
f 3478/361/526 3493/385/520 3492/383/518 3477/358/525
f 3486/362/528 3501/386/521 3500/384/519 3485/360/527
f 3479/363/529 3494/387/522 3493/385/520 3478/361/526
f 3487/364/530 3502/388/523 3501/386/521 3486/362/528
f 3480/365/531 3495/374/524 3494/387/522 3479/363/529
f 3473/367/532 3488/376/510 3533/389/42
f 3759/390/40 3502/388/523 3487/364/530
f 3500/384/519 3515/392/497 3514/391/496 3499/382/517
f 3493/385/520 3508/394/499 3507/393/498 3492/383/518
f 3501/386/521 3516/395/500 3515/392/497 3500/384/519
f 3494/387/522 3509/396/501 3508/394/499 3493/385/520
f 3502/388/523 3517/397/502 3516/395/500 3501/386/521
f 3495/374/524 3510/398/33 3509/396/501 3494/387/522
f 3488/376/510 3503/400/503 3533/399/42
f 3759/401/40 3517/397/502 3502/388/523
f 3496/375/512 3511/402/504 3510/398/33 3495/374/524
f 3489/377/511 3504/403/505 3503/400/503 3488/376/510
f 3497/378/513 3512/404/506 3511/402/504 3496/375/512
f 3490/379/514 3505/405/507 3504/403/505 3489/377/511
f 3498/380/515 3513/406/508 3512/404/506 3497/378/513
f 3491/381/516 3506/407/509 3505/405/507 3490/379/514
f 3499/382/517 3514/391/496 3513/406/508 3498/380/515
f 3492/383/518 3507/393/498 3506/407/509 3491/381/516
f 3512/404/506 3527/409/2527 3526/408/482 3511/402/504
f 3505/405/507 3520/411/486 3519/410/484 3504/403/505
f 3513/406/508 3528/412/487 3527/409/2527 3512/404/506
f 3506/407/509 3521/413/488 3520/411/486 3505/405/507
f 3514/391/496 3529/414/489 3528/412/487 3513/406/508
f 3507/393/498 3522/415/490 3521/413/488 3506/407/509
f 3515/392/497 3530/416/491 3529/414/489 3514/391/496
f 3508/394/499 3523/417/492 3522/415/490 3507/393/498
f 3516/395/500 3531/418/493 3530/416/491 3515/392/497
f 3509/396/501 3524/419/494 3523/417/492 3508/394/499
f 3517/397/502 3532/420/495 3531/418/493 3516/395/500
f 3510/398/33 3525/421/481 3524/419/494 3509/396/501
f 3503/400/503 3518/423/483 3533/422/42
f 3759/424/40 3532/420/495 3517/397/502
f 3511/402/504 3526/408/482 3525/421/481 3510/398/33
f 3504/403/505 3519/410/484 3518/423/483 3503/400/503
f 3531/418/493 3547/426/471 3546/425/469 3530/416/491
f 3524/419/494 3540/428/472 3539/427/470 3523/417/492
f 3532/420/495 3548/429/473 3547/426/471 3531/418/493
f 3525/421/481 3541/430/474 3540/428/472 3524/419/494
f 3518/423/483 3534/432/475 3533/431/42
f 3759/433/40 3548/429/473 3532/420/495
f 3526/408/482 3542/434/476 3541/430/474 3525/421/481
f 3519/410/484 3535/435/477 3534/432/475 3518/423/483
f 3527/409/2527 3543/436/478 3542/434/476 3526/408/482
f 3520/411/486 3536/437/479 3535/435/477 3519/410/484
f 3528/412/487 3544/438/480 3543/436/478 3527/409/2527
f 3521/413/488 3537/439/466 3536/437/479 3520/411/486
f 3529/414/489 3545/440/468 3544/438/480 3528/412/487
f 3522/415/490 3538/441/467 3537/439/466 3521/413/488
f 3530/416/491 3546/425/469 3545/440/468 3529/414/489
f 3523/417/492 3539/427/470 3538/441/467 3522/415/490
f 3536/437/479 3551/443/457 3550/442/455 3535/435/477
f 3544/438/480 3559/445/458 3558/444/456 3543/436/478
f 3537/439/466 3552/446/459 3551/443/457 3536/437/479
f 3545/440/468 3560/447/460 3559/445/458 3544/438/480
f 3538/441/467 3553/448/461 3552/446/459 3537/439/466
f 3546/425/469 3561/449/462 3560/447/460 3545/440/468
f 3539/427/470 3554/450/463 3553/448/461 3538/441/467
f 3547/426/471 3562/451/464 3561/449/462 3546/425/469
f 3540/428/472 3555/452/465 3554/450/463 3539/427/470
f 3548/429/473 3563/453/452 3562/451/464 3547/426/471
f 3541/430/474 3556/454/453 3555/452/465 3540/428/472
f 3534/432/475 3549/456/451 3533/455/42
f 3759/457/40 3563/453/452 3548/429/473
f 3542/434/476 3557/458/454 3556/454/453 3541/430/474
f 3535/435/477 3550/442/455 3549/456/451 3534/432/475
f 3543/436/478 3558/444/456 3557/458/454 3542/434/476
f 3555/452/465 3570/460/444 3569/459/442 3554/450/463
f 3563/453/452 3578/462/445 3577/461/443 3562/451/464
f 3556/454/453 3571/463/28 3570/460/444 3555/452/465
f 3549/456/451 3564/465/446 3533/464/42
f 3759/466/40 3578/462/445 3563/453/452
f 3557/458/454 3572/467/447 3571/463/28 3556/454/453
f 3550/442/455 3565/468/448 3564/465/446 3549/456/451
f 3558/444/456 3573/469/449 3572/467/447 3557/458/454
f 3551/443/457 3566/470/450 3565/468/448 3550/442/455
f 3559/445/458 3574/471/437 3573/469/449 3558/444/456
f 3552/446/459 3567/472/439 3566/470/450 3551/443/457
f 3560/447/460 3575/473/438 3574/471/437 3559/445/458
f 3553/448/461 3568/474/440 3567/472/439 3552/446/459
f 3561/449/462 3576/475/441 3575/473/438 3560/447/460
f 3554/450/463 3569/459/442 3568/474/440 3553/448/461
f 3562/451/464 3577/461/443 3576/475/441 3561/449/462
f 3574/471/437 3589/477/2528 3588/476/429 3573/469/449
f 3567/472/439 3582/479/432 3581/478/430 3566/470/450
f 3575/473/438 3590/480/433 3589/477/2528 3574/471/437
f 3568/474/440 3583/481/434 3582/479/432 3567/472/439
f 3576/475/441 3591/482/435 3590/480/433 3575/473/438
f 3569/459/442 3584/483/436 3583/481/434 3568/474/440
f 3577/461/443 3592/484/422 3591/482/435 3576/475/441
f 3570/460/444 3585/485/424 3584/483/436 3569/459/442
f 3578/462/445 3593/486/423 3592/484/422 3577/461/443
f 3571/463/28 3586/487/425 3585/485/424 3570/460/444
f 3564/465/446 3579/489/426 3533/488/42
f 3759/490/40 3593/486/423 3578/462/445
f 3572/467/447 3587/491/427 3586/487/425 3571/463/28
f 3565/468/448 3580/492/428 3579/489/426 3564/465/446
f 3573/469/449 3588/476/429 3587/491/427 3572/467/447
f 3566/470/450 3581/478/430 3580/492/428 3565/468/448
f 3593/486/423 3608/494/417 3607/493/415 3592/484/422
f 3586/487/425 3601/496/418 3600/495/416 3585/485/424
f 3579/489/426 3594/498/419 3533/497/42
f 3759/499/40 3608/494/417 3593/486/423
f 3587/491/427 3602/500/420 3601/496/418 3586/487/425
f 3580/492/428 3595/501/421 3594/498/419 3579/489/426
f 3588/476/429 3603/502/407 3602/500/420 3587/491/427
f 3581/478/430 3596/503/409 3595/501/421 3580/492/428
f 3589/477/2528 3604/504/408 3603/502/407 3588/476/429
f 3582/479/432 3597/505/410 3596/503/409 3581/478/430
f 3590/480/433 3605/506/411 3604/504/408 3589/477/2528
f 3583/481/434 3598/507/412 3597/505/410 3582/479/432
f 3591/482/435 3606/508/413 3605/506/411 3590/480/433
f 3584/483/436 3599/509/414 3598/507/412 3583/481/434
f 3592/484/422 3607/493/415 3606/508/413 3591/482/435
f 3585/485/424 3600/495/416 3599/509/414 3584/483/436
f 3597/505/410 3612/511/403 3611/510/401 3596/503/409
f 3605/506/411 3620/513/404 3619/512/402 3604/504/408
f 3598/507/412 3613/514/405 3612/511/403 3597/505/410
f 3606/508/413 3621/515/406 3620/513/404 3605/506/411
f 3599/509/414 3614/516/2529 3613/514/405 3598/507/412
f 3607/493/415 3622/517/394 3621/515/406 3606/508/413
f 3600/495/416 3615/518/393 3614/516/2529 3599/509/414
f 3608/494/417 3623/519/395 3622/517/394 3607/493/415
f 3601/496/418 3616/520/396 3615/518/393 3600/495/416
f 3594/498/419 3609/522/397 3533/521/42
f 3759/523/40 3623/519/395 3608/494/417
f 3602/500/420 3617/524/398 3616/520/396 3601/496/418
f 3595/501/421 3610/525/399 3609/522/397 3594/498/419
f 3603/502/407 3618/526/2530 3617/524/398 3602/500/420
f 3596/503/409 3611/510/401 3610/525/399 3595/501/421
f 3604/504/408 3619/512/402 3618/526/2530 3603/502/407
f 3616/520/396 3631/528/23 3630/527/388 3615/518/393
f 3609/522/397 3624/530/390 3533/529/42
f 3759/531/40 3638/532/389 3623/519/395
f 3617/524/398 3632/533/391 3631/528/23 3616/520/396
f 3610/525/399 3625/534/378 3624/530/390 3609/522/397
f 3618/526/2530 3633/535/380 3632/533/391 3617/524/398
f 3611/510/401 3626/536/379 3625/534/378 3610/525/399
f 3619/512/402 3634/537/381 3633/535/380 3618/526/2530
f 3612/511/403 3627/538/382 3626/536/379 3611/510/401
f 3620/513/404 3635/539/383 3634/537/381 3619/512/402
f 3613/514/405 3628/540/384 3627/538/382 3612/511/403
f 3621/515/406 3636/541/385 3635/539/383 3620/513/404
f 3614/516/2529 3629/542/386 3628/540/384 3613/514/405
f 3622/517/394 3637/543/387 3636/541/385 3621/515/406
f 3615/518/393 3630/527/388 3629/542/386 3614/516/2529
f 3623/519/395 3638/532/389 3637/543/387 3622/517/394
f 3635/539/383 3650/545/376 3649/544/374 3634/537/381
f 3628/540/384 3643/547/377 3642/546/375 3627/538/382
f 3636/541/385 3651/548/363 3650/545/376 3635/539/383
f 3629/542/386 3644/549/365 3643/547/377 3628/540/384
f 3637/543/387 3652/550/364 3651/548/363 3636/541/385
f 3630/527/388 3645/551/366 3644/549/365 3629/542/386
f 3638/532/389 3653/552/367 3652/550/364 3637/543/387
f 3631/528/23 3646/553/368 3645/551/366 3630/527/388
f 3624/530/390 3639/555/369 3533/554/42
f 3759/556/40 3653/552/367 3638/532/389
f 3632/533/391 3647/557/370 3646/553/368 3631/528/23
f 3625/534/378 3640/558/371 3639/555/369 3624/530/390
f 3633/535/380 3648/559/372 3647/557/370 3632/533/391
f 3626/536/379 3641/560/373 3640/558/371 3625/534/378
f 3634/537/381 3649/544/374 3648/559/372 3633/535/380
f 3627/538/382 3642/546/375 3641/560/373 3626/536/379
f 3759/561/40 3668/562/360 3653/552/367
f 3647/557/370 3662/564/348 3661/563/361 3646/553/368
f 3640/558/371 3655/566/350 3654/565/362 3639/555/369
f 3648/559/372 3663/567/349 3662/564/348 3647/557/370
f 3641/560/373 3656/568/351 3655/566/350 3640/558/371
f 3649/544/374 3664/569/352 3663/567/349 3648/559/372
f 3642/546/375 3657/570/353 3656/568/351 3641/560/373
f 3650/545/376 3665/571/354 3664/569/352 3649/544/374
f 3643/547/377 3658/572/355 3657/570/353 3642/546/375
f 3651/548/363 3666/573/356 3665/571/354 3650/545/376
f 3644/549/365 3659/574/357 3658/572/355 3643/547/377
f 3652/550/364 3667/575/358 3666/573/356 3651/548/363
f 3645/551/366 3660/576/359 3659/574/357 3644/549/365
f 3653/552/367 3668/562/360 3667/575/358 3652/550/364
f 3646/553/368 3661/563/361 3660/576/359 3645/551/366
f 3639/555/369 3654/565/362 3533/577/42
f 3666/573/356 3681/579/335 3680/578/347 3665/571/354
f 3659/574/357 3674/581/334 3673/580/333 3658/572/355
f 3667/575/358 3682/582/336 3681/579/335 3666/573/356
f 3660/576/359 3675/583/337 3674/581/334 3659/574/357
f 3668/562/360 3683/584/338 3682/582/336 3667/575/358
f 3661/563/361 3676/585/339 3675/583/337 3660/576/359
f 3654/565/362 3669/587/340 3533/586/42
f 3759/588/40 3683/584/338 3668/562/360
f 3662/564/348 3677/589/341 3676/585/339 3661/563/361
f 3655/566/350 3670/590/342 3669/587/340 3654/565/362
f 3663/567/349 3678/591/343 3677/589/341 3662/564/348
f 3656/568/351 3671/592/344 3670/590/342 3655/566/350
f 3664/569/352 3679/593/345 3678/591/343 3663/567/349
f 3657/570/353 3672/594/346 3671/592/344 3656/568/351
f 3665/571/354 3680/578/347 3679/593/345 3664/569/352
f 3658/572/355 3673/580/333 3672/594/346 3657/570/353
f 3670/590/342 3685/596/320 3684/595/319 3669/587/340
f 3678/591/343 3693/598/322 3692/597/321 3677/589/341
f 3671/592/344 3686/599/323 3685/596/320 3670/590/342
f 3679/593/345 3694/600/324 3693/598/322 3678/591/343
f 3672/594/346 3687/601/325 3686/599/323 3671/592/344
f 3680/578/347 3695/602/326 3694/600/324 3679/593/345
f 3673/580/333 3688/603/327 3687/601/325 3672/594/346
f 3681/579/335 3696/604/328 3695/602/326 3680/578/347
f 3674/581/334 3689/605/329 3688/603/327 3673/580/333
f 3682/582/336 3697/606/330 3696/604/328 3681/579/335
f 3675/583/337 3690/607/331 3689/605/329 3674/581/334
f 3683/584/338 3698/608/332 3697/606/330 3682/582/336
f 3676/585/339 3691/609/18 3690/607/331 3675/583/337
f 3669/587/340 3684/595/319 3533/610/42
f 3759/611/40 3698/608/332 3683/584/338
f 3677/589/341 3692/597/321 3691/609/18 3676/585/339
f 3689/605/329 3704/613/307 3703/612/306 3688/603/327
f 3697/606/330 3712/615/308 3711/614/305 3696/604/328
f 3690/607/331 3705/616/309 3704/613/307 3689/605/329
f 3698/608/332 3713/617/310 3712/615/308 3697/606/330
f 3691/609/18 3706/618/311 3705/616/309 3690/607/331
f 3684/595/319 3699/620/312 3533/619/42
f 3759/621/40 3713/617/310 3698/608/332
f 3692/597/321 3707/622/313 3706/618/311 3691/609/18
f 3685/596/320 3700/623/314 3699/620/312 3684/595/319
f 3693/598/322 3708/624/315 3707/622/313 3692/597/321
f 3686/599/323 3701/625/316 3700/623/314 3685/596/320
f 3694/600/324 3709/626/317 3708/624/315 3693/598/322
f 3687/601/325 3702/627/318 3701/625/316 3686/599/323
f 3695/602/326 3710/628/304 3709/626/317 3694/600/324
f 3688/603/327 3703/612/306 3702/627/318 3687/601/325
f 3696/604/328 3711/614/305 3710/628/304 3695/602/326
f 3708/624/315 3723/630/294 3722/629/291 3707/622/313
f 3701/625/316 3716/632/295 3715/631/293 3700/623/314
f 3709/626/317 3724/633/296 3723/630/294 3708/624/315
f 3702/627/318 3717/634/297 3716/632/295 3701/625/316
f 3710/628/304 3725/635/298 3724/633/296 3709/626/317
f 3703/612/306 3718/636/299 3717/634/297 3702/627/318
f 3711/614/305 3726/637/300 3725/635/298 3710/628/304
f 3704/613/307 3719/638/301 3718/636/299 3703/612/306
f 3712/615/308 3727/639/302 3726/637/300 3711/614/305
f 3705/616/309 3720/640/303 3719/638/301 3704/613/307
f 3713/617/310 3728/641/289 3727/639/302 3712/615/308
f 3706/618/311 3721/642/290 3720/640/303 3705/616/309
f 3699/620/312 3714/644/292 3533/643/42
f 3759/645/40 3728/641/289 3713/617/310
f 3707/622/313 3722/629/291 3721/642/290 3706/618/311
f 3700/623/314 3715/631/293 3714/644/292 3699/620/312
f 3727/639/302 3742/647/280 3741/646/278 3726/637/300
f 3720/640/303 3735/649/281 3734/648/279 3719/638/301
f 3728/641/289 3743/650/282 3742/647/280 3727/639/302
f 3721/642/290 3736/651/283 3735/649/281 3720/640/303
f 3714/644/292 3729/653/284 3533/652/42
f 3759/654/40 3743/650/282 3728/641/289
f 3722/629/291 3737/655/285 3736/651/283 3721/642/290
f 3715/631/293 3730/656/286 3729/653/284 3714/644/292
f 3723/630/294 3738/657/287 3737/655/285 3722/629/291
f 3716/632/295 3731/658/288 3730/656/286 3715/631/293
f 3724/633/296 3739/659/274 3738/657/287 3723/630/294
f 3717/634/297 3732/660/276 3731/658/288 3716/632/295
f 3725/635/298 3740/661/275 3739/659/274 3724/633/296
f 3718/636/299 3733/662/277 3732/660/276 3717/634/297
f 3726/637/300 3741/646/278 3740/661/275 3725/635/298
f 3719/638/301 3734/648/279 3733/662/277 3718/636/299
f 3731/658/288 3746/664/266 3745/663/264 3730/656/286
f 3739/659/274 3754/666/267 3753/665/265 3738/657/287
f 3732/660/276 3747/667/268 3746/664/266 3731/658/288
f 3740/661/275 3755/668/269 3754/666/267 3739/659/274
f 3733/662/277 3748/669/270 3747/667/268 3732/660/276
f 3741/646/278 3756/670/271 3755/668/269 3740/661/275
f 3734/648/279 3749/671/272 3748/669/270 3733/662/277
f 3742/647/280 3757/672/273 3756/670/271 3741/646/278
f 3735/649/281 3750/673/260 3749/671/272 3734/648/279
f 3743/650/282 3758/674/262 3757/672/273 3742/647/280
f 3736/651/283 3751/675/13 3750/673/260 3735/649/281
f 3729/653/284 3744/677/261 3533/676/42
f 3759/678/40 3758/674/262 3743/650/282
f 3737/655/285 3752/679/263 3751/675/13 3736/651/283
f 3730/656/286 3745/663/264 3744/677/261 3729/653/284
f 3738/657/287 3753/665/265 3752/679/263 3737/655/285
f 3750/673/260 3766/681/253 3765/680/251 3749/671/272
f 3758/674/262 3774/683/254 3773/682/252 3757/672/273
f 3751/675/13 3767/684/255 3766/681/253 3750/673/260
f 3744/677/261 3760/686/256 3533/685/42
f 3759/687/40 3774/683/254 3758/674/262
f 3752/679/263 3768/688/257 3767/684/255 3751/675/13
f 3745/663/264 3761/689/258 3760/686/256 3744/677/261
f 3753/665/265 3769/690/259 3768/688/257 3752/679/263
f 3746/664/266 3762/691/245 3761/689/258 3745/663/264
f 3754/666/267 3770/692/247 3769/690/259 3753/665/265
f 3747/667/268 3763/693/246 3762/691/245 3746/664/266
f 3755/668/269 3771/694/248 3770/692/247 3754/666/267
f 3748/669/270 3764/695/249 3763/693/246 3747/667/268
f 3756/670/271 3772/696/2531 3771/694/248 3755/668/269
f 3749/671/272 3765/680/251 3764/695/249 3748/669/270
f 3757/672/273 3773/682/252 3772/696/2531 3756/670/271
f 3770/692/247 3785/698/239 3784/697/237 3769/690/259
f 3763/693/246 3778/700/240 3777/699/238 3762/691/245
f 3771/694/248 3786/701/241 3785/698/239 3770/692/247
f 3764/695/249 3779/702/242 3778/700/240 3763/693/246
f 3772/696/2531 3787/703/243 3786/701/241 3771/694/248
f 3765/680/251 3780/704/244 3779/702/242 3764/695/249
f 3773/682/252 3788/705/230 3787/703/243 3772/696/2531
f 3766/681/253 3781/706/232 3780/704/244 3765/680/251
f 3774/683/254 3789/707/231 3788/705/230 3773/682/252
f 3767/684/255 3782/708/233 3781/706/232 3766/681/253
f 3760/686/256 3775/710/234 3533/709/42
f 3759/711/40 3789/707/231 3774/683/254
f 3768/688/257 3783/712/235 3782/708/233 3767/684/255
f 3761/689/258 3776/713/236 3775/710/234 3760/686/256
f 3769/690/259 3784/697/237 3783/712/235 3768/688/257
f 3762/691/245 3777/699/238 3776/713/236 3761/689/258
f 3789/707/231 3804/715/225 3803/714/223 3788/705/230
f 3782/708/233 3797/717/226 3796/716/224 3781/706/232
f 3775/710/234 3790/719/227 3533/718/42
f 3759/720/40 3804/715/225 3789/707/231
f 3783/712/235 3798/721/228 3797/717/226 3782/708/233
f 3776/713/236 3791/722/229 3790/719/227 3775/710/234
f 3784/697/237 3799/723/215 3798/721/228 3783/712/235
f 3777/699/238 3792/724/217 3791/722/229 3776/713/236
f 3785/698/239 3800/725/216 3799/723/215 3784/697/237
f 3778/700/240 3793/726/2532 3792/724/217 3777/699/238
f 3786/701/241 3801/727/219 3800/725/216 3785/698/239
f 3779/702/242 3794/728/220 3793/726/2532 3778/700/240
f 3787/703/243 3802/729/221 3801/727/219 3786/701/241
f 3780/704/244 3795/730/222 3794/728/220 3779/702/242
f 3788/705/230 3803/714/223 3802/729/221 3787/703/243
f 3781/706/232 3796/716/224 3795/730/222 3780/704/244
f 3801/727/219 3816/732/212 3815/731/210 3800/725/216
f 3794/728/220 3809/734/213 3808/733/211 3793/726/2532
f 3802/729/221 3817/735/214 3816/732/212 3801/727/219
f 3795/730/222 3810/736/2533 3809/734/213 3794/728/220
f 3803/714/223 3818/737/203 3817/735/214 3802/729/221
f 3796/716/224 3811/738/202 3810/736/2533 3795/730/222
f 3804/715/225 3819/739/204 3818/737/203 3803/714/223
f 3797/717/226 3812/740/8 3811/738/202 3796/716/224
f 3790/719/227 3805/742/205 3533/741/42
f 3759/743/40 3819/739/204 3804/715/225
f 3798/721/228 3813/744/206 3812/740/8 3797/717/226
f 3791/722/229 3806/745/207 3805/742/205 3790/719/227
f 3799/723/215 3814/746/2534 3813/744/206 3798/721/228
f 3792/724/217 3807/747/209 3806/745/207 3791/722/229
f 3800/725/216 3815/731/210 3814/746/2534 3799/723/215
f 3793/726/2532 3808/733/211 3807/747/209 3792/724/217
f 3805/748/205 3820/750/199 3533/749/42
f 3759/751/40 3834/753/197 3819/752/204
f 3813/754/206 3828/756/200 3827/755/198 3812/241/8
f 3806/757/207 3821/758/186 3820/750/199 3805/748/205
f 3814/759/2534 3829/760/188 3828/756/200 3813/754/206
f 3807/761/209 3822/762/187 3821/758/186 3806/757/207
f 3815/763/210 3830/764/189 3829/760/188 3814/759/2534
f 3808/765/211 3823/766/190 3822/762/187 3807/761/209
f 3816/767/212 3831/768/2535 3830/764/189 3815/763/210
f 3809/769/213 3824/770/192 3823/766/190 3808/765/211
f 3817/771/214 3832/772/193 3831/768/2535 3816/767/212
f 3810/773/2533 3825/774/194 3824/770/192 3809/769/213
f 3818/775/203 3833/776/195 3832/772/193 3817/771/214
f 3811/777/202 3826/778/196 3825/774/194 3810/773/2533
f 3819/752/204 3834/753/197 3833/776/195 3818/775/203
f 3812/241/8 3827/755/198 3826/778/196 3811/777/202
f 3824/770/192 3839/780/185 3838/779/183 3823/766/190
f 3832/772/193 3847/782/171 3846/781/184 3831/768/2535
f 3825/774/194 3840/783/173 3839/780/185 3824/770/192
f 3833/776/195 3848/784/172 3847/782/171 3832/772/193
f 3826/778/196 3841/785/174 3840/783/173 3825/774/194
f 3834/753/197 3849/786/175 3848/784/172 3833/776/195
f 3827/755/198 3842/787/176 3841/785/174 3826/778/196
f 3820/750/199 3835/789/177 3533/788/42
f 3759/790/40 3849/786/175 3834/753/197
f 3828/756/200 3843/791/178 3842/787/176 3827/755/198
f 3821/758/186 3836/792/179 3835/789/177 3820/750/199
f 3829/760/188 3844/793/180 3843/791/178 3828/756/200
f 3822/762/187 3837/794/181 3836/792/179 3821/758/186
f 3830/764/189 3845/795/182 3844/793/180 3829/760/188
f 3823/766/190 3838/779/183 3837/794/181 3822/762/187
f 3831/768/2535 3846/781/184 3845/795/182 3830/764/189
f 3843/791/178 3858/797/156 3857/796/169 3842/787/176
f 3836/792/179 3851/799/158 3850/798/170 3835/789/177
f 3844/793/180 3859/800/157 3858/797/156 3843/791/178
f 3837/794/181 3852/801/159 3851/799/158 3836/792/179
f 3845/795/182 3860/802/160 3859/800/157 3844/793/180
f 3838/779/183 3853/803/161 3852/801/159 3837/794/181
f 3846/781/184 3861/804/162 3860/802/160 3845/795/182
f 3839/780/185 3854/805/163 3853/803/161 3838/779/183
f 3847/782/171 3862/806/164 3861/804/162 3846/781/184
f 3840/783/173 3855/807/165 3854/805/163 3839/780/185
f 3848/784/172 3863/808/166 3862/806/164 3847/782/171
f 3841/785/174 3856/809/167 3855/807/165 3840/783/173
f 3849/786/175 3864/810/168 3863/808/166 3848/784/172
f 3842/787/176 3857/796/169 3856/809/167 3841/785/174
f 3835/789/177 3850/798/170 3533/811/42
f 3759/812/40 3864/810/168 3849/786/175
f 3862/806/164 3877/814/143 3876/813/142 3861/804/162
f 3855/807/165 3870/816/145 3869/815/144 3854/805/163
f 3863/808/166 3878/817/146 3877/814/143 3862/806/164
f 3856/809/167 3871/818/147 3870/816/145 3855/807/165
f 3864/810/168 3879/819/148 3878/817/146 3863/808/166
f 3857/796/169 3872/820/3 3871/818/147 3856/809/167
f 3850/798/170 3865/822/149 3533/821/42
f 3759/823/40 3879/819/148 3864/810/168
f 3858/797/156 3873/824/150 3872/820/3 3857/796/169
f 3851/799/158 3866/825/151 3865/822/149 3850/798/170
f 3859/800/157 3874/826/152 3873/824/150 3858/797/156
f 3852/801/159 3867/827/153 3866/825/151 3851/799/158
f 3860/802/160 3875/828/154 3874/826/152 3859/800/157
f 3853/803/161 3868/829/155 3867/827/153 3852/801/159
f 3861/804/162 3876/813/142 3875/828/154 3860/802/160
f 3854/805/163 3869/815/144 3868/829/155 3853/803/161
f 3866/825/151 3881/831/130 3880/830/2536 3865/822/149
f 3874/826/152 3889/833/131 3888/832/128 3873/824/150
f 3867/827/153 3882/834/132 3881/831/130 3866/825/151
f 3875/828/154 3890/835/133 3889/833/131 3874/826/152
f 3868/829/155 3883/836/134 3882/834/132 3867/827/153
f 3876/813/142 3891/837/135 3890/835/133 3875/828/154
f 3869/815/144 3884/838/136 3883/836/134 3868/829/155
f 3877/814/143 3892/839/137 3891/837/135 3876/813/142
f 3870/816/145 3885/840/138 3884/838/136 3869/815/144
f 3878/817/146 3893/841/139 3892/839/137 3877/814/143
f 3871/818/147 3886/842/140 3885/840/138 3870/816/145
f 3879/819/148 3894/843/141 3893/841/139 3878/817/146
f 3872/820/3 3887/844/127 3886/842/140 3871/818/147
f 3865/822/149 3880/830/2536 3533/845/42
f 3759/846/40 3894/843/141 3879/819/148
f 3873/824/150 3888/832/128 3887/844/127 3872/820/3
f 3885/840/138 3900/848/116 3899/847/2537 3884/838/136
f 3893/841/139 3908/850/117 3907/849/115 3892/839/137
f 3886/842/140 3901/851/118 3900/848/116 3885/840/138
f 3894/843/141 3909/852/119 3908/850/117 3893/841/139
f 3887/844/127 3902/853/120 3901/851/118 3886/842/140
f 3880/830/2536 3895/855/121 3533/854/42
f 3759/856/40 3909/852/119 3894/843/141
f 3888/832/128 3903/857/122 3902/853/120 3887/844/127
f 3881/831/130 3896/858/123 3895/855/121 3880/830/2536
f 3889/833/131 3904/859/124 3903/857/122 3888/832/128
f 3882/834/132 3897/860/125 3896/858/123 3881/831/130
f 3890/835/133 3905/861/126 3904/859/124 3889/833/131
f 3883/836/134 3898/862/112 3897/860/125 3882/834/132
f 3891/837/135 3906/863/114 3905/861/126 3890/835/133
f 3884/838/136 3899/847/2537 3898/862/112 3883/836/134
f 3892/839/137 3907/849/115 3906/863/114 3891/837/135
f 3904/859/124 3919/865/101 3918/864/97 3903/857/122
f 3897/860/125 3912/867/103 3911/866/99 3896/858/123
f 3905/861/126 3920/868/105 3919/865/101 3904/859/124
f 3898/862/112 3913/869/107 3912/867/103 3897/860/125
f 3906/863/114 3921/870/109 3920/868/105 3905/861/126
f 3899/847/2537 3914/871/111 3913/869/107 3898/862/112
f 3907/849/115 3922/872/85 3921/870/109 3906/863/114
f 3900/848/116 3915/873/89 3914/871/111 3899/847/2537
f 3908/850/117 3923/874/86 3922/872/85 3907/849/115
f 3901/851/118 3916/875/90 3915/873/89 3900/848/116
f 3909/852/119 3924/876/92 3923/874/86 3908/850/117
f 3902/853/120 3917/877/93 3916/875/90 3901/851/118
f 3895/855/121 3910/879/95 3533/878/42
f 3759/880/40 3924/876/92 3909/852/119
f 3903/857/122 3918/864/97 3917/877/93 3902/853/120
f 3896/858/123 3911/866/99 3910/879/95 3895/855/121
f 3923/874/86 3932/325/83 3931/326/84 3922/872/85
f 3916/875/90 3454/329/87 3928/330/88 3915/873/89
f 3924/876/92 3933/333/91 3932/325/83 3923/874/86
f 3917/877/93 3455/335/38 3454/329/87 3916/875/90
f 3910/879/95 3925/337/94 3533/881/42
f 3759/882/40 3933/333/91 3924/876/92
f 3918/864/97 3456/341/96 3455/335/38 3917/877/93
f 3911/866/99 3926/343/98 3925/337/94 3910/879/95
f 3919/865/101 3929/345/100 3456/341/96 3918/864/97
f 3912/867/103 3452/347/102 3926/343/98 3911/866/99
f 3920/868/105 3457/349/104 3929/345/100 3919/865/101
f 3913/869/107 3927/351/106 3452/347/102 3912/867/103
f 3921/870/109 3930/353/108 3457/349/104 3920/868/105
f 3914/871/111 3453/355/110 3927/351/106 3913/869/107
f 3922/872/85 3931/326/84 3930/353/108 3921/870/109
f 3915/873/89 3928/330/88 3453/355/110 3914/871/111
usemtl 電源コード枠
f 2686/1710/1949 2675/1710/1950 2674/1710/1951
f 2690/1710/1952 2681/1710/1953 2680/1710/1954
f 2696/1710/1955 2708/1710/1956 2697/1710/1957
f 2710/1710/1958 2700/1710/1959 2699/1710/1960
f 2701/1710/1961 2711/1710/1962 2702/1710/1963
f 2720/1710/1964 2711/1710/1962 2701/1710/1961
f 2725/1710/1965 2715/1710/1966 2707/1710/1967
f 2715/1710/1968 2726/1710/1969 2716/1710/1970
f 2728/1710/1971 2719/1710/1972 2718/1710/1973
f 2734/1710/1974 2725/1710/1975 2724/1710/1976
f 2739/1710/1977 2729/1710/1978 2719/1710/1979
f 2754/1710/1980 2744/1710/1981 2725/1710/1965
f 2744/1710/1982 2755/1710/1983 2745/1710/1984
f 2757/1710/1985 2748/1710/1986 2747/1710/1987
f 2762/1710/1988 2754/1710/1989 2753/1710/1990
f 2673/1710/1991 2672/1710/584 2684/1710/1992 2685/1710/1993
f 2772/1710/1994 2754/1710/1989 2762/1710/1988
f 2776/1710/1995 2767/1710/1996 2766/1710/1997
f 2782/1710/1998 2773/1710/1999 2754/1710/1980
f 2792/1710/2000 2782/1710/2001 2781/1710/2002
f 2782/1710/1998 2793/1710/2003 2773/1710/1999
f 2796/1710/2004 2786/1710/2005 2785/1710/2006
f 2800/1710/2007 2792/1710/2008 2791/1710/2009
f 2815/1710/2010 2804/1710/2011 2803/1710/2012
f 2819/1710/2013 2810/1710/2014 2809/1710/2015
f 2834/1710/2016 2823/1710/2017 2822/1710/2018
f 2835/1710/2019 2825/1710/2020 2824/1710/2021
f 2839/1710/2022 2830/1710/2023 2829/1710/2024
f 2835/1710/2019 2845/1710/2025 2825/1710/2020
f 2850/1710/2026 2840/1710/2027 2830/1710/2028
f 2858/1710/2029 2849/1710/2030 2848/1710/2031
f 2864/1710/2032 2854/1710/2033 2844/1710/2034
f 2879/1710/2035 2869/1710/2036 2868/1710/2037
f 2883/1710/2038 2874/1710/2039 2873/1710/2040
f 2876/1710/2041 2884/1710/2042 2877/1710/2043
f 2887/1710/2044 2880/1710/2045 2869/1710/2046
f 2880/1710/2047 2888/1710/2048 2870/1710/2049
f 2893/1710/2050 2904/1710/2051 2894/1710/2052
f 2908/1710/2053 2899/1710/2054 2898/1710/2055
f 2912/1710/2056 2893/1710/2057 2892/1710/2058
f 2916/1710/2059 2908/1710/2060 2907/1710/2061
f 2917/1710/2062 2929/1710/2063 2918/1710/2064
f 2932/1710/2065 2922/1710/2066 2921/1710/2067
f 2938/1710/2068 2929/1710/2063 2917/1710/2062
f 2947/1710/2069 2937/1710/2070 2936/1710/2071
f 2951/1710/2072 2942/1710/2073 2941/1710/2074
f 2944/1710/2075 2952/1710/2076 2945/1710/2077
f 2961/1710/2078 2943/1710/2079 2942/1710/2080
f 2970/1710/2081 2962/1710/2082 2943/1710/2083
f 2979/1710/2084 2969/1710/2085 2968/1710/2086
f 2984/1710/2087 2975/1710/2088 2974/1710/2089
f 2995/1710/2090 2975/1710/2088 2984/1710/2087
f 3003/1710/2091 2995/1710/2092 2994/1710/2093
f 3008/1710/2094 2999/1710/2095 2998/1710/2096
f 3000/1710/2097 3009/1710/2098 3001/1710/2099
f 3012/1710/2100 3004/1710/2101 2995/1710/2090
f 3005/1710/2102 3013/1710/2103 3006/1710/2104
f 3027/1710/2105 3016/1710/2106 3015/1710/2107
f 3031/1710/2108 3022/1710/2109 3021/1710/2110
f 3036/1710/2111 3028/1710/2112 3017/1710/2113
f 3036/1710/2111 3047/1710/2114 3028/1710/2112
f 3051/1710/2115 3041/1710/2116 3040/1710/2117
f 3054/1710/2118 3046/1710/2119 3045/1710/2120
f 3066/1710/2121 3055/1710/2122 3046/1710/2123
f 3070/1710/2124 3060/1710/2125 3059/1710/2126
f 3073/1710/2127 3066/1710/2128 3065/1710/2129
f 3061/1710/2130 3080/1710/2131 3062/1710/2132
f 3084/1710/2133 3074/1710/2134 3066/1710/2121
f 3075/1710/2135 3085/1710/2136 3076/1710/2137
f 3087/1710/2138 3079/1710/2139 3078/1710/2140
f 3079/1710/2141 3088/1710/2142 3061/1710/2143
f 3088/1710/2144 3080/1710/2131 3061/1710/2130
f 3084/1710/2133 3092/1710/2145 3074/1710/2134
f 3097/1710/2146 3088/1710/2142 3079/1710/2141
f 3102/1710/2147 3092/1710/2145 3084/1710/2133
f 3108/1710/2148 3098/1710/2149 3088/1710/2144
f 3111/1710/2150 3102/1710/2151 3101/1710/2152
f 3112/1710/2153 3103/1710/2154 3092/1710/2155
f 3115/1710/2156 3107/1710/2157 3106/1710/2158
f 3120/1710/2159 3112/1710/2160 3102/1710/2147
f 3125/1710/2161 3116/1710/2162 3108/1710/2148
f 2673/1710/1991 2674/1710/2163 3124/1710/2164
f 2679/1710/2165 2680/1710/2166 3128/1710/2167
f 2686/1710/2168 2674/1710/2163 2673/1710/1991 2685/1710/1993
f 2688/1710/2169 2678/1710/571 2677/1710/2170 2687/1710/2171
f 2676/1710/2172 2687/1710/2171 2677/1710/2170
f 2679/1710/2165 2678/1710/571 2688/1710/2169 2689/1710/2173
f 2680/1710/2166 2679/1710/2165 2689/1710/2173 2690/1710/2174
f 2672/1710/584 2683/1710/2175 2691/1710/2176 2684/1710/1992
f 2682/1710/2177 2691/1710/2176 2683/1710/2175
f 2685/1710/1993 2684/1710/1992 2692/1710/2178 2693/1710/2179
f 2686/1710/2168 2685/1710/1993 2693/1710/2179 2694/1710/2180
f 2675/1710/1950 2686/1710/1949 2694/1710/2181 2695/1710/2182
f 2676/1710/2183 2675/1710/2184 2695/1710/2185 2696/1710/2186
f 2697/1710/1957 2687/1710/2171 2676/1710/2172 2696/1710/1955
f 2688/1710/2169 2687/1710/2171 2697/1710/1957 2698/1710/2187
f 2689/1710/2173 2688/1710/2169 2698/1710/2187 2699/1710/1960
f 2690/1710/2174 2689/1710/2173 2699/1710/1960 2700/1710/1959
f 2701/1710/2188 2681/1710/1953 2690/1710/1952 2700/1710/2189
f 2702/1710/1963 2682/1710/2190 2681/1710/2191 2701/1710/1961
f 2703/1710/2192 2691/1710/2176 2682/1710/2177 2702/1710/2193
f 2684/1710/1992 2691/1710/2176 2703/1710/2192 2692/1710/2178
f 2705/1710/2194 2693/1710/2179 2692/1710/2178 2704/1710/2195
f 2694/1710/2180 2693/1710/2179 2705/1710/2194 2706/1710/2196
f 2695/1710/2182 2694/1710/2181 2706/1710/2197 2707/1710/2198
f 2709/1710/2199 2698/1710/2187 2697/1710/1957 2708/1710/1956
f 2695/1710/2185 2707/1710/1967 2696/1710/2186
f 2699/1710/1960 2698/1710/2187 2709/1710/2199 2710/1710/1958
f 2712/1710/2200 2703/1710/2192 2702/1710/2193 2711/1710/2201
f 2692/1710/2178 2703/1710/2192 2712/1710/2200 2704/1710/2195
f 2714/1710/2202 2705/1710/2194 2704/1710/2195 2713/1710/2203
f 2716/1710/1970 2708/1710/1956 2696/1710/1955 2715/1710/1968
f 2705/1710/2194 2714/1710/2202 2706/1710/2196
f 2707/1710/1967 2715/1710/1966 2696/1710/2186
f 2709/1710/2199 2708/1710/1956 2716/1710/1970 2717/1710/2204
f 2710/1710/1958 2709/1710/2199 2717/1710/2204 2718/1710/1973
f 2700/1710/1959 2710/1710/1958 2718/1710/1973 2719/1710/1972
f 2720/1710/2205 2701/1710/2188 2700/1710/2189 2719/1710/1979
f 2704/1710/2195 2712/1710/2200 2721/1710/2206 2713/1710/2203
f 2711/1710/2201 2721/1710/2206 2712/1710/2200
f 2714/1710/2202 2713/1710/2203 2722/1710/2207 2723/1710/2208
f 2724/1710/2209 2706/1710/2196 2714/1710/2202 2723/1710/2208
f 2707/1710/2198 2706/1710/2197 2724/1710/1976 2725/1710/1975
f 2717/1710/2204 2716/1710/1970 2726/1710/1969 2727/1710/2210
f 2718/1710/1973 2717/1710/2204 2727/1710/2210 2728/1710/1971
f 2711/1710/1962 2720/1710/1964 2729/1710/2211 2730/1710/2212
f 2719/1710/1979 2729/1710/1978 2720/1710/2205
f 2721/1710/2206 2711/1710/2201 2730/1710/2213 2731/1710/2214
f 2722/1710/2207 2713/1710/2203 2721/1710/2206 2731/1710/2214
f 2723/1710/2208 2722/1710/2207 2732/1710/561 2733/1710/2215
f 2724/1710/2209 2723/1710/2208 2733/1710/2215 2734/1710/2216
f 2726/1710/1969 2715/1710/1968 2735/1710/2217 2736/1710/2218
f 2725/1710/1965 2735/1710/2219 2715/1710/1966
f 2727/1710/2210 2726/1710/1969 2736/1710/2218 2737/1710/2220
f 2738/1710/2221 2728/1710/1971 2727/1710/2210 2737/1710/2220
f 2719/1710/1972 2728/1710/1971 2738/1710/2221 2739/1710/2222
f 2741/1710/2223 2731/1710/2214 2730/1710/2213 2740/1710/2224
f 2729/1710/2211 2740/1710/2225 2730/1710/2212
f 2722/1710/2207 2731/1710/2214 2741/1710/2223 2732/1710/561
f 2733/1710/2215 2732/1710/561 2742/1710/2226 2743/1710/2227
f 2745/1710/1984 2736/1710/2218 2735/1710/2217 2744/1710/1982
f 2733/1710/2215 2743/1710/2227 2734/1710/2216
f 2725/1710/1965 2744/1710/1981 2735/1710/2219
f 2737/1710/2220 2736/1710/2218 2745/1710/1984 2746/1710/2228
f 2738/1710/2221 2737/1710/2220 2746/1710/2228 2747/1710/1987
f 2739/1710/2222 2738/1710/2221 2747/1710/1987 2748/1710/1986
f 2749/1710/2229 2729/1710/1978 2739/1710/1977 2748/1710/2230
f 2732/1710/561 2741/1710/2223 2750/1710/2231 2742/1710/2226
f 2729/1710/2211 2749/1710/2232 2740/1710/2225
f 2740/1710/2224 2750/1710/2231 2741/1710/2223
f 2743/1710/2227 2742/1710/2226 2751/1710/2233 2752/1710/2234
f 2753/1710/2235 2734/1710/2216 2743/1710/2227 2752/1710/2234
f 2754/1710/1989 2725/1710/1975 2734/1710/1974 2753/1710/1990
f 2746/1710/2228 2745/1710/1984 2755/1710/1983 2756/1710/2236
f 2747/1710/1987 2746/1710/2228 2756/1710/2236 2757/1710/1985
f 2750/1710/2231 2740/1710/2224 2758/1710/2237 2759/1710/2238
f 2749/1710/2232 2758/1710/2239 2740/1710/2225
f 2742/1710/2226 2750/1710/2231 2759/1710/2238 2751/1710/2233
f 2761/1710/2240 2752/1710/2234 2751/1710/2233 2760/1710/2241
f 2753/1710/2235 2752/1710/2234 2761/1710/2240 2762/1710/2242
f 2755/1710/1983 2744/1710/1982 2763/1710/2243 2764/1710/2244
f 2754/1710/1980 2763/1710/2245 2744/1710/1981
f 2756/1710/2236 2755/1710/1983 2764/1710/2244 2765/1710/2246
f 2757/1710/1985 2756/1710/2236 2765/1710/2246 2766/1710/1997
f 2748/1710/1986 2757/1710/1985 2766/1710/1997 2767/1710/1996
f 2768/1710/2247 2749/1710/2229 2748/1710/2230 2767/1710/2248
f 2751/1710/2233 2759/1710/2238 2769/1710/2249 2760/1710/2241
f 2749/1710/2232 2768/1710/2250 2758/1710/2239
f 2758/1710/2237 2769/1710/2249 2759/1710/2238
f 2761/1710/2240 2760/1710/2241 2770/1710/2251 2771/1710/2252
f 2762/1710/2242 2761/1710/2240 2771/1710/2252 2772/1710/2253
f 2774/1710/2254 2764/1710/2244 2763/1710/2243 2773/1710/2255
f 2754/1710/1980 2773/1710/1999 2763/1710/2245
f 2765/1710/2246 2764/1710/2244 2774/1710/2254 2775/1710/2256
f 2766/1710/1997 2765/1710/2246 2775/1710/2256 2776/1710/1995
f 2769/1710/2249 2758/1710/2237 2777/1710/2257 2778/1710/2258
f 2768/1710/2250 2777/1710/2259 2758/1710/2239
f 2760/1710/2241 2769/1710/2249 2778/1710/2258 2770/1710/2251
f 2771/1710/2252 2770/1710/2251 2779/1710/2260 2780/1710/2261
f 2772/1710/2253 2771/1710/2252 2780/1710/2261 2781/1710/2262
f 2782/1710/2001 2754/1710/1989 2772/1710/1994 2781/1710/2002
f 2775/1710/2256 2774/1710/2254 2783/1710/2263 2784/1710/2264
f 2773/1710/2255 2783/1710/2263 2774/1710/2254
f 2785/1710/2006 2776/1710/1995 2775/1710/2256 2784/1710/2264
f 2767/1710/1996 2776/1710/1995 2785/1710/2006 2786/1710/2005
f 2787/1710/2265 2768/1710/2247 2767/1710/2248 2786/1710/2266
f 2777/1710/2259 2768/1710/2250 2787/1710/2267 2788/1710/2268
f 2778/1710/2258 2777/1710/2257 2788/1710/2269 2789/1710/2270
f 2770/1710/2251 2778/1710/2258 2789/1710/2270 2779/1710/2260
f 2780/1710/2261 2779/1710/2260 2790/1710/8 2791/1710/2009
f 2781/1710/2262 2780/1710/2261 2791/1710/2009 2792/1710/2008
f 2794/1710/2271 2783/1710/2263 2773/1710/2255 2793/1710/2272
f 2784/1710/2264 2783/1710/2263 2794/1710/2271 2795/1710/28
f 2785/1710/2006 2784/1710/2264 2795/1710/28 2796/1710/2004
f 2789/1710/2270 2788/1710/2269 2797/1710/2273 2798/1710/2274
f 2787/1710/2267 2797/1710/2275 2788/1710/2268
f 2790/1710/8 2779/1710/2260 2789/1710/2270 2798/1710/2274
f 2791/1710/2009 2790/1710/8 2799/1710/2276 2800/1710/2007
f 2795/1710/28 2794/1710/2271 2801/1710/2277 2802/1710/2278
f 2793/1710/2272 2801/1710/2277 2794/1710/2271
f 2803/1710/2012 2796/1710/2004 2795/1710/28 2802/1710/2278
f 2786/1710/2005 2796/1710/2004 2803/1710/2012 2804/1710/2011
f 2805/1710/2279 2787/1710/2265 2786/1710/2266 2804/1710/2280
f 2806/1710/2281 2797/1710/2275 2787/1710/2267 2805/1710/2282
f 2807/1710/2283 2798/1710/2274 2797/1710/2273 2806/1710/2284
f 2799/1710/2276 2790/1710/8 2798/1710/2274 2807/1710/2283
f 2800/1710/2007 2799/1710/2276 2808/1710/2285 2809/1710/2015
f 2810/1710/2014 2792/1710/2008 2800/1710/2007 2809/1710/2015
f 2811/1710/2286 2782/1710/2001 2792/1710/2000 2810/1710/2287
f 2793/1710/2003 2782/1710/1998 2811/1710/2288 2812/1710/2289
f 2801/1710/2277 2793/1710/2272 2812/1710/2290 2813/1710/2291
f 2802/1710/2278 2801/1710/2277 2813/1710/2291 2814/1710/2292
f 2803/1710/2012 2802/1710/2278 2814/1710/2292 2815/1710/2010
f 2807/1710/2283 2806/1710/2284 2816/1710/2293 2817/1710/2294
f 2805/1710/2282 2816/1710/2295 2806/1710/2281
f 2799/1710/2276 2807/1710/2283 2817/1710/2294 2808/1710/2285
f 2809/1710/2015 2808/1710/2285 2818/1710/2296 2819/1710/2013
f 2814/1710/2292 2813/1710/2291 2820/1710/2297 2821/1710/2298
f 2812/1710/2290 2820/1710/2297 2813/1710/2291
f 2815/1710/2010 2814/1710/2292 2821/1710/2298 2822/1710/2018
f 2804/1710/2011 2815/1710/2010 2822/1710/2018 2823/1710/2017
f 2824/1710/2299 2805/1710/2279 2804/1710/2280 2823/1710/2300
f 2816/1710/2295 2805/1710/2282 2824/1710/2021 2825/1710/2020
f 2826/1710/2301 2817/1710/2294 2816/1710/2293 2825/1710/2302
f 2808/1710/2285 2817/1710/2294 2826/1710/2301 2818/1710/2296
f 2819/1710/2013 2818/1710/2296 2827/1710/2303 2828/1710/2304
f 2829/1710/2305 2810/1710/2014 2819/1710/2013 2828/1710/2304
f 2811/1710/2286 2810/1710/2287 2829/1710/2024 2830/1710/2023
f 2812/1710/2289 2811/1710/2288 2830/1710/2028 2831/1710/2306
f 2820/1710/2297 2812/1710/2290 2831/1710/2307 2832/1710/2308
f 2821/1710/2298 2820/1710/2297 2832/1710/2308 2833/1710/2309
f 2822/1710/2018 2821/1710/2298 2833/1710/2309 2834/1710/2016
f 2818/1710/2296 2826/1710/2301 2836/1710/2310 2827/1710/2303
f 2823/1710/2300 2835/1710/2311 2824/1710/2299
f 2825/1710/2302 2836/1710/2310 2826/1710/2301
f 2828/1710/2304 2827/1710/2303 2837/1710/2312 2838/1710/2313
f 2829/1710/2305 2828/1710/2304 2838/1710/2313 2839/1710/2314
f 2832/1710/2308 2831/1710/2307 2840/1710/2315 2841/1710/2316
f 2830/1710/2028 2840/1710/2027 2831/1710/2306
f 2842/1710/2317 2833/1710/2309 2832/1710/2308 2841/1710/2316
f 2834/1710/2016 2833/1710/2309 2842/1710/2317 2843/1710/2318
f 2844/1710/2319 2823/1710/2017 2834/1710/2016 2843/1710/2318
f 2846/1710/2320 2836/1710/2310 2825/1710/2302 2845/1710/2321
f 2823/1710/2300 2844/1710/2034 2835/1710/2311
f 2827/1710/2303 2836/1710/2310 2846/1710/2320 2837/1710/2312
f 2838/1710/2313 2837/1710/2312 2847/1710/567 2848/1710/2031
f 2839/1710/2314 2838/1710/2313 2848/1710/2031 2849/1710/2030
f 2850/1710/2322 2830/1710/2023 2839/1710/2022 2849/1710/2323
f 2842/1710/2317 2841/1710/2316 2851/1710/2324 2852/1710/583
f 2840/1710/2315 2851/1710/2324 2841/1710/2316
f 2843/1710/2318 2842/1710/2317 2852/1710/583 2853/1710/2325
f 2845/1710/2025 2835/1710/2019 2854/1710/2326 2855/1710/2327
f 2843/1710/2318 2853/1710/2325 2844/1710/2319
f 2844/1710/2034 2854/1710/2033 2835/1710/2311
f 2846/1710/2320 2845/1710/2321 2855/1710/2328 2856/1710/2329
f 2837/1710/2312 2846/1710/2320 2856/1710/2329 2847/1710/567
f 2848/1710/2031 2847/1710/567 2857/1710/2330 2858/1710/2029
f 2860/1710/2331 2840/1710/2027 2850/1710/2026 2859/1710/2332
f 2849/1710/2323 2859/1710/2333 2850/1710/2322
f 2851/1710/2324 2840/1710/2315 2860/1710/2334 2861/1710/2335
f 2852/1710/583 2851/1710/2324 2861/1710/2335 2862/1710/2336
f 2853/1710/2325 2852/1710/583 2862/1710/2336 2863/1710/2337
f 2864/1710/2338 2844/1710/2319 2853/1710/2325 2863/1710/2337
f 2866/1710/2339 2856/1710/2329 2855/1710/2328 2865/1710/2340
f 2854/1710/2326 2865/1710/2341 2855/1710/2327
f 2847/1710/567 2856/1710/2329 2866/1710/2339 2857/1710/2330
f 2868/1710/2037 2858/1710/2029 2857/1710/2330 2867/1710/2342
f 2849/1710/2030 2858/1710/2029 2868/1710/2037 2869/1710/2036
f 2861/1710/2335 2860/1710/2334 2870/1710/2343 2871/1710/2344
f 2849/1710/2323 2869/1710/2046 2859/1710/2333
f 2859/1710/2332 2870/1710/2049 2860/1710/2331
f 2862/1710/2336 2861/1710/2335 2871/1710/2344 2872/1710/2345
f 2863/1710/2337 2862/1710/2336 2872/1710/2345 2873/1710/2040
f 2864/1710/2338 2863/1710/2337 2873/1710/2040 2874/1710/2039
f 2875/1710/2346 2854/1710/2033 2864/1710/2032 2874/1710/2347
f 2865/1710/2341 2854/1710/2326 2875/1710/2348 2876/1710/2349
f 2866/1710/2339 2865/1710/2340 2876/1710/2041 2877/1710/2043
f 2857/1710/2330 2866/1710/2339 2877/1710/2043 2867/1710/2342
f 2868/1710/2037 2867/1710/2342 2878/1710/2350 2879/1710/2035
f 2872/1710/2345 2871/1710/2344 2881/1710/2351 2882/1710/2352
f 2869/1710/2046 2880/1710/2045 2859/1710/2333
f 2859/1710/2332 2880/1710/2047 2870/1710/2049
f 2870/1710/2343 2881/1710/2351 2871/1710/2344
f 2883/1710/2038 2873/1710/2040 2872/1710/2345 2882/1710/2352
f 2867/1710/2342 2877/1710/2043 2884/1710/2042 2878/1710/2350
f 2886/1710/2353 2879/1710/2035 2878/1710/2350 2885/1710/2354
f 2869/1710/2036 2879/1710/2035 2886/1710/2353 2887/1710/2355
f 2881/1710/2351 2870/1710/2343 2888/1710/2356 2889/1710/2357
f 2882/1710/2352 2881/1710/2351 2889/1710/2357 2890/1710/2358
f 2883/1710/2038 2882/1710/2352 2890/1710/2358 2891/1710/2359
f 2874/1710/2039 2883/1710/2038 2891/1710/2359 2892/1710/2360
f 2875/1710/2346 2874/1710/2347 2892/1710/2058 2893/1710/2057
f 2894/1710/2052 2876/1710/2349 2875/1710/2348 2893/1710/2050
f 2884/1710/2042 2876/1710/2041 2894/1710/2361 2895/1710/2362
f 2878/1710/2350 2884/1710/2042 2895/1710/2362 2885/1710/2354
f 2886/1710/2353 2885/1710/2354 2896/1710/2363 2897/1710/2364
f 2887/1710/2355 2886/1710/2353 2897/1710/2364 2898/1710/2365
f 2880/1710/2045 2887/1710/2044 2898/1710/2055 2899/1710/2054
f 2888/1710/2048 2880/1710/2047 2899/1710/2366 2900/1710/2367
f 2889/1710/2357 2888/1710/2356 2900/1710/2368 2901/1710/2369
f 2890/1710/2358 2889/1710/2357 2901/1710/2369 2902/1710/2370
f 2891/1710/2359 2890/1710/2358 2902/1710/2370 2903/1710/2371
f 2905/1710/2372 2895/1710/2362 2894/1710/2361 2904/1710/2373
f 2891/1710/2359 2903/1710/2371 2892/1710/2360
f 2896/1710/2363 2885/1710/2354 2895/1710/2362 2905/1710/2372
f 2907/1710/2061 2897/1710/2364 2896/1710/2363 2906/1710/571
f 2898/1710/2365 2897/1710/2364 2907/1710/2061 2908/1710/2060
f 2902/1710/2370 2901/1710/2369 2909/1710/2374 2910/1710/584
f 2900/1710/2368 2909/1710/2374 2901/1710/2369
f 2903/1710/2371 2902/1710/2370 2910/1710/584 2911/1710/2375
f 2912/1710/2376 2892/1710/2360 2903/1710/2371 2911/1710/2375
f 2905/1710/2372 2904/1710/2373 2913/1710/2377 2914/1710/2378
f 2893/1710/2050 2913/1710/2379 2904/1710/2051
f 2896/1710/2363 2905/1710/2372 2914/1710/2378 2906/1710/571
f 2907/1710/2061 2906/1710/571 2915/1710/2169 2916/1710/2059
f 2900/1710/2367 2899/1710/2366 2917/1710/2062 2918/1710/2064
f 2908/1710/2053 2917/1710/2380 2899/1710/2054
f 2909/1710/2374 2900/1710/2368 2918/1710/2381 2919/1710/2382
f 2910/1710/584 2909/1710/2374 2919/1710/2382 2920/1710/1992
f 2921/1710/2067 2911/1710/2375 2910/1710/584 2920/1710/1992
f 2912/1710/2376 2911/1710/2375 2921/1710/2067 2922/1710/2066
f 2923/1710/2383 2893/1710/2057 2912/1710/2056 2922/1710/2384
f 2924/1710/2385 2913/1710/2379 2893/1710/2050 2923/1710/2386
f 2925/1710/2387 2914/1710/2378 2913/1710/2377 2924/1710/2388
f 2915/1710/2169 2906/1710/571 2914/1710/2378 2925/1710/2387
f 2927/1710/2389 2916/1710/2059 2915/1710/2169 2926/1710/2187
f 2928/1710/2390 2908/1710/2060 2916/1710/2059 2927/1710/2389
f 2930/1710/2391 2919/1710/2382 2918/1710/2381 2929/1710/2392
f 2908/1710/2053 2928/1710/2393 2917/1710/2380
f 2920/1710/1992 2919/1710/2382 2930/1710/2391 2931/1710/2178
f 2921/1710/2067 2920/1710/1992 2931/1710/2178 2932/1710/2065
f 2925/1710/2387 2924/1710/2388 2933/1710/2394 2934/1710/2395
f 2923/1710/2386 2933/1710/2396 2924/1710/2385
f 2926/1710/2187 2915/1710/2169 2925/1710/2387 2934/1710/2395
f 2927/1710/2389 2926/1710/2187 2935/1710/2199 2936/1710/2071
f 2928/1710/2390 2927/1710/2389 2936/1710/2071 2937/1710/2070
f 2938/1710/2397 2917/1710/2380 2928/1710/2393 2937/1710/2398
f 2931/1710/2178 2930/1710/2391 2939/1710/2399 2940/1710/2195
f 2929/1710/2392 2939/1710/2399 2930/1710/2391
f 2932/1710/2065 2931/1710/2178 2940/1710/2195 2941/1710/2074
f 2942/1710/2073 2922/1710/2066 2932/1710/2065 2941/1710/2074
f 2923/1710/2383 2922/1710/2384 2942/1710/2080 2943/1710/2079
f 2933/1710/2396 2923/1710/2386 2943/1710/2083 2944/1710/2400
f 2945/1710/2077 2934/1710/2395 2933/1710/2394 2944/1710/2075
f 2935/1710/2199 2926/1710/2187 2934/1710/2395 2945/1710/2077
f 2936/1710/2071 2935/1710/2199 2946/1710/2204 2947/1710/2069
f 2939/1710/2399 2929/1710/2392 2948/1710/2401 2949/1710/2402
f 2938/1710/2068 2948/1710/2403 2929/1710/2063
f 2950/1710/2203 2940/1710/2195 2939/1710/2399 2949/1710/2402
f 2941/1710/2074 2940/1710/2195 2950/1710/2203 2951/1710/2072
f 2935/1710/2199 2945/1710/2077 2952/1710/2076 2946/1710/2204
f 2947/1710/2069 2946/1710/2204 2953/1710/2210 2954/1710/2404
f 2937/1710/2070 2947/1710/2069 2954/1710/2404 2955/1710/2405
f 2938/1710/2397 2937/1710/2398 2955/1710/2406 2956/1710/2407
f 2957/1710/2408 2948/1710/2403 2938/1710/2068 2956/1710/2409
f 2949/1710/2402 2948/1710/2401 2957/1710/2410 2958/1710/2411
f 2950/1710/2203 2949/1710/2402 2958/1710/2411 2959/1710/2207
f 2951/1710/2072 2950/1710/2203 2959/1710/2207 2960/1710/2412
f 2961/1710/2413 2942/1710/2073 2951/1710/2072 2960/1710/2412
f 2963/1710/2414 2952/1710/2076 2944/1710/2075 2962/1710/2415
f 2943/1710/2083 2962/1710/2082 2944/1710/2400
f 2946/1710/2204 2952/1710/2076 2963/1710/2414 2953/1710/2210
f 2954/1710/2404 2953/1710/2210 2964/1710/2220 2965/1710/2416
f 2959/1710/2207 2958/1710/2411 2966/1710/2417 2967/1710/561
f 2954/1710/2404 2965/1710/2416 2955/1710/2405
f 2957/1710/2410 2966/1710/2417 2958/1710/2411
f 2960/1710/2412 2959/1710/2207 2967/1710/561 2968/1710/2086
f 2961/1710/2413 2960/1710/2412 2968/1710/2086 2969/1710/2085
f 2970/1710/2418 2943/1710/2079 2961/1710/2078 2969/1710/2419
f 2953/1710/2210 2963/1710/2414 2971/1710/2420 2964/1710/2220
f 2962/1710/2415 2971/1710/2420 2963/1710/2414
f 2973/1710/2421 2965/1710/2416 2964/1710/2220 2972/1710/2228
f 2974/1710/2422 2955/1710/2405 2965/1710/2416 2973/1710/2421
f 2956/1710/2407 2955/1710/2406 2974/1710/2089 2975/1710/2088
f 2976/1710/2423 2957/1710/2408 2956/1710/2409 2975/1710/2424
f 2966/1710/2417 2957/1710/2410 2976/1710/2425 2977/1710/2426
f 2967/1710/561 2966/1710/2417 2977/1710/2426 2978/1710/2226
f 2968/1710/2086 2967/1710/561 2978/1710/2226 2979/1710/2084
f 2971/1710/2420 2962/1710/2415 2980/1710/2427 2981/1710/2428
f 2970/1710/2081 2980/1710/2429 2962/1710/2082
f 2964/1710/2220 2971/1710/2420 2981/1710/2428 2972/1710/2228
f 2983/1710/2430 2973/1710/2421 2972/1710/2228 2982/1710/2236
f 2974/1710/2422 2973/1710/2421 2983/1710/2430 2984/1710/2431
f 2986/1710/2432 2977/1710/2426 2976/1710/2425 2985/1710/2433
f 2975/1710/2424 2985/1710/2434 2976/1710/2423
f 2978/1710/2226 2977/1710/2426 2986/1710/2432 2987/1710/2233
f 2979/1710/2084 2978/1710/2226 2987/1710/2233 2988/1710/2435
f 2969/1710/2085 2979/1710/2084 2988/1710/2435 2989/1710/2436
f 2970/1710/2418 2969/1710/2419 2989/1710/2437 2990/1710/2438
f 2991/1710/2439 2980/1710/2429 2970/1710/2081 2990/1710/2440
f 2992/1710/2441 2981/1710/2428 2980/1710/2427 2991/1710/2442
f 2972/1710/2228 2981/1710/2428 2992/1710/2441 2982/1710/2236
f 2983/1710/2430 2982/1710/2236 2993/1710/2246 2994/1710/2093
f 2984/1710/2431 2983/1710/2430 2994/1710/2093 2995/1710/2092
f 2987/1710/2233 2986/1710/2432 2996/1710/2443 2997/1710/2241
f 2985/1710/2433 2996/1710/2443 2986/1710/2432
f 2988/1710/2435 2987/1710/2233 2997/1710/2241 2998/1710/2096
f 2989/1710/2436 2988/1710/2435 2998/1710/2096 2999/1710/2095
f 3001/1710/2099 2992/1710/2441 2991/1710/2442 3000/1710/2097
f 2989/1710/2437 2999/1710/2444 2990/1710/2438
f 2990/1710/2440 3000/1710/2445 2991/1710/2439
f 2982/1710/2236 2992/1710/2441 3001/1710/2099 2993/1710/2246
f 2994/1710/2093 2993/1710/2246 3002/1710/2256 3003/1710/2091
f 2985/1710/2434 2975/1710/2424 3004/1710/2446 3005/1710/2447
f 2995/1710/2090 3004/1710/2101 2975/1710/2088
f 3006/1710/2104 2996/1710/2443 2985/1710/2433 3005/1710/2102
f 2997/1710/2241 2996/1710/2443 3006/1710/2104 3007/1710/2251
f 2998/1710/2096 2997/1710/2241 3007/1710/2251 3008/1710/2094
f 2993/1710/2246 3001/1710/2099 3009/1710/2098 3002/1710/2256
f 3003/1710/2091 3002/1710/2256 3010/1710/2264 3011/1710/2448
f 3012/1710/2449 2995/1710/2092 3003/1710/2091 3011/1710/2448
f 3007/1710/2251 3006/1710/2104 3013/1710/2103 3014/1710/2260
f 3008/1710/2094 3007/1710/2251 3014/1710/2260 3015/1710/2107
f 2999/1710/2095 3008/1710/2094 3015/1710/2107 3016/1710/2106
f 3017/1710/2450 2990/1710/2438 2999/1710/2444 3016/1710/2451
f 3000/1710/2445 2990/1710/2440 3017/1710/2113 3018/1710/2452
f 3009/1710/2098 3000/1710/2097 3018/1710/2453 3019/1710/2454
f 3002/1710/2256 3009/1710/2098 3019/1710/2454 3010/1710/2264
f 3011/1710/2448 3010/1710/2264 3020/1710/28 3021/1710/2110
f 3012/1710/2449 3011/1710/2448 3021/1710/2110 3022/1710/2109
f 3023/1710/2455 3004/1710/2101 3012/1710/2100 3022/1710/2456
f 3024/1710/2457 3005/1710/2447 3004/1710/2446 3023/1710/2458
f 3013/1710/2103 3005/1710/2102 3024/1710/2459 3025/1710/2460
f 3026/1710/8 3014/1710/2260 3013/1710/2103 3025/1710/2460
f 3015/1710/2107 3014/1710/2260 3026/1710/8 3027/1710/2105
f 3019/1710/2454 3018/1710/2453 3028/1710/2461 3029/1710/2462
f 3017/1710/2113 3028/1710/2112 3018/1710/2452
f 3010/1710/2264 3019/1710/2454 3029/1710/2462 3020/1710/28
f 3031/1710/2108 3021/1710/2110 3020/1710/28 3030/1710/2278
f 3026/1710/8 3025/1710/2460 3032/1710/2463 3033/1710/2276
f 3024/1710/2459 3032/1710/2463 3025/1710/2460
f 3027/1710/2105 3026/1710/8 3033/1710/2276 3034/1710/2464
f 3035/1710/2465 3016/1710/2106 3027/1710/2105 3034/1710/2464
f 3036/1710/2466 3017/1710/2450 3016/1710/2451 3035/1710/2467
f 3020/1710/28 3029/1710/2462 3037/1710/2468 3030/1710/2278
f 3028/1710/2461 3037/1710/2468 3029/1710/2462
f 3031/1710/2108 3030/1710/2278 3038/1710/2292 3039/1710/2469
f 3022/1710/2109 3031/1710/2108 3039/1710/2469 3040/1710/2470
f 3023/1710/2455 3022/1710/2456 3040/1710/2117 3041/1710/2116
f 3024/1710/2457 3023/1710/2458 3041/1710/2471 3042/1710/2472
f 3032/1710/2463 3024/1710/2459 3042/1710/2473 3043/1710/2474
f 3044/1710/2285 3033/1710/2276 3032/1710/2463 3043/1710/2474
f 3034/1710/2464 3033/1710/2276 3044/1710/2285 3045/1710/2120
f 3035/1710/2465 3034/1710/2464 3045/1710/2120 3046/1710/2119
f 3037/1710/2468 3028/1710/2461 3047/1710/2475 3048/1710/2476
f 3035/1710/2467 3046/1710/2123 3036/1710/2466
f 3030/1710/2278 3037/1710/2468 3048/1710/2476 3038/1710/2292
f 3039/1710/2469 3038/1710/2292 3049/1710/2298 3050/1710/2477
f 3040/1710/2470 3039/1710/2469 3050/1710/2477 3051/1710/2478
f 3044/1710/2285 3043/1710/2474 3052/1710/2479 3053/1710/2296
f 3042/1710/2473 3052/1710/2479 3043/1710/2474
f 3045/1710/2120 3044/1710/2285 3053/1710/2296 3054/1710/2118
f 3056/1710/2480 3047/1710/2114 3036/1710/2111 3055/1710/2481
f 3046/1710/2123 3055/1710/2122 3036/1710/2466
f 3057/1710/2482 3048/1710/2476 3047/1710/2475 3056/1710/2483
f 3038/1710/2292 3048/1710/2476 3057/1710/2482 3049/1710/2298
f 3050/1710/2477 3049/1710/2298 3058/1710/2309 3059/1710/2126
f 3051/1710/2478 3050/1710/2477 3059/1710/2126 3060/1710/2125
f 3061/1710/2143 3041/1710/2116 3051/1710/2115 3060/1710/2484
f 3062/1710/2132 3042/1710/2472 3041/1710/2471 3061/1710/2130
f 3052/1710/2479 3042/1710/2473 3062/1710/2485 3063/1710/2486
f 3053/1710/2296 3052/1710/2479 3063/1710/2486 3064/1710/2303
f 3054/1710/2118 3053/1710/2296 3064/1710/2303 3065/1710/2129
f 3046/1710/2119 3054/1710/2118 3065/1710/2129 3066/1710/2128
f 3057/1710/2482 3056/1710/2483 3067/1710/2487 3068/1710/2488
f 3055/1710/2481 3067/1710/2489 3056/1710/2480
f 3058/1710/2309 3049/1710/2298 3057/1710/2482 3068/1710/2488
f 3070/1710/2124 3059/1710/2126 3058/1710/2309 3069/1710/2317
f 3064/1710/2303 3063/1710/2486 3071/1710/2490 3072/1710/2312
f 3062/1710/2485 3071/1710/2490 3063/1710/2486
f 3065/1710/2129 3064/1710/2303 3072/1710/2312 3073/1710/2127
f 3067/1710/2489 3055/1710/2481 3074/1710/2491 3075/1710/2492
f 3066/1710/2121 3074/1710/2134 3055/1710/2122
f 3076/1710/2137 3068/1710/2488 3067/1710/2487 3075/1710/2135
f 3058/1710/2309 3068/1710/2488 3076/1710/2137 3069/1710/2317
f 3078/1710/2140 3070/1710/2124 3069/1710/2317 3077/1710/583
f 3060/1710/2125 3070/1710/2124 3078/1710/2140 3079/1710/2139
f 3081/1710/2493 3071/1710/2490 3062/1710/2485 3080/1710/2494
f 3060/1710/2484 3079/1710/2141 3061/1710/2143
f 3072/1710/2312 3071/1710/2490 3081/1710/2493 3082/1710/567
f 3073/1710/2127 3072/1710/2312 3082/1710/567 3083/1710/2495
f 3066/1710/2128 3073/1710/2127 3083/1710/2495 3084/1710/2496
f 3069/1710/2317 3076/1710/2137 3085/1710/2136 3077/1710/583
f 3087/1710/2138 3078/1710/2140 3077/1710/583 3086/1710/2336
f 3082/1710/567 3081/1710/2493 3089/1710/2497 3090/1710/2330
f 3080/1710/2494 3089/1710/2497 3081/1710/2493
f 3083/1710/2495 3082/1710/567 3090/1710/2330 3091/1710/2498
f 3075/1710/2492 3074/1710/2491 3092/1710/2155 3093/1710/2499
f 3083/1710/2495 3091/1710/2498 3084/1710/2496
f 3085/1710/2136 3075/1710/2135 3093/1710/2500 3094/1710/2501
f 3077/1710/583 3085/1710/2136 3094/1710/2501 3086/1710/2336
f 3087/1710/2138 3086/1710/2336 3095/1710/2345 3096/1710/2502
f 3079/1710/2139 3087/1710/2138 3096/1710/2502 3097/1710/2503
f 3089/1710/2497 3080/1710/2494 3098/1710/2504 3099/1710/2505
f 3088/1710/2144 3098/1710/2149 3080/1710/2131
f 3090/1710/2330 3089/1710/2497 3099/1710/2505 3100/1710/2342
f 3091/1710/2498 3090/1710/2330 3100/1710/2342 3101/1710/2152
f 3102/1710/2151 3084/1710/2496 3091/1710/2498 3101/1710/2152
f 3104/1710/2506 3094/1710/2501 3093/1710/2500 3103/1710/2507
f 3092/1710/2155 3103/1710/2154 3093/1710/2499
f 3086/1710/2336 3094/1710/2501 3104/1710/2506 3095/1710/2345
f 3096/1710/2502 3095/1710/2345 3105/1710/2352 3106/1710/2158
f 3097/1710/2503 3096/1710/2502 3106/1710/2158 3107/1710/2157
f 3108/1710/2508 3088/1710/2142 3097/1710/2146 3107/1710/2509
f 3100/1710/2342 3099/1710/2505 3109/1710/2510 3110/1710/2350
f 3098/1710/2504 3109/1710/2510 3099/1710/2505
f 3101/1710/2152 3100/1710/2342 3110/1710/2350 3111/1710/2150
f 3095/1710/2345 3104/1710/2506 3113/1710/2511 3105/1710/2352
f 3102/1710/2147 3112/1710/2160 3092/1710/2145
f 3103/1710/2507 3113/1710/2511 3104/1710/2506
f 3106/1710/2158 3105/1710/2352 3114/1710/2358 3115/1710/2156
f 3109/1710/2510 3098/1710/2504 3116/1710/2512 3117/1710/2513
f 3108/1710/2148 3116/1710/2162 3098/1710/2149
f 3110/1710/2350 3109/1710/2510 3117/1710/2513 3118/1710/2354
f 3111/1710/2150 3110/1710/2350 3118/1710/2354 3119/1710/2514
f 3120/1710/2515 3102/1710/2151 3111/1710/2150 3119/1710/2514
f 3113/1710/2511 3103/1710/2507 3121/1710/2516 3122/1710/2517
f 3112/1710/2153 3121/1710/2518 3103/1710/2154
f 3105/1710/2352 3113/1710/2511 3122/1710/2517 3114/1710/2358
f 3124/1710/2164 3115/1710/2156 3114/1710/2358 3123/1710/2370
f 2674/1710/2163 3107/1710/2157 3115/1710/2156 3124/1710/2164
f 3125/1710/2519 3108/1710/2508 3107/1710/2509 2674/1710/1951
f 3127/1710/2363 3118/1710/2354 3117/1710/2513 3126/1710/2520
f 3116/1710/2512 3126/1710/2520 3117/1710/2513
f 3119/1710/2514 3118/1710/2354 3127/1710/2363 3128/1710/2167
f 3120/1710/2515 3119/1710/2514 3128/1710/2167 2680/1710/2166
f 3129/1710/2521 3112/1710/2160 3120/1710/2159 2680/1710/1954
f 3121/1710/2518 3112/1710/2153 3129/1710/2522 3130/1710/2523
f 3122/1710/2517 3121/1710/2516 3130/1710/2524 3131/1710/2525
f 3114/1710/2358 3122/1710/2517 3131/1710/2525 3123/1710/2370
f 3124/1710/2164 3123/1710/2370 2672/1710/584 2673/1710/1991
f 3116/1710/2162 3125/1710/2161 2675/1710/2184 2676/1710/2183
f 2674/1710/1951 2675/1710/1950 3125/1710/2519
f 3126/1710/2520 3116/1710/2512 2676/1710/2172 2677/1710/2170
f 3127/1710/2363 3126/1710/2520 2677/1710/2170 2678/1710/571
f 2679/1710/2165 3128/1710/2167 3127/1710/2363 2678/1710/571
f 3130/1710/2523 3129/1710/2522 2681/1710/2191 2682/1710/2190
f 2680/1710/1954 2681/1710/1953 3129/1710/2521
f 2683/1710/2175 3131/1710/2525 3130/1710/2524 2682/1710/2177
f 2672/1710/584 3123/1710/2370 3131/1710/2525 2683/1710/2175
f 5817/1710/3732 5805/1710/3733 5806/1710/3734
f 5821/1710/3735 5811/1710/3736 5812/1710/3737
f 5827/1710/3738 5828/1710/3739 5839/1710/3740
f 5841/1710/3741 5830/1710/3742 5831/1710/3743
f 5832/1710/3744 5833/1710/3745 5842/1710/3746
f 5851/1710/3747 5832/1710/3744 5842/1710/3746
f 5856/1710/3748 5838/1710/3749 5846/1710/3750
f 5846/1710/3751 5847/1710/3752 5857/1710/3753
f 5859/1710/3754 5849/1710/3755 5850/1710/3756
f 5865/1710/3757 5855/1710/3758 5856/1710/3759
f 5870/1710/3760 5850/1710/3761 5860/1710/3762
f 5885/1710/3763 5856/1710/3748 5875/1710/3764
f 5875/1710/3765 5876/1710/3766 5886/1710/3767
f 5888/1710/3768 5878/1710/3769 5879/1710/3770
f 5893/1710/3771 5884/1710/3772 5885/1710/3773
f 5804/1710/3774 5816/1710/3775 5815/1710/2370 5803/1710/584
f 5903/1710/3776 5893/1710/3771 5885/1710/3773
f 5907/1710/3777 5897/1710/3778 5898/1710/3779
f 5913/1710/3780 5885/1710/3763 5904/1710/3781
f 5923/1710/3782 5912/1710/3783 5913/1710/3784
f 5913/1710/3780 5904/1710/3781 5924/1710/3785
f 5927/1710/3786 5916/1710/3787 5917/1710/3788
f 5931/1710/3789 5922/1710/3790 5923/1710/3791
f 5946/1710/3792 5934/1710/3793 5935/1710/3794
f 5950/1710/3795 5940/1710/3796 5941/1710/3797
f 5965/1710/3798 5953/1710/3799 5954/1710/3800
f 5966/1710/3801 5955/1710/3802 5956/1710/3803
f 5970/1710/3804 5960/1710/3805 5961/1710/3806
f 5966/1710/3801 5956/1710/3803 5976/1710/3807
f 5981/1710/3808 5961/1710/3809 5971/1710/3810
f 5989/1710/3811 5979/1710/3812 5980/1710/3813
f 5995/1710/3814 5975/1710/3815 5985/1710/3816
f 6010/1710/3817 5999/1710/3818 6000/1710/3819
f 6014/1710/3820 6004/1710/3821 6005/1710/3822
f 6007/1710/3823 6008/1710/3824 6015/1710/3825
f 6018/1710/3826 6000/1710/3827 6011/1710/3828
f 6011/1710/3829 6001/1710/3830 6019/1710/3831
f 6024/1710/3832 6025/1710/3833 6035/1710/3834
f 6039/1710/3835 6029/1710/3836 6030/1710/3837
f 6043/1710/3838 6023/1710/3839 6024/1710/3840
f 6047/1710/3841 6038/1710/3842 6039/1710/3843
f 6048/1710/3844 6049/1710/3845 6060/1710/3846
f 6063/1710/3847 6052/1710/3848 6053/1710/3849
f 6069/1710/3850 6048/1710/3844 6060/1710/3846
f 6078/1710/3851 6067/1710/3852 6068/1710/3853
f 6082/1710/2040 6072/1710/3854 6073/1710/3855
f 6075/1710/3856 6076/1710/3857 6083/1710/3858
f 6092/1710/3859 6073/1710/3860 6074/1710/3861
f 6101/1710/3862 6074/1710/3863 6093/1710/3864
f 6110/1710/3865 6099/1710/2325 6100/1710/3866
f 6115/1710/3867 6105/1710/3868 6106/1710/3869
f 6126/1710/3870 6115/1710/3867 6106/1710/3869
f 6134/1710/3871 6125/1710/3872 6126/1710/3873
f 6139/1710/3874 6129/1710/3875 6130/1710/3876
f 6131/1710/3877 6132/1710/3878 6140/1710/3879
f 6143/1710/3880 6126/1710/3870 6135/1710/3881
f 6136/1710/3882 6137/1710/3883 6144/1710/3884
f 6158/1710/3885 6146/1710/3886 6147/1710/3887
f 6162/1710/3888 6152/1710/3889 6153/1710/3890
f 6167/1710/3891 6148/1710/3892 6159/1710/3893
f 6167/1710/3891 6159/1710/3893 6178/1710/3894
f 6182/1710/3895 6171/1710/3896 6172/1710/3897
f 6185/1710/3898 6176/1710/3899 6177/1710/3900
f 6197/1710/3901 6177/1710/3902 6186/1710/3903
f 6201/1710/3904 6190/1710/3905 6191/1710/3906
f 6204/1710/3907 6196/1710/3908 6197/1710/3909
f 6192/1710/3910 6193/1710/3911 6211/1710/3912
f 6215/1710/3913 6197/1710/3901 6205/1710/3914
f 6206/1710/3915 6207/1710/3916 6216/1710/3917
f 6218/1710/3918 6209/1710/3919 6210/1710/3920
f 6210/1710/3921 6192/1710/3922 6219/1710/3923
f 6219/1710/3924 6192/1710/3910 6211/1710/3912
f 6215/1710/3913 6205/1710/3914 6223/1710/3925
f 6228/1710/3926 6210/1710/3921 6219/1710/3923
f 6233/1710/3927 6215/1710/3913 6223/1710/3925
f 6239/1710/3928 6219/1710/3924 6229/1710/3929
f 6242/1710/3930 6232/1710/3931 6233/1710/3932
f 6243/1710/3933 6223/1710/3934 6234/1710/3935
f 6246/1710/3936 6237/1710/3937 6238/1710/3938
f 6251/1710/3939 6233/1710/3927 6243/1710/3940
f 6256/1710/3941 6239/1710/3928 6247/1710/3942
f 5804/1710/3774 6255/1710/3943 5805/1710/3944
f 5810/1710/3945 6259/1710/3946 5811/1710/3947
f 5817/1710/3948 5816/1710/3775 5804/1710/3774 5805/1710/3944
f 5819/1710/2363 5818/1710/3949 5808/1710/3950 5809/1710/571
f 5807/1710/3951 5808/1710/3950 5818/1710/3949
f 5810/1710/3945 5820/1710/3952 5819/1710/2363 5809/1710/571
f 5811/1710/3947 5821/1710/3953 5820/1710/3952 5810/1710/3945
f 5803/1710/584 5815/1710/2370 5822/1710/3954 5814/1710/3955
f 5813/1710/3956 5814/1710/3955 5822/1710/3954
f 5816/1710/3775 5824/1710/3957 5823/1710/2358 5815/1710/2370
f 5817/1710/3948 5825/1710/3958 5824/1710/3957 5816/1710/3775
f 5806/1710/3734 5826/1710/3959 5825/1710/3960 5817/1710/3732
f 5807/1710/3961 5827/1710/3962 5826/1710/3963 5806/1710/3964
f 5828/1710/3739 5827/1710/3738 5807/1710/3951 5818/1710/3949
f 5819/1710/2363 5829/1710/2354 5828/1710/3739 5818/1710/3949
f 5820/1710/3952 5830/1710/3742 5829/1710/2354 5819/1710/2363
f 5821/1710/3953 5831/1710/3743 5830/1710/3742 5820/1710/3952
f 5832/1710/3965 5831/1710/3966 5821/1710/3735 5812/1710/3737
f 5833/1710/3745 5832/1710/3744 5812/1710/3967 5813/1710/3968
f 5834/1710/3969 5833/1710/3970 5813/1710/3956 5822/1710/3954
f 5815/1710/2370 5823/1710/2358 5834/1710/3969 5822/1710/3954
f 5836/1710/3971 5835/1710/2352 5823/1710/2358 5824/1710/3957
f 5825/1710/3958 5837/1710/3972 5836/1710/3971 5824/1710/3957
f 5826/1710/3959 5838/1710/3973 5837/1710/3974 5825/1710/3960
f 5840/1710/2350 5839/1710/3740 5828/1710/3739 5829/1710/2354
f 5826/1710/3963 5827/1710/3962 5838/1710/3749
f 5830/1710/3742 5841/1710/3741 5840/1710/2350 5829/1710/2354
f 5843/1710/3975 5842/1710/3976 5833/1710/3970 5834/1710/3969
f 5823/1710/2358 5835/1710/2352 5843/1710/3975 5834/1710/3969
f 5845/1710/3977 5844/1710/2345 5835/1710/2352 5836/1710/3971
f 5847/1710/3752 5846/1710/3751 5827/1710/3738 5839/1710/3740
f 5836/1710/3971 5837/1710/3972 5845/1710/3977
f 5838/1710/3749 5827/1710/3962 5846/1710/3750
f 5840/1710/2350 5848/1710/2342 5847/1710/3752 5839/1710/3740
f 5841/1710/3741 5849/1710/3755 5848/1710/2342 5840/1710/2350
f 5831/1710/3743 5850/1710/3756 5849/1710/3755 5841/1710/3741
f 5851/1710/3978 5850/1710/3761 5831/1710/3966 5832/1710/3965
f 5835/1710/2352 5844/1710/2345 5852/1710/3979 5843/1710/3975
f 5842/1710/3976 5843/1710/3975 5852/1710/3979
f 5845/1710/3977 5854/1710/3980 5853/1710/3981 5844/1710/2345
f 5855/1710/3982 5854/1710/3980 5845/1710/3977 5837/1710/3972
f 5838/1710/3973 5856/1710/3759 5855/1710/3758 5837/1710/3974
f 5848/1710/2342 5858/1710/3983 5857/1710/3753 5847/1710/3752
f 5849/1710/3755 5859/1710/3754 5858/1710/3983 5848/1710/2342
f 5842/1710/3746 5861/1710/3984 5860/1710/3985 5851/1710/3747
f 5850/1710/3761 5851/1710/3978 5860/1710/3762
f 5852/1710/3979 5862/1710/3986 5861/1710/3987 5842/1710/3976
f 5853/1710/3981 5862/1710/3986 5852/1710/3979 5844/1710/2345
f 5854/1710/3980 5864/1710/3988 5863/1710/583 5853/1710/3981
f 5855/1710/3982 5865/1710/3989 5864/1710/3988 5854/1710/3980
f 5857/1710/3753 5867/1710/3990 5866/1710/3991 5846/1710/3751
f 5856/1710/3748 5846/1710/3750 5866/1710/3992
f 5858/1710/3983 5868/1710/567 5867/1710/3990 5857/1710/3753
f 5869/1710/3993 5868/1710/567 5858/1710/3983 5859/1710/3754
f 5850/1710/3756 5870/1710/3994 5869/1710/3993 5859/1710/3754
f 5872/1710/3995 5871/1710/3996 5861/1710/3987 5862/1710/3986
f 5860/1710/3985 5861/1710/3984 5871/1710/3997
f 5853/1710/3981 5863/1710/583 5872/1710/3995 5862/1710/3986
f 5864/1710/3988 5874/1710/3998 5873/1710/2317 5863/1710/583
f 5876/1710/3766 5875/1710/3765 5866/1710/3991 5867/1710/3990
f 5864/1710/3988 5865/1710/3989 5874/1710/3998
f 5856/1710/3748 5866/1710/3992 5875/1710/3764
f 5868/1710/567 5877/1710/3999 5876/1710/3766 5867/1710/3990
f 5869/1710/3993 5878/1710/3769 5877/1710/3999 5868/1710/567
f 5870/1710/3994 5879/1710/3770 5878/1710/3769 5869/1710/3993
f 5880/1710/4000 5879/1710/4001 5870/1710/3760 5860/1710/3762
f 5863/1710/583 5873/1710/2317 5881/1710/4002 5872/1710/3995
f 5860/1710/3985 5871/1710/3997 5880/1710/4003
f 5871/1710/3996 5872/1710/3995 5881/1710/4002
f 5874/1710/3998 5883/1710/4004 5882/1710/2309 5873/1710/2317
f 5884/1710/4005 5883/1710/4004 5874/1710/3998 5865/1710/3989
f 5885/1710/3773 5884/1710/3772 5865/1710/3757 5856/1710/3759
f 5877/1710/3999 5887/1710/2303 5886/1710/3767 5876/1710/3766
f 5878/1710/3769 5888/1710/3768 5887/1710/2303 5877/1710/3999
f 5881/1710/4002 5890/1710/4006 5889/1710/4007 5871/1710/3996
f 5880/1710/4003 5871/1710/3997 5889/1710/4008
f 5873/1710/2317 5882/1710/2309 5890/1710/4006 5881/1710/4002
f 5892/1710/4009 5891/1710/2298 5882/1710/2309 5883/1710/4004
f 5884/1710/4005 5893/1710/4010 5892/1710/4009 5883/1710/4004
f 5886/1710/3767 5895/1710/4011 5894/1710/4012 5875/1710/3765
f 5885/1710/3763 5875/1710/3764 5894/1710/4013
f 5887/1710/2303 5896/1710/2296 5895/1710/4011 5886/1710/3767
f 5888/1710/3768 5897/1710/3778 5896/1710/2296 5887/1710/2303
f 5879/1710/3770 5898/1710/3779 5897/1710/3778 5888/1710/3768
f 5899/1710/4014 5898/1710/4015 5879/1710/4001 5880/1710/4000
f 5882/1710/2309 5891/1710/2298 5900/1710/4016 5890/1710/4006
f 5880/1710/4003 5889/1710/4008 5899/1710/4017
f 5889/1710/4007 5890/1710/4006 5900/1710/4016
f 5892/1710/4009 5902/1710/4018 5901/1710/2292 5891/1710/2298
f 5893/1710/4010 5903/1710/4019 5902/1710/4018 5892/1710/4009
f 5905/1710/4020 5904/1710/4021 5894/1710/4012 5895/1710/4011
f 5885/1710/3763 5894/1710/4013 5904/1710/3781
f 5896/1710/2296 5906/1710/2285 5905/1710/4020 5895/1710/4011
f 5897/1710/3778 5907/1710/3777 5906/1710/2285 5896/1710/2296
f 5900/1710/4016 5909/1710/4022 5908/1710/4023 5889/1710/4007
f 5899/1710/4017 5889/1710/4008 5908/1710/4024
f 5891/1710/2298 5901/1710/2292 5909/1710/4022 5900/1710/4016
f 5902/1710/4018 5911/1710/4025 5910/1710/2278 5901/1710/2292
f 5903/1710/4019 5912/1710/4026 5911/1710/4025 5902/1710/4018
f 5913/1710/3784 5912/1710/3783 5903/1710/3776 5885/1710/3773
f 5906/1710/2285 5915/1710/4027 5914/1710/4028 5905/1710/4020
f 5904/1710/4021 5905/1710/4020 5914/1710/4028
f 5916/1710/3787 5915/1710/4027 5906/1710/2285 5907/1710/3777
f 5898/1710/3779 5917/1710/3788 5916/1710/3787 5907/1710/3777
f 5918/1710/4029 5917/1710/4030 5898/1710/4015 5899/1710/4014
f 5908/1710/4024 5919/1710/4031 5918/1710/4032 5899/1710/4017
f 5909/1710/4022 5920/1710/4033 5919/1710/4034 5908/1710/4023
f 5901/1710/2292 5910/1710/2278 5920/1710/4033 5909/1710/4022
f 5911/1710/4025 5922/1710/3790 5921/1710/28 5910/1710/2278
f 5912/1710/4026 5923/1710/3791 5922/1710/3790 5911/1710/4025
f 5925/1710/4035 5924/1710/4036 5904/1710/4021 5914/1710/4028
f 5915/1710/4027 5926/1710/8 5925/1710/4035 5914/1710/4028
f 5916/1710/3787 5927/1710/3786 5926/1710/8 5915/1710/4027
f 5920/1710/4033 5929/1710/4037 5928/1710/4038 5919/1710/4034
f 5918/1710/4032 5919/1710/4031 5928/1710/4039
f 5921/1710/28 5929/1710/4037 5920/1710/4033 5910/1710/2278
f 5922/1710/3790 5931/1710/3789 5930/1710/2264 5921/1710/28
f 5926/1710/8 5933/1710/2260 5932/1710/4040 5925/1710/4035
f 5924/1710/4036 5925/1710/4035 5932/1710/4040
f 5934/1710/3793 5933/1710/2260 5926/1710/8 5927/1710/3786
f 5917/1710/3788 5935/1710/3794 5934/1710/3793 5927/1710/3786
f 5936/1710/4041 5935/1710/4042 5917/1710/4030 5918/1710/4029
f 5937/1710/4043 5936/1710/4044 5918/1710/4032 5928/1710/4039
f 5938/1710/4045 5937/1710/4046 5928/1710/4038 5929/1710/4037
f 5930/1710/2264 5938/1710/4045 5929/1710/4037 5921/1710/28
f 5931/1710/3789 5940/1710/3796 5939/1710/2256 5930/1710/2264
f 5941/1710/3797 5940/1710/3796 5931/1710/3789 5923/1710/3791
f 5942/1710/4047 5941/1710/4048 5923/1710/3782 5913/1710/3784
f 5924/1710/3785 5943/1710/4049 5942/1710/4050 5913/1710/3780
f 5932/1710/4040 5944/1710/4051 5943/1710/4052 5924/1710/4036
f 5933/1710/2260 5945/1710/4053 5944/1710/4051 5932/1710/4040
f 5934/1710/3793 5946/1710/3792 5945/1710/4053 5933/1710/2260
f 5938/1710/4045 5948/1710/4054 5947/1710/4055 5937/1710/4046
f 5936/1710/4044 5937/1710/4043 5947/1710/4056
f 5930/1710/2264 5939/1710/2256 5948/1710/4054 5938/1710/4045
f 5940/1710/3796 5950/1710/3795 5949/1710/2246 5939/1710/2256
f 5945/1710/4053 5952/1710/2241 5951/1710/4057 5944/1710/4051
f 5943/1710/4052 5944/1710/4051 5951/1710/4057
f 5946/1710/3792 5953/1710/3799 5952/1710/2241 5945/1710/4053
f 5935/1710/3794 5954/1710/3800 5953/1710/3799 5946/1710/3792
f 5955/1710/4058 5954/1710/4059 5935/1710/4042 5936/1710/4041
f 5947/1710/4056 5956/1710/3803 5955/1710/3802 5936/1710/4044
f 5957/1710/4060 5956/1710/4061 5947/1710/4055 5948/1710/4054
f 5939/1710/2256 5949/1710/2246 5957/1710/4060 5948/1710/4054
f 5950/1710/3795 5959/1710/4062 5958/1710/2236 5949/1710/2246
f 5960/1710/4063 5959/1710/4062 5950/1710/3795 5941/1710/3797
f 5942/1710/4047 5961/1710/3806 5960/1710/3805 5941/1710/4048
f 5943/1710/4049 5962/1710/4064 5961/1710/3809 5942/1710/4050
f 5951/1710/4057 5963/1710/4065 5962/1710/4066 5943/1710/4052
f 5952/1710/2241 5964/1710/4067 5963/1710/4065 5951/1710/4057
f 5953/1710/3799 5965/1710/3798 5964/1710/4067 5952/1710/2241
f 5949/1710/2246 5958/1710/2236 5967/1710/4068 5957/1710/4060
f 5954/1710/4059 5955/1710/4058 5966/1710/4069
f 5956/1710/4061 5957/1710/4060 5967/1710/4068
f 5959/1710/4062 5969/1710/4070 5968/1710/2228 5958/1710/2236
f 5960/1710/4063 5970/1710/4071 5969/1710/4070 5959/1710/4062
f 5963/1710/4065 5972/1710/4072 5971/1710/4073 5962/1710/4066
f 5961/1710/3809 5962/1710/4064 5971/1710/3810
f 5973/1710/4074 5972/1710/4072 5963/1710/4065 5964/1710/4067
f 5965/1710/3798 5974/1710/4075 5973/1710/4074 5964/1710/4067
f 5975/1710/4076 5974/1710/4075 5965/1710/3798 5954/1710/3800
f 5977/1710/4077 5976/1710/4078 5956/1710/4061 5967/1710/4068
f 5954/1710/4059 5966/1710/4069 5975/1710/3815
f 5958/1710/2236 5968/1710/2228 5977/1710/4077 5967/1710/4068
f 5969/1710/4070 5979/1710/3812 5978/1710/2220 5968/1710/2228
f 5970/1710/4071 5980/1710/3813 5979/1710/3812 5969/1710/4070
f 5981/1710/4079 5980/1710/4080 5970/1710/3804 5961/1710/3806
f 5973/1710/4074 5983/1710/561 5982/1710/4081 5972/1710/4072
f 5971/1710/4073 5972/1710/4072 5982/1710/4081
f 5974/1710/4075 5984/1710/4082 5983/1710/561 5973/1710/4074
f 5976/1710/3807 5986/1710/4083 5985/1710/4084 5966/1710/3801
f 5974/1710/4075 5975/1710/4076 5984/1710/4082
f 5975/1710/3815 5966/1710/4069 5985/1710/3816
f 5977/1710/4077 5987/1710/4085 5986/1710/4086 5976/1710/4078
f 5968/1710/2228 5978/1710/2220 5987/1710/4085 5977/1710/4077
f 5979/1710/3812 5989/1710/3811 5988/1710/2210 5978/1710/2220
f 5991/1710/4087 5990/1710/4088 5981/1710/3808 5971/1710/3810
f 5980/1710/4080 5981/1710/4079 5990/1710/4089
f 5982/1710/4081 5992/1710/4090 5991/1710/4091 5971/1710/4073
f 5983/1710/561 5993/1710/2207 5992/1710/4090 5982/1710/4081
f 5984/1710/4082 5994/1710/4092 5993/1710/2207 5983/1710/561
f 5995/1710/4093 5994/1710/4092 5984/1710/4082 5975/1710/4076
f 5997/1710/4094 5996/1710/4095 5986/1710/4086 5987/1710/4085
f 5985/1710/4084 5986/1710/4083 5996/1710/4096
f 5978/1710/2220 5988/1710/2210 5997/1710/4094 5987/1710/4085
f 5999/1710/3818 5998/1710/2204 5988/1710/2210 5989/1710/3811
f 5980/1710/3813 6000/1710/3819 5999/1710/3818 5989/1710/3811
f 5992/1710/4090 6002/1710/4097 6001/1710/4098 5991/1710/4091
f 5980/1710/4080 5990/1710/4089 6000/1710/3827
f 5990/1710/4088 5991/1710/4087 6001/1710/3830
f 5993/1710/2207 6003/1710/2203 6002/1710/4097 5992/1710/4090
f 5994/1710/4092 6004/1710/3821 6003/1710/2203 5993/1710/2207
f 5995/1710/4093 6005/1710/3822 6004/1710/3821 5994/1710/4092
f 6006/1710/4099 6005/1710/4100 5995/1710/3814 5985/1710/3816
f 5996/1710/4096 6007/1710/4101 6006/1710/4102 5985/1710/4084
f 5997/1710/4094 6008/1710/3824 6007/1710/3823 5996/1710/4095
f 5988/1710/2210 5998/1710/2204 6008/1710/3824 5997/1710/4094
f 5999/1710/3818 6010/1710/3817 6009/1710/2199 5998/1710/2204
f 6003/1710/2203 6013/1710/2195 6012/1710/4103 6002/1710/4097
f 6000/1710/3827 5990/1710/4089 6011/1710/3828
f 5990/1710/4088 6001/1710/3830 6011/1710/3829
f 6001/1710/4098 6002/1710/4097 6012/1710/4103
f 6014/1710/3820 6013/1710/2195 6003/1710/2203 6004/1710/3821
f 5998/1710/2204 6009/1710/2199 6015/1710/3825 6008/1710/3824
f 6017/1710/4104 6016/1710/2187 6009/1710/2199 6010/1710/3817
f 6000/1710/3819 6018/1710/4105 6017/1710/4104 6010/1710/3817
f 6012/1710/4103 6020/1710/4106 6019/1710/4107 6001/1710/4098
f 6013/1710/2195 6021/1710/2178 6020/1710/4106 6012/1710/4103
f 6014/1710/3820 6022/1710/4108 6021/1710/2178 6013/1710/2195
f 6005/1710/3822 6023/1710/4109 6022/1710/4108 6014/1710/3820
f 6006/1710/4099 6024/1710/3840 6023/1710/3839 6005/1710/4100
f 6025/1710/3833 6024/1710/3832 6006/1710/4102 6007/1710/4101
f 6015/1710/3825 6026/1710/4110 6025/1710/4111 6007/1710/3823
f 6009/1710/2199 6016/1710/2187 6026/1710/4110 6015/1710/3825
f 6017/1710/4104 6028/1710/4112 6027/1710/2169 6016/1710/2187
f 6018/1710/4105 6029/1710/4113 6028/1710/4112 6017/1710/4104
f 6011/1710/3828 6030/1710/3837 6029/1710/3836 6018/1710/3826
f 6019/1710/3831 6031/1710/4114 6030/1710/4115 6011/1710/3829
f 6020/1710/4106 6032/1710/4116 6031/1710/4117 6019/1710/4107
f 6021/1710/2178 6033/1710/1992 6032/1710/4116 6020/1710/4106
f 6022/1710/4108 6034/1710/4118 6033/1710/1992 6021/1710/2178
f 6036/1710/2387 6035/1710/2388 6025/1710/4111 6026/1710/4110
f 6022/1710/4108 6023/1710/4109 6034/1710/4118
f 6027/1710/2169 6036/1710/2387 6026/1710/4110 6016/1710/2187
f 6038/1710/3842 6037/1710/571 6027/1710/2169 6028/1710/4112
f 6029/1710/4113 6039/1710/3843 6038/1710/3842 6028/1710/4112
f 6033/1710/1992 6041/1710/584 6040/1710/4119 6032/1710/4116
f 6031/1710/4117 6032/1710/4116 6040/1710/4119
f 6034/1710/4118 6042/1710/4120 6041/1710/584 6033/1710/1992
f 6043/1710/4121 6042/1710/4120 6034/1710/4118 6023/1710/4109
f 6036/1710/2387 6045/1710/2378 6044/1710/2377 6035/1710/2388
f 6024/1710/3832 6035/1710/3834 6044/1710/4122
f 6027/1710/2169 6037/1710/571 6045/1710/2378 6036/1710/2387
f 6038/1710/3842 6047/1710/3841 6046/1710/2363 6037/1710/571
f 6031/1710/4114 6049/1710/3845 6048/1710/3844 6030/1710/4115
f 6039/1710/3835 6030/1710/3837 6048/1710/4123
f 6040/1710/4119 6050/1710/4124 6049/1710/4125 6031/1710/4117
f 6041/1710/584 6051/1710/2370 6050/1710/4124 6040/1710/4119
f 6052/1710/3848 6051/1710/2370 6041/1710/584 6042/1710/4120
f 6043/1710/4121 6053/1710/3849 6052/1710/3848 6042/1710/4120
f 6054/1710/4126 6053/1710/4127 6043/1710/3838 6024/1710/3840
f 6055/1710/4128 6054/1710/4129 6024/1710/3832 6044/1710/4122
f 6056/1710/2372 6055/1710/2373 6044/1710/2377 6045/1710/2378
f 6046/1710/2363 6056/1710/2372 6045/1710/2378 6037/1710/571
f 6058/1710/4130 6057/1710/2354 6046/1710/2363 6047/1710/3841
f 6059/1710/4131 6058/1710/4130 6047/1710/3841 6039/1710/3843
f 6061/1710/4132 6060/1710/4133 6049/1710/4125 6050/1710/4124
f 6039/1710/3835 6048/1710/4123 6059/1710/4134
f 6051/1710/2370 6062/1710/2358 6061/1710/4132 6050/1710/4124
f 6052/1710/3848 6063/1710/3847 6062/1710/2358 6051/1710/2370
f 6056/1710/2372 6065/1710/4135 6064/1710/4136 6055/1710/2373
f 6054/1710/4129 6055/1710/4128 6064/1710/4137
f 6057/1710/2354 6065/1710/4135 6056/1710/2372 6046/1710/2363
f 6058/1710/4130 6067/1710/3852 6066/1710/2350 6057/1710/2354
f 6059/1710/4131 6068/1710/3853 6067/1710/3852 6058/1710/4130
f 6069/1710/4138 6068/1710/4139 6059/1710/4134 6048/1710/4123
f 6062/1710/2358 6071/1710/2352 6070/1710/4140 6061/1710/4132
f 6060/1710/4133 6061/1710/4132 6070/1710/4140
f 6063/1710/3847 6072/1710/3854 6071/1710/2352 6062/1710/2358
f 6073/1710/3855 6072/1710/3854 6063/1710/3847 6053/1710/3849
f 6054/1710/4126 6074/1710/3861 6073/1710/3860 6053/1710/4127
f 6064/1710/4137 6075/1710/4141 6074/1710/3863 6054/1710/4129
f 6076/1710/3857 6075/1710/3856 6064/1710/4136 6065/1710/4135
f 6066/1710/2350 6076/1710/3857 6065/1710/4135 6057/1710/2354
f 6067/1710/3852 6078/1710/3851 6077/1710/2342 6066/1710/2350
f 6070/1710/4140 6080/1710/4142 6079/1710/4143 6060/1710/4133
f 6069/1710/3850 6060/1710/3846 6079/1710/4144
f 6081/1710/2345 6080/1710/4142 6070/1710/4140 6071/1710/2352
f 6072/1710/3854 6082/1710/2040 6081/1710/2345 6071/1710/2352
f 6066/1710/2350 6077/1710/2342 6083/1710/3858 6076/1710/3857
f 6078/1710/3851 6085/1710/4145 6084/1710/4146 6077/1710/2342
f 6068/1710/3853 6086/1710/4147 6085/1710/4145 6078/1710/3851
f 6069/1710/4138 6087/1710/4148 6086/1710/4149 6068/1710/4139
f 6088/1710/4150 6087/1710/4151 6069/1710/3850 6079/1710/4144
f 6080/1710/4142 6089/1710/4152 6088/1710/4153 6079/1710/4143
f 6081/1710/2345 6090/1710/3981 6089/1710/4152 6080/1710/4142
f 6082/1710/2040 6091/1710/4154 6090/1710/3981 6081/1710/2345
f 6092/1710/4155 6091/1710/4154 6082/1710/2040 6073/1710/3855
f 6094/1710/4156 6093/1710/4157 6075/1710/3856 6083/1710/3858
f 6074/1710/3863 6075/1710/4141 6093/1710/3864
f 6077/1710/2342 6084/1710/4146 6094/1710/4156 6083/1710/3858
f 6085/1710/4145 6096/1710/4158 6095/1710/567 6084/1710/4146
f 6090/1710/3981 6098/1710/583 6097/1710/4159 6089/1710/4152
f 6085/1710/4145 6086/1710/4147 6096/1710/4158
f 6088/1710/4153 6089/1710/4152 6097/1710/4159
f 6091/1710/4154 6099/1710/2325 6098/1710/583 6090/1710/3981
f 6092/1710/4155 6100/1710/3866 6099/1710/2325 6091/1710/4154
f 6101/1710/4160 6100/1710/4161 6092/1710/3859 6074/1710/3861
f 6084/1710/4146 6095/1710/567 6102/1710/4162 6094/1710/4156
f 6093/1710/4157 6094/1710/4156 6102/1710/4162
f 6104/1710/4163 6103/1710/4164 6095/1710/567 6096/1710/4158
f 6105/1710/4165 6104/1710/4163 6096/1710/4158 6086/1710/4147
f 6087/1710/4148 6106/1710/3869 6105/1710/3868 6086/1710/4149
f 6107/1710/4166 6106/1710/4167 6087/1710/4151 6088/1710/4150
f 6097/1710/4159 6108/1710/4168 6107/1710/4169 6088/1710/4153
f 6098/1710/583 6109/1710/4170 6108/1710/4168 6097/1710/4159
f 6099/1710/2325 6110/1710/3865 6109/1710/4170 6098/1710/583
f 6102/1710/4162 6112/1710/4171 6111/1710/4172 6093/1710/4157
f 6101/1710/3862 6093/1710/3864 6111/1710/4173
f 6095/1710/567 6103/1710/4164 6112/1710/4171 6102/1710/4162
f 6114/1710/4174 6113/1710/2303 6103/1710/4164 6104/1710/4163
f 6105/1710/4165 6115/1710/4175 6114/1710/4174 6104/1710/4163
f 6117/1710/4176 6116/1710/4177 6107/1710/4169 6108/1710/4168
f 6106/1710/4167 6107/1710/4166 6116/1710/4178
f 6109/1710/4170 6118/1710/2309 6117/1710/4176 6108/1710/4168
f 6110/1710/3865 6119/1710/4179 6118/1710/2309 6109/1710/4170
f 6100/1710/3866 6120/1710/4180 6119/1710/4179 6110/1710/3865
f 6101/1710/4160 6121/1710/4181 6120/1710/4182 6100/1710/4161
f 6122/1710/4183 6121/1710/4184 6101/1710/3862 6111/1710/4173
f 6123/1710/4185 6122/1710/4186 6111/1710/4172 6112/1710/4171
f 6103/1710/4164 6113/1710/2303 6123/1710/4185 6112/1710/4171
f 6114/1710/4174 6125/1710/3872 6124/1710/2296 6113/1710/2303
f 6115/1710/4175 6126/1710/3873 6125/1710/3872 6114/1710/4174
f 6118/1710/2309 6128/1710/2298 6127/1710/4187 6117/1710/4176
f 6116/1710/4177 6117/1710/4176 6127/1710/4187
f 6119/1710/4179 6129/1710/3875 6128/1710/2298 6118/1710/2309
f 6120/1710/4180 6130/1710/3876 6129/1710/3875 6119/1710/4179
f 6132/1710/3878 6131/1710/3877 6122/1710/4186 6123/1710/4185
f 6120/1710/4182 6121/1710/4181 6130/1710/4188
f 6121/1710/4184 6122/1710/4183 6131/1710/4189
f 6113/1710/2303 6124/1710/2296 6132/1710/3878 6123/1710/4185
f 6125/1710/3872 6134/1710/3871 6133/1710/2285 6124/1710/2296
f 6116/1710/4178 6136/1710/4190 6135/1710/4191 6106/1710/4167
f 6126/1710/3870 6106/1710/3869 6135/1710/3881
f 6137/1710/3883 6136/1710/3882 6116/1710/4177 6127/1710/4187
f 6128/1710/2298 6138/1710/2292 6137/1710/3883 6127/1710/4187
f 6129/1710/3875 6139/1710/3874 6138/1710/2292 6128/1710/2298
f 6124/1710/2296 6133/1710/2285 6140/1710/3879 6132/1710/3878
f 6134/1710/3871 6142/1710/4192 6141/1710/2276 6133/1710/2285
f 6143/1710/4193 6142/1710/4192 6134/1710/3871 6126/1710/3873
f 6138/1710/2292 6145/1710/2278 6144/1710/3884 6137/1710/3883
f 6139/1710/3874 6146/1710/3886 6145/1710/2278 6138/1710/2292
f 6130/1710/3876 6147/1710/3887 6146/1710/3886 6139/1710/3874
f 6148/1710/4194 6147/1710/4195 6130/1710/4188 6121/1710/4181
f 6131/1710/4189 6149/1710/4196 6148/1710/3892 6121/1710/4184
f 6140/1710/3879 6150/1710/4197 6149/1710/4198 6131/1710/3877
f 6133/1710/2285 6141/1710/2276 6150/1710/4197 6140/1710/3879
f 6142/1710/4192 6152/1710/3889 6151/1710/8 6141/1710/2276
f 6143/1710/4193 6153/1710/3890 6152/1710/3889 6142/1710/4192
f 6154/1710/4199 6153/1710/4200 6143/1710/3880 6135/1710/3881
f 6155/1710/4201 6154/1710/4202 6135/1710/4191 6136/1710/4190
f 6144/1710/3884 6156/1710/4203 6155/1710/4204 6136/1710/3882
f 6157/1710/28 6156/1710/4203 6144/1710/3884 6145/1710/2278
f 6146/1710/3886 6158/1710/3885 6157/1710/28 6145/1710/2278
f 6150/1710/4197 6160/1710/4205 6159/1710/4206 6149/1710/4198
f 6148/1710/3892 6149/1710/4196 6159/1710/3893
f 6141/1710/2276 6151/1710/8 6160/1710/4205 6150/1710/4197
f 6162/1710/3888 6161/1710/4207 6151/1710/8 6152/1710/3889
f 6157/1710/28 6164/1710/2264 6163/1710/4208 6156/1710/4203
f 6155/1710/4204 6156/1710/4203 6163/1710/4208
f 6158/1710/3885 6165/1710/4209 6164/1710/2264 6157/1710/28
f 6166/1710/4210 6165/1710/4209 6158/1710/3885 6147/1710/3887
f 6167/1710/4211 6166/1710/4212 6147/1710/4195 6148/1710/4194
f 6151/1710/8 6161/1710/4207 6168/1710/4213 6160/1710/4205
f 6159/1710/4206 6160/1710/4205 6168/1710/4213
f 6162/1710/3888 6170/1710/4214 6169/1710/2251 6161/1710/4207
f 6153/1710/3890 6171/1710/4215 6170/1710/4214 6162/1710/3888
f 6154/1710/4199 6172/1710/3897 6171/1710/3896 6153/1710/4200
f 6155/1710/4201 6173/1710/4216 6172/1710/4217 6154/1710/4202
f 6163/1710/4208 6174/1710/4218 6173/1710/4219 6155/1710/4204
f 6175/1710/2256 6174/1710/4218 6163/1710/4208 6164/1710/2264
f 6165/1710/4209 6176/1710/3899 6175/1710/2256 6164/1710/2264
f 6166/1710/4210 6177/1710/3900 6176/1710/3899 6165/1710/4209
f 6168/1710/4213 6179/1710/4220 6178/1710/4221 6159/1710/4206
f 6166/1710/4212 6167/1710/4211 6177/1710/3902
f 6161/1710/4207 6169/1710/2251 6179/1710/4220 6168/1710/4213
f 6170/1710/4214 6181/1710/4222 6180/1710/2241 6169/1710/2251
f 6171/1710/4215 6182/1710/4223 6181/1710/4222 6170/1710/4214
f 6175/1710/2256 6184/1710/2246 6183/1710/4224 6174/1710/4218
f 6173/1710/4219 6174/1710/4218 6183/1710/4224
f 6176/1710/3899 6185/1710/3898 6184/1710/2246 6175/1710/2256
f 6187/1710/4225 6186/1710/4226 6167/1710/3891 6178/1710/3894
f 6177/1710/3902 6167/1710/4211 6186/1710/3903
f 6188/1710/4227 6187/1710/4228 6178/1710/4221 6179/1710/4220
f 6169/1710/2251 6180/1710/2241 6188/1710/4227 6179/1710/4220
f 6181/1710/4222 6190/1710/3905 6189/1710/2233 6180/1710/2241
f 6182/1710/4223 6191/1710/3906 6190/1710/3905 6181/1710/4222
f 6192/1710/3922 6191/1710/4229 6182/1710/3895 6172/1710/3897
f 6193/1710/3911 6192/1710/3910 6172/1710/4217 6173/1710/4216
f 6183/1710/4224 6194/1710/4230 6193/1710/4231 6173/1710/4219
f 6184/1710/2246 6195/1710/2236 6194/1710/4230 6183/1710/4224
f 6185/1710/3898 6196/1710/3908 6195/1710/2236 6184/1710/2246
f 6177/1710/3900 6197/1710/3909 6196/1710/3908 6185/1710/3898
f 6188/1710/4227 6199/1710/4232 6198/1710/4233 6187/1710/4228
f 6186/1710/4226 6187/1710/4225 6198/1710/4234
f 6189/1710/2233 6199/1710/4232 6188/1710/4227 6180/1710/2241
f 6201/1710/3904 6200/1710/2226 6189/1710/2233 6190/1710/3905
f 6195/1710/2236 6203/1710/4235 6202/1710/4236 6194/1710/4230
f 6193/1710/4231 6194/1710/4230 6202/1710/4236
f 6196/1710/3908 6204/1710/3907 6203/1710/4235 6195/1710/2236
f 6198/1710/4234 6206/1710/4237 6205/1710/4238 6186/1710/4226
f 6197/1710/3901 6186/1710/3903 6205/1710/3914
f 6207/1710/3916 6206/1710/3915 6198/1710/4233 6199/1710/4232
f 6189/1710/2233 6200/1710/2226 6207/1710/3916 6199/1710/4232
f 6209/1710/3919 6208/1710/561 6200/1710/2226 6201/1710/3904
f 6191/1710/3906 6210/1710/3920 6209/1710/3919 6201/1710/3904
f 6212/1710/4239 6211/1710/4240 6193/1710/4231 6202/1710/4236
f 6191/1710/4229 6192/1710/3922 6210/1710/3921
f 6203/1710/4235 6213/1710/2220 6212/1710/4239 6202/1710/4236
f 6204/1710/3907 6214/1710/4241 6213/1710/2220 6203/1710/4235
f 6197/1710/3909 6215/1710/4242 6214/1710/4241 6204/1710/3907
f 6200/1710/2226 6208/1710/561 6216/1710/3917 6207/1710/3916
f 6218/1710/3918 6217/1710/4243 6208/1710/561 6209/1710/3919
f 6213/1710/2220 6221/1710/4244 6220/1710/4245 6212/1710/4239
f 6211/1710/4240 6212/1710/4239 6220/1710/4245
f 6214/1710/4241 6222/1710/4246 6221/1710/4244 6213/1710/2220
f 6206/1710/4237 6224/1710/4247 6223/1710/3934 6205/1710/4238
f 6214/1710/4241 6215/1710/4242 6222/1710/4246
f 6216/1710/3917 6225/1710/4248 6224/1710/4249 6206/1710/3915
f 6208/1710/561 6217/1710/4243 6225/1710/4248 6216/1710/3917
f 6218/1710/3918 6227/1710/4250 6226/1710/2203 6217/1710/4243
f 6210/1710/3920 6228/1710/4251 6227/1710/4250 6218/1710/3918
f 6220/1710/4245 6230/1710/4252 6229/1710/4253 6211/1710/4240
f 6219/1710/3924 6211/1710/3912 6229/1710/3929
f 6221/1710/4244 6231/1710/2204 6230/1710/4252 6220/1710/4245
f 6222/1710/4246 6232/1710/3931 6231/1710/2204 6221/1710/4244
f 6233/1710/3932 6232/1710/3931 6222/1710/4246 6215/1710/4242
f 6235/1710/4254 6234/1710/4255 6224/1710/4249 6225/1710/4248
f 6223/1710/3934 6224/1710/4247 6234/1710/3935
f 6217/1710/4243 6226/1710/2203 6235/1710/4254 6225/1710/4248
f 6227/1710/4250 6237/1710/3937 6236/1710/2195 6226/1710/2203
f 6228/1710/4251 6238/1710/3938 6237/1710/3937 6227/1710/4250
f 6239/1710/4256 6238/1710/4257 6228/1710/3926 6219/1710/3923
f 6231/1710/2204 6241/1710/2199 6240/1710/4258 6230/1710/4252
f 6229/1710/4253 6230/1710/4252 6240/1710/4258
f 6232/1710/3931 6242/1710/3930 6241/1710/2199 6231/1710/2204
f 6226/1710/2203 6236/1710/2195 6244/1710/4259 6235/1710/4254
f 6233/1710/3927 6223/1710/3925 6243/1710/3940
f 6234/1710/4255 6235/1710/4254 6244/1710/4259
f 6237/1710/3937 6246/1710/3936 6245/1710/2178 6236/1710/2195
f 6240/1710/4258 6248/1710/4260 6247/1710/4261 6229/1710/4253
f 6239/1710/3928 6229/1710/3929 6247/1710/3942
f 6241/1710/2199 6249/1710/2187 6248/1710/4260 6240/1710/4258
f 6242/1710/3930 6250/1710/4262 6249/1710/2187 6241/1710/2199
f 6251/1710/4263 6250/1710/4262 6242/1710/3930 6233/1710/3932
f 6244/1710/4259 6253/1710/4264 6252/1710/4265 6234/1710/4255
f 6243/1710/3933 6234/1710/3935 6252/1710/4266
f 6236/1710/2195 6245/1710/2178 6253/1710/4264 6244/1710/4259
f 6255/1710/3943 6254/1710/1992 6245/1710/2178 6246/1710/3936
f 5805/1710/3944 6255/1710/3943 6246/1710/3936 6238/1710/3938
f 6256/1710/4267 5805/1710/3733 6238/1710/4257 6239/1710/4256
f 6258/1710/2169 6257/1710/4268 6248/1710/4260 6249/1710/2187
f 6247/1710/4261 6248/1710/4260 6257/1710/4268
f 6250/1710/4262 6259/1710/3946 6258/1710/2169 6249/1710/2187
f 6251/1710/4263 5811/1710/3947 6259/1710/3946 6250/1710/4262
f 6260/1710/4269 5811/1710/3736 6251/1710/3939 6243/1710/3940
f 6252/1710/4266 6261/1710/4270 6260/1710/4271 6243/1710/3933
f 6253/1710/4264 6262/1710/4272 6261/1710/4273 6252/1710/4265
f 6245/1710/2178 6254/1710/1992 6262/1710/4272 6253/1710/4264
f 6255/1710/3943 5804/1710/3774 5803/1710/584 6254/1710/1992
f 6247/1710/3942 5807/1710/3961 5806/1710/3964 6256/1710/3941
f 5805/1710/3733 6256/1710/4267 5806/1710/3734
f 6257/1710/4268 5808/1710/3950 5807/1710/3951 6247/1710/4261
f 6258/1710/2169 5809/1710/571 5808/1710/3950 6257/1710/4268
f 5810/1710/3945 5809/1710/571 6258/1710/2169 6259/1710/3946
f 6261/1710/4270 5813/1710/3968 5812/1710/3967 6260/1710/4271
f 5811/1710/3736 6260/1710/4269 5812/1710/3737
f 5814/1710/3955 5813/1710/3956 6261/1710/4273 6262/1710/4272
f 5803/1710/584 5814/1710/3955 6262/1710/4272 6254/1710/1992
o 天板
v 1.872846 -0.129627 13.245176
v 1.872846 -0.129627 -13.245176
v -0.908087 -0.129626 13.245176
v -0.908087 -0.129626 -13.245176
v 0.654985 -0.736921 11.245329
v 0.654985 -0.736921 -11.245329
v 0.309773 -0.736921 -11.245329
v 0.309773 -0.736921 11.245329
v 1.872846 -0.736922 13.245176
v 1.872846 -0.736922 -13.245176
v -0.908087 -0.736921 -13.245176
v -0.908087 -0.736921 13.245176
v 0.654985 -0.313236 11.245329
v 0.654985 -0.313236 -11.245329
v 0.309774 -0.313236 -11.245329
v 0.309774 -0.313236 11.245329
v 0.369791 -0.538845 11.277127
v 0.369791 -0.315537 11.277127
v 0.369791 -0.538845 -11.275687
v 0.369791 -0.315537 -11.275687
v 0.593099 -0.538845 11.277127
v 0.593099 -0.315537 11.277127
v 0.593099 -0.538845 -11.275687
v 0.593099 -0.315537 -11.275687
vn 1.0000 -0.0000 -0.0000
vn -0.0000 -0.0000 -1.0000
vn -1.0000 -0.0000 -0.0000
vn -0.0000 -0.0000 1.0000
vn -0.0000 1.0000 -0.0000
vn -0.0000 -1.0000 -0.0000
vt 0.375000 0.250000
vt 0.375000 0.000000
vt 0.625000 0.000000
vt 0.625000 0.250000
vt 0.734483 0.640517
vt 0.734483 0.609483
vt 0.375000 0.500000
vt 0.625000 0.500000
vt 0.375000 0.750000
vt 0.625000 0.750000
vt 0.375000 1.000000
vt 0.625000 1.000000
vt 0.125000 0.750000
vt 0.125000 0.500000
vt 0.765517 0.640517
vt 0.765517 0.609483
vt 0.875000 0.500000
vt 0.875000 0.750000
s 0
usemtl 木
f 6264/2801/4274 6263/2802/4274 6271/2803/4274 6272/2804/4274
f 6270/2805/4274 6269/2806/4274 6277/2806/4274 6278/2805/4274
f 6266/2807/4275 6264/2801/4275 6272/2804/4275 6273/2808/4275
f 6265/2809/4276 6266/2807/4276 6273/2808/4276 6274/2810/4276
f 6263/2811/4277 6265/2809/4277 6274/2810/4277 6271/2812/4277
f 6263/2813/4278 6264/2814/4278 6266/2807/4278 6265/2809/4278
f 6267/2815/4279 6268/2816/4279 6272/2817/4279 6271/2818/4279
f 6268/2816/4279 6269/2806/4279 6273/2808/4279 6272/2817/4279
f 6269/2806/4279 6270/2805/4279 6274/2810/4279 6273/2808/4279
f 6270/2805/4279 6267/2815/4279 6271/2818/4279 6274/2810/4279
f 6275/2815/4279 6278/2805/4279 6277/2806/4279 6276/2816/4279
f 6268/2816/4276 6267/2815/4276 6275/2815/4276 6276/2816/4276
f 6267/2815/4275 6270/2805/4275 6278/2805/4275 6275/2815/4275
f 6269/2806/4277 6268/2816/4277 6276/2816/4277 6277/2806/4277
usemtl スポットライトメイン
f 6279/2802/4276 6280/2803/4276 6282/2804/4276 6281/2801/4276
f 6281/2801/4275 6282/2804/4275 6286/2808/4275 6285/2807/4275
f 6285/2807/4274 6286/2808/4274 6284/2810/4274 6283/2809/4274
f 6283/2809/4277 6284/2810/4277 6280/2812/4277 6279/2811/4277
f 6281/2814/4279 6285/2807/4279 6283/2809/4279 6279/2813/4279
f 6286/2808/4278 6282/2817/4278 6280/2818/4278 6284/2810/4278
o 天板柱
v 0.470269 2.091246 -9.341428
v 0.478610 -0.132549 -9.343052
v 0.413840 2.091246 -9.325386
v 0.409183 -0.132549 -9.322910
v 0.367846 2.091246 -9.288970
v 0.354327 -0.132549 -9.272592
v 0.339288 2.091246 -9.237725
v 0.332515 2.091246 -9.179453
v 0.330890 -0.132549 -9.187795
v 0.348558 2.091246 -9.123024
v 0.351032 -0.132549 -9.118367
v 0.376514 2.091317 -9.085697
v 0.401350 -0.132549 -9.063512
v 0.409189 2.091246 -9.060227
v 0.465021 2.091246 -9.042216
v 0.511588 2.091317 -9.044724
v 0.486148 -0.132549 -9.040075
v 0.551823 2.091923 -9.058186
v 0.555575 -0.132549 -9.060217
v 0.596913 2.091246 -9.094157
v 0.610431 -0.132549 -9.110536
v 0.625471 2.091246 -9.145402
v 0.632244 2.091246 -9.203674
v 0.633867 -0.132549 -9.195333
v 0.616202 2.091246 -9.260103
v 0.613725 -0.132549 -9.264760
v 0.579786 2.091246 -9.306097
v 0.563407 -0.132549 -9.319615
v 0.528541 2.091246 -9.334655
v 0.455934 2.313810 -9.419086
v 0.370877 2.313817 -9.391649
v 0.302796 2.313813 -9.333748
v 0.262053 2.313818 -9.254201
v 0.254307 2.313823 -9.191564
v 0.264387 2.313810 -9.121239
v 0.292744 2.313823 -9.064853
v 0.340196 2.313810 -9.011981
v 0.419742 2.313818 -8.971237
v 0.504797 2.313815 -8.963956
v 0.590551 2.313816 -8.989188
v 0.661963 2.313813 -9.049379
v 0.702707 2.313818 -9.128926
v 0.709905 2.313815 -9.218009
v 0.682465 2.313815 -9.303066
v 0.624564 2.313813 -9.371147
v 0.545017 2.313819 -9.411891
v 0.494489 -0.132549 9.341439
v 0.441261 2.091246 9.336185
v 0.436210 -0.132549 9.334662
v 0.389047 2.091246 9.309440
v 0.357894 2.091317 9.274741
v 0.372594 -0.132549 9.296014
v 0.339288 2.091247 9.237723
v 0.337745 -0.132549 9.232680
v 0.332662 2.091317 9.191562
v 0.337757 2.091246 9.150449
v 0.334536 -0.132549 9.158313
v 0.357894 2.091317 9.108384
v 0.386821 2.091209 9.075410
v 0.367835 -0.132549 9.094148
v 0.427889 -0.132549 9.050164
v 0.437168 2.091921 9.048148
v 0.494489 2.091246 9.041699
v 0.482379 -0.132549 9.041844
v 0.550915 2.091244 9.057738
v 0.528548 -0.132549 9.048463
v 0.588246 2.091317 9.085696
v 0.614220 2.091924 9.119241
v 0.592165 -0.132549 9.087111
v 0.629220 2.091317 9.162354
v 0.627012 -0.132549 9.150445
v 0.632244 2.091246 9.203675
v 0.615554 2.090540 9.261409
v 0.630221 -0.132549 9.224813
v 0.577937 2.091209 9.307717
v 0.586833 -0.132549 9.301345
v 0.539674 2.091317 9.329883
v 0.539673 -0.132549 9.329883
v 0.498739 2.091924 9.341043
v 0.482380 2.313823 9.419635
v 0.412054 2.313819 9.409556
v 0.333982 2.313813 9.366046
v 0.278506 2.313818 9.295979
v 0.254068 2.313813 9.210013
v 0.258689 2.313823 9.147067
v 0.280675 2.313817 9.083753
v 0.333981 2.313817 9.017079
v 0.395100 2.313823 8.980849
v 0.455931 2.313813 8.964040
v 0.526874 2.313823 8.967872
v 0.593879 2.313813 8.991477
v 0.659174 2.313819 9.046468
v 0.693091 2.313823 9.104283
v 0.709987 2.313815 9.169145
v 0.706070 2.313823 9.236058
v 0.684084 2.313816 9.299375
v 0.630778 2.313817 9.366048
v 0.552704 2.313810 9.409554
vn -0.8444 -0.0015 -0.5357
vn -0.9380 -0.1735 -0.3001
vn -0.7619 -0.1722 -0.6244
vn -1.0000 -0.0014 0.0058
vn -0.9810 -0.1776 0.0778
vn -0.5448 -0.0010 0.8385
vn -0.4555 -0.1778 0.8723
vn -0.6862 -0.1730 0.7066
vn 0.0055 -0.0010 1.0000
vn 0.1767 -0.1710 0.9693
vn -0.1200 -0.1777 0.9767
vn 0.8449 -0.0015 0.5349
vn 0.9401 -0.1721 0.2944
vn 0.7619 -0.1713 0.6246
vn 1.0000 -0.0014 -0.0058
vn 0.9810 -0.1726 -0.0886
vn 0.5357 -0.0015 -0.8444
vn 0.2944 -0.1721 -0.9401
vn 0.6244 -0.1722 -0.7619
vn -0.0058 -0.0014 -1.0000
vn -0.0886 -0.1726 -0.9810
vn -0.2606 -0.3246 0.9092
vn 0.1018 -0.3275 0.9393
vn -0.5901 -0.3298 0.7369
vn -0.8685 -0.1773 0.4629
vn -0.9013 -0.3278 0.2833
vn -0.8139 -0.1720 0.5549
vn -0.7158 -0.0007 0.6983
vn -0.6189 -0.1711 0.7666
vn -0.9458 -0.1742 -0.2741
vn -0.9815 -0.0008 -0.1917
vn -0.9849 -0.1734 -0.0008
vn -0.6232 -0.1710 -0.7632
vn -0.7635 -0.0012 -0.6459
vn -0.8217 -0.1722 -0.5432
vn -0.3058 -0.1781 -0.9353
vn -0.3721 -0.0008 -0.9282
vn 0.4509 -0.1723 -0.8758
vn 0.3372 -0.0013 -0.9414
vn 0.0841 -0.1766 -0.9807
vn 0.6958 -0.1712 -0.6976
vn 0.7221 -0.0017 -0.6918
vn 0.8712 -0.1753 -0.4585
vn 0.9671 -0.1725 -0.1871
vn 0.9616 -0.0014 -0.2745
vn 0.8705 -0.1721 0.4611
vn 0.9735 -0.0018 0.2286
vn 0.9780 -0.1755 0.1125
vn 0.6396 -0.1715 0.7494
vn 0.7137 -0.0013 0.7005
vn 0.9374 -0.3308 -0.1088
vn -0.8235 -0.3293 -0.4621
vn -0.1027 -0.3280 -0.9391
vn 0.7160 -0.3298 -0.6153
vn -0.9404 -0.3295 0.0840
vn -0.9417 -0.1771 0.2860
vn 0.3794 -0.1714 0.9092
vn 0.3044 -0.3289 0.8940
vn 0.0750 -0.1768 0.9814
vn -0.8359 -0.3283 0.4400
vn -0.4658 -0.1733 -0.8678
vn -0.4754 -0.0005 -0.8798
vn -0.8813 -0.0006 0.4726
vn 0.4713 -0.1732 0.8648
vn 0.4838 -0.0007 0.8752
vn 0.8678 -0.1733 -0.4658
vn 0.8798 -0.0005 -0.4754
vn -0.0000 -1.0000 -0.0000
vn -0.0000 1.0000 -0.0000
vn 0.9040 -0.3334 0.2678
vn 0.9376 -0.3334 -0.0985
vn -0.0985 -0.3334 -0.9376
vn -0.4498 -0.3334 -0.8285
vn 0.4480 -0.3314 0.8304
vn 0.7321 -0.3331 0.5942
vn -0.7867 -0.3284 0.5227
vn 0.5933 -0.3334 -0.7327
vn 0.2678 -0.3334 -0.9039
vn -0.8998 -0.3360 -0.2784
vn -0.9437 -0.3307 0.0066
vn 0.8285 -0.3334 -0.4498
vn -0.7327 -0.3334 -0.5933
vn 0.0786 -0.0001 0.9969
vn -0.2945 -0.1734 0.9398
vn -0.3026 -0.0003 0.9531
vn -0.9596 -0.0009 0.2813
vn 0.0051 -0.0003 -1.0000
vn 0.3865 -0.0002 0.9223
vn -0.3648 -0.3302 -0.8706
vn 0.4501 -0.3339 -0.8282
vn -0.2846 -0.3350 0.8982
vn -0.6006 -0.3321 0.7273
vn 0.9275 -0.3294 0.1770
vn -0.6070 -0.3332 -0.7214
vn 0.6106 -0.3315 0.7192
vn 0.8297 -0.3353 0.4463
vn 0.1768 -0.3290 -0.9276
vn -0.9239 -0.3285 -0.1964
vn 0.8683 -0.3285 -0.3717
vn 0.0078 -0.3294 0.9442
vt 0.839652 1.000000
vt 0.799682 0.500000
vt 0.862182 0.500000
vt 0.746097 1.000000
vt 0.737182 0.500000
vt 0.589652 1.000000
vt 0.580932 0.500000
vt 0.625000 0.500000
vt 0.496097 1.000000
vt 0.468750 0.500000
vt 0.518432 0.500000
vt 0.339652 1.000000
vt 0.299682 0.500000
vt 0.362182 0.500000
vt 0.246097 1.000000
vt 0.237182 0.500000
vt 0.089652 1.000000
vt 0.049682 0.500000
vt 0.112182 0.500000
vt 0.012817 1.000000
vt 0.000000 0.500000
vt 0.544067 0.500000
vt 0.484375 0.500000
vt 0.606568 0.500000
vt 0.674682 0.500000
vt 0.700317 0.500000
vt 0.843750 0.500000
vt 0.871095 1.000000
vt 0.893429 0.500000
vt 0.705934 0.500000
vt 0.714653 1.000000
vt 0.750000 0.500000
vt 0.609568 0.500000
vt 0.637819 1.000000
vt 0.656250 0.500000
vt 0.548615 0.500000
vt 0.558403 1.000000
vt 0.424688 0.500000
vt 0.450312 1.000000
vt 0.487184 0.500000
vt 0.375000 0.500000
vt 0.371094 1.000000
vt 0.329862 0.500000
vt 0.281250 0.500000
vt 0.294066 1.000000
vt 0.173131 0.500000
vt 0.214653 1.000000
vt 0.237181 0.500000
vt 0.109566 0.500000
vt 0.120904 1.000000
vt 0.265625 0.500000
vt 0.671877 0.500000
vt 0.518435 0.500000
vt 0.359377 0.500000
vt 0.762818 0.500000
vt 0.799681 0.500000
vt 0.062500 0.500000
vt 0.049682 0.500000
vt 0.017360 0.500000
vt 0.825317 0.500000
vt 0.924682 0.500000
vt 0.919067 1.000000
vt 0.669067 1.000000
vt 0.423611 0.500000
vt 0.419067 1.000000
vt 0.174682 0.500000
vt 0.169067 1.000000
vt 0.987182 0.500000
vt 0.988143 1.000000
vt 0.458649 0.133682
vt 0.487076 0.244152
vt 0.450248 0.376418
vt 0.366318 0.458649
vt 0.255848 0.487076
vt 0.123582 0.450248
vt 0.041351 0.366318
vt 0.012924 0.255848
vt 0.049752 0.123582
vt 0.133682 0.041351
vt 0.244152 0.012924
vt 0.376418 0.049752
vt 0.979787 0.315288
vt 0.990000 0.250000
vt 0.977333 0.176622
vt 0.949553 0.116663
vt 0.898254 0.062689
vt 0.815288 0.020213
vt 0.726589 0.012306
vt 0.637410 0.039358
vt 0.562689 0.101746
vt 0.520213 0.184712
vt 0.512720 0.277617
vt 0.541351 0.366318
vt 0.601746 0.437311
vt 0.684712 0.479787
vt 0.777617 0.487280
vt 0.866318 0.458649
vt 0.937311 0.398254
vt 0.294067 0.500000
vt 0.231567 0.500000
vt 0.981567 0.500000
vt 0.919067 0.500000
vt 0.421875 0.500000
vt 0.356567 0.500000
vt 0.106567 0.500000
vt 0.044067 0.500000
vt 0.794067 0.500000
vt 0.169067 0.500000
vt 0.856567 0.500000
vt 1.000000 1.000000
vt 1.000000 0.500000
vt 0.955929 0.500000
vt 0.950313 1.000000
vt 0.794068 1.000000
vt 0.500000 1.000000
vt 0.062500 1.000000
vt 0.012815 1.000000
vt 0.431949 0.095213
vt 0.334924 0.028937
vt 0.250000 0.010000
vt 0.176615 0.022669
vt 0.078223 0.086500
vt 0.020213 0.184714
vt 0.019012 0.302205
vt 0.086943 0.421736
vt 0.158156 0.471731
vt 0.230799 0.488109
vt 0.323384 0.477331
vt 0.421775 0.413501
vt 0.479787 0.315288
vt 0.480988 0.197795
vt 0.562500 0.500000
vt 0.823378 0.477333
vt 0.750000 0.490000
vt 0.676622 0.477333
vt 0.595208 0.431945
vt 0.539358 0.362590
vt 0.514612 0.296822
vt 0.512306 0.226589
vt 0.528269 0.158156
vt 0.565373 0.098477
vt 0.633685 0.041349
vt 0.703178 0.014612
vt 0.777621 0.012720
vt 0.841844 0.028269
vt 0.904794 0.068057
vt 0.960643 0.137412
vt 0.985388 0.203178
vt 0.988109 0.269204
vt 0.962635 0.358862
vt 0.904792 0.431945
vt 0.419070 0.500000
vt 0.950317 0.500000
vt 0.887815 0.500000
vt 0.218750 0.500000
vt 0.612187 0.500000
vt 0.112185 0.500000
vt 0.171875 0.500000
vt 0.718750 0.500000
vt 0.312500 0.500000
s 1
usemtl スポットライトメイン
f 6292/2819/4280 6293/2820/4281 6291/2821/4282
f 6295/2822/4283 6294/2823/4284 6293/2820/4281
f 6299/2824/4285 6300/2825/4286 6298/2826/4287
f 6303/2827/4288 6302/2828/4289 6301/2829/4290
f 6307/2830/4291 6308/2831/4292 6306/2832/4293
f 6310/2833/4294 6309/2834/4295 6308/2831/4292
f 6314/2835/4296 6315/2836/4297 6313/2837/4298
f 6288/2838/4299 6287/2839/4300 6315/2836/4297
f 6301/2829/4290 6324/2840/4301 6300/2825/4286
f 6302/2828/4289 6325/2841/4302 6301/2829/4290
f 6300/2825/4286 6323/2842/4303 6298/2826/4287
f 6296/2843/4304 6321/2844/4305 6294/2823/4284
f 6337/2845/4306 6338/2846/4307 6336/2847/4308
f 6342/2848/4309 6343/2849/4310 6341/2850/4311
f 6345/2851/4312 6346/2852/4313 6344/2853/4314
f 6348/2854/4315 6347/2855/4316 6345/2851/4312
f 6351/2856/4317 6352/2857/4318 6349/2858/4319
f 6353/2859/4320 6355/2860/4321 6351/2856/4317
f 6354/2861/4322 6355/2860/4321 6353/2859/4320
f 6356/2862/4323 6357/2863/4324 6354/2861/4322
f 6359/2864/4325 6360/2865/4326 6358/2866/4327
f 6361/2867/4328 6362/2868/4329 6359/2864/4325
f 6380/2869/4330 6358/2866/4327 6356/2862/4323
f 6372/2870/4331 6344/2853/4314 6342/2848/4309
f 6375/2871/4332 6349/2858/4319 6348/2854/4315
f 6353/2859/4320 6378/2872/4333 6354/2861/4322
f 6370/2873/4334 6341/2850/4311 6339/2874/4335
f 6363/2875/4336 6384/2876/4337 6365/2877/4338
f 6369/2878/4339 6339/2874/4335 6337/2845/4306
f 6291/2821/4282 6289/2879/4340 6290/2880/4341 6292/2819/4280
f 6296/2843/4304 6294/2823/4284 6295/2822/4283 6297/2881/4342
f 6292/2819/4280 6295/2822/4283 6293/2820/4281
f 6298/2826/4287 6296/2843/4304 6297/2881/4342 6299/2824/4285
f 6301/2829/4290 6300/2825/4286 6299/2824/4285 6303/2827/4288
f 6304/2882/4343 6302/2828/4289 6303/2827/4288 6305/2883/4344
f 6306/2832/4293 6304/2882/4343 6305/2883/4344 6307/2830/4291
f 6311/2884/4345 6309/2834/4295 6310/2833/4294 6312/2885/4346
f 6307/2830/4291 6310/2833/4294 6308/2831/4292
f 6313/2837/4298 6311/2884/4345 6312/2885/4346 6314/2835/4296
f 6289/2879/4340 6287/2886/4300 6288/2887/4299 6290/2880/4341
f 6297/2888/4347 6295/2889/4347 6292/2890/4347 6290/2891/4347 6288/2892/4347 6314/2893/4347 6312/2894/4347 6310/2895/4347 6307/2896/4347 6305/2897/4347 6303/2898/4347 6299/2899/4347
f 6314/2835/4296 6288/2838/4299 6315/2836/4297
f 6319/2900/4348 6320/2901/4348 6321/2902/4348 6322/2903/4348 6323/2904/4348 6324/2905/4348 6325/2906/4348 6326/2907/4348 6327/2908/4348 6328/2909/4348 6329/2910/4348 6330/2911/4348 6331/2912/4348 6332/2913/4348 6316/2914/4348 6317/2915/4348 6318/2916/4348
f 6328/2917/4349 6308/2831/4292 6309/2834/4295 6329/2918/4350
f 6316/2919/4351 6287/2886/4300 6289/2879/4340 6317/2920/4352
f 6326/2921/4353 6304/2882/4343 6306/2832/4293 6327/2922/4354
f 6296/2843/4304 6322/2853/4355 6321/2844/4305
f 6322/2853/4355 6296/2843/4304 6298/2826/4287 6323/2842/4303
f 6301/2829/4290 6325/2841/4302 6324/2840/4301
f 6331/2923/4356 6313/2837/4298 6315/2836/4297 6332/2924/4357
f 6319/2925/4358 6293/2820/4281 6294/2823/4284 6320/2850/4359
f 6329/2918/4350 6309/2834/4295 6311/2884/4345 6330/2926/4360
f 6317/2920/4352 6289/2879/4340 6291/2821/4282 6318/2927/4361
f 6327/2922/4354 6306/2832/4293 6308/2831/4292 6328/2917/4349
f 6326/2921/4353 6325/2841/4302 6302/2828/4289 6304/2882/4343
f 6294/2823/4284 6321/2844/4305 6320/2850/4359
f 6332/2924/4357 6315/2836/4297 6287/2839/4300 6316/2839/4351
f 6300/2825/4286 6324/2840/4301 6323/2842/4303
f 6330/2926/4360 6311/2884/4345 6313/2837/4298 6331/2923/4356
f 6318/2927/4361 6291/2821/4282 6293/2820/4281 6319/2925/4358
f 6333/2928/4362 6365/2929/4338 6334/2930/4363 6335/2931/4364
f 6335/2931/4364 6334/2930/4363 6336/2847/4308 6338/2846/4307
f 6338/2846/4307 6337/2845/4306 6339/2874/4335 6340/2932/4365
f 6340/2932/4365 6339/2874/4335 6341/2850/4311 6343/2849/4310
f 6343/2849/4310 6342/2848/4309 6344/2853/4314 6346/2852/4313
f 6347/2855/4316 6348/2854/4315 6349/2858/4319 6350/2933/4366
f 6345/2851/4312 6347/2855/4316 6346/2852/4313
f 6357/2863/4324 6356/2862/4323 6358/2866/4327 6360/2865/4326
f 6349/2858/4319 6352/2857/4318 6350/2933/4366
f 6351/2856/4317 6355/2860/4321 6352/2857/4318
f 6354/2861/4322 6357/2863/4324 6355/2860/4321
f 6362/2868/4329 6361/2867/4328 6363/2875/4336 6364/2934/4367
f 6359/2864/4325 6362/2868/4329 6360/2865/4326
f 6364/2934/4367 6363/2875/4336 6365/2877/4338 6333/2935/4362
f 6346/2936/4347 6347/2937/4347 6350/2938/4347 6352/2939/4347 6355/2940/4347 6357/2941/4347 6360/2942/4347 6362/2943/4347 6364/2944/4347 6333/2945/4347 6335/2946/4347 6338/2947/4347 6340/2948/4347 6343/2949/4347
f 6348/2854/4315 6374/2950/4368 6375/2871/4332
f 6367/2951/4348 6366/2952/4348 6384/2953/4348 6383/2954/4348 6382/2955/4348 6381/2956/4348 6380/2957/4348 6379/2958/4348 6378/2959/4348 6377/2960/4348 6376/2961/4348 6375/2962/4348 6374/2963/4348 6373/2964/4348 6372/2965/4348 6371/2966/4348 6370/2967/4348 6369/2968/4348 6368/2969/4348
f 6353/2859/4320 6351/2856/4317 6377/2970/4369 6378/2872/4333
f 6336/2847/4308 6334/2930/4363 6367/2971/4370 6368/2972/4371
f 6369/2878/4339 6370/2873/4334 6339/2874/4335
f 6358/2866/4327 6380/2869/4330 6381/2973/4372
f 6373/2974/4373 6345/2851/4312 6344/2853/4314 6372/2870/4331
f 6384/2876/4337 6363/2875/4336 6361/2867/4328 6383/2975/4374
f 6359/2864/4325 6358/2866/4327 6381/2973/4372 6382/2976/4375
f 6349/2858/4319 6375/2871/4332 6376/2828/4376
f 6342/2848/4309 6341/2850/4311 6370/2873/4334 6371/2977/4377
f 6354/2861/4322 6378/2872/4333 6379/2978/4378
f 6351/2856/4317 6349/2858/4319 6376/2828/4376 6377/2970/4369
f 6337/2845/4306 6336/2847/4308 6368/2972/4371 6369/2878/4339
f 6374/2950/4368 6348/2854/4315 6345/2851/4312 6373/2974/4373
f 6356/2862/4323 6354/2861/4322 6379/2978/4378 6380/2869/4330
f 6334/2930/4363 6365/2929/4338 6366/2929/4379 6367/2971/4370
f 6383/2975/4374 6361/2867/4328 6359/2864/4325 6382/2976/4375
f 6365/2877/4338 6384/2876/4337 6366/2839/4379
f 6371/2977/4377 6372/2870/4331 6342/2848/4309
o 電源基盤
v 0.482379 0.997585 -1.017028
v 0.283967 0.997585 -0.997487
v 0.370384 0.161202 -1.015321
v 0.093179 0.997585 -0.939612
v 0.093179 0.158903 -0.939612
v -0.082651 0.997585 -0.845628
v -0.236768 0.997585 -0.719148
v -0.174824 0.161202 -0.781988
v -0.363249 0.997585 -0.565031
v -0.363249 0.158903 -0.565031
v -0.457232 0.997585 -0.389200
v -0.515107 0.997585 -0.198412
v -0.500053 0.158655 -0.279300
v -0.534649 0.997585 0.000000
v -0.515107 0.997585 0.198412
v -0.532942 0.161202 0.111995
v -0.457232 0.997585 0.389200
v -0.457233 0.158903 0.389200
v -0.363249 0.997585 0.565031
v -0.236768 0.997585 0.719148
v -0.299609 0.161202 0.657203
v -0.082651 0.997585 0.845628
v -0.082652 0.158903 0.845628
v 0.093179 0.997585 0.939612
v 0.283967 0.997585 0.997487
v 0.203079 0.158654 0.982432
v 0.571612 1.002512 1.017580
v 0.594374 0.161202 1.015321
v 0.871579 0.997585 0.939612
v 0.871579 0.158902 0.939612
v 1.047410 0.997585 0.845628
v 1.201527 0.997585 0.719148
v 1.139582 0.161202 0.781988
v 1.328008 0.997585 0.565031
v 1.328007 0.158902 0.565031
v 1.421991 0.997584 0.389200
v 1.479866 0.997584 0.198412
v 1.464811 0.158654 0.279300
v 1.499408 0.997584 0.000000
v 1.479866 0.997584 -0.198412
v 1.497700 0.161201 -0.111995
v 1.421991 0.997584 -0.389200
v 1.421991 0.158902 -0.389200
v 1.328008 0.997585 -0.565031
v 1.201527 0.997585 -0.719148
v 1.260419 0.158654 -0.661692
v 1.047410 0.997585 -0.845628
v 0.871579 0.997585 -0.939612
v 0.947976 0.158654 -0.909066
v 0.680792 0.997585 -0.997487
v 0.680791 0.158902 -0.997487
v 0.397959 -0.099079 -0.857135
v 0.077701 -0.099014 -0.757100
v -0.122959 -0.098997 -0.605338
v -0.274716 -0.099021 -0.404676
v -0.371621 -0.099048 -0.099262
v -0.357249 -0.098997 0.167012
v -0.274717 -0.099021 0.404676
v -0.122959 -0.098997 0.605338
v 0.077706 -0.099031 0.757090
v 0.383117 -0.099048 0.854000
v 0.649392 -0.098997 0.839628
v 0.887057 -0.099014 0.757100
v 1.087717 -0.098997 0.605338
v 1.239478 -0.099016 0.404678
v 1.336369 -0.099065 0.099260
v 1.322007 -0.098997 -0.167012
v 1.239475 -0.099022 -0.404676
v 1.039369 -0.099048 -0.654928
v 0.746343 -0.099038 -0.818232
v 0.482379 0.999323 -1.679975
v 0.151905 0.999323 -1.647426
v -0.165870 0.999323 -1.551030
v -0.458733 0.999323 -1.394492
v -0.715430 0.999323 -1.183826
v -0.926095 0.999323 -0.927130
v -1.082633 0.999323 -0.634267
v -1.179029 0.999323 -0.316492
v -1.211578 0.999323 0.013983
v -1.179029 0.999323 0.344457
v -1.082633 0.999323 0.662232
v -0.926095 0.999323 0.955095
v -0.715430 0.999323 1.211792
v -0.458733 0.999323 1.422457
v -0.165870 0.999323 1.578995
v 0.151905 0.999323 1.675391
v 0.482379 0.999323 1.707940
v 0.812854 0.999323 1.675391
v 1.130629 0.999322 1.578995
v 1.423492 0.999322 1.422457
v 1.680188 0.999322 1.211792
v 1.890854 0.999322 0.955095
v 2.047392 0.999322 0.662232
v 2.143788 0.999322 0.344457
v 2.176337 0.999322 0.013983
v 2.143788 0.999322 -0.316492
v 2.047392 0.999322 -0.634267
v 1.890854 0.999322 -0.927130
v 1.680188 0.999322 -1.183826
v 1.423492 0.999322 -1.394492
v 1.130629 0.999322 -1.551030
v 0.812854 0.999323 -1.647426
v 0.482379 1.264222 -1.096617
v 0.268545 1.264222 -1.075556
v 0.062927 1.264223 -1.013183
v -0.126571 1.264223 -0.911894
v -0.292667 1.264223 -0.775583
v -0.428979 1.264223 -0.609486
v -0.530267 1.264223 -0.419988
v -0.592641 1.264223 -0.214371
v -0.613702 1.264223 -0.000536
v -0.592641 1.264223 0.213299
v -0.530267 1.264223 0.418916
v -0.428979 1.264223 0.608414
v -0.292667 1.264223 0.774510
v -0.126571 1.264223 0.910822
v 0.062927 1.264223 1.012111
v 0.268545 1.264222 1.074484
v 0.482379 1.264222 1.095545
v 0.696214 1.264222 1.074484
v 0.901832 1.264222 1.012111
v 1.091330 1.264222 0.910822
v 1.257426 1.264222 0.774510
v 1.393738 1.264222 0.608414
v 1.495026 1.264222 0.418916
v 1.557400 1.264222 0.213299
v 1.578461 1.264222 -0.000536
v 1.557400 1.264222 -0.214371
v 1.495026 1.264222 -0.419988
v 1.393738 1.264222 -0.609486
v 1.257426 1.264222 -0.775583
v 1.091330 1.264222 -0.911894
v 0.901832 1.264222 -1.013183
v 0.696214 1.264222 -1.075556
v 0.482379 1.266095 -1.811095
v 0.126217 1.266095 -1.776016
v -0.216258 1.266096 -1.672127
v -0.531885 1.266096 -1.503421
v -0.808534 1.266096 -1.276381
v -1.035575 1.266096 -0.999731
v -1.204281 1.266096 -0.684104
v -1.308169 1.266096 -0.341629
v -1.343248 1.266096 0.014533
v -1.308169 1.266096 0.370695
v -1.204281 1.266096 0.713171
v -1.035575 1.266096 1.028798
v -0.808534 1.266096 1.305447
v -0.531885 1.266096 1.532487
v -0.216258 1.266096 1.701193
v 0.126217 1.266095 1.805082
v 0.482379 1.266095 1.840161
v 0.838542 1.266095 1.805082
v 1.181017 1.266095 1.701193
v 1.496644 1.266095 1.532487
v 1.773293 1.266095 1.305447
v 2.000333 1.266095 1.028798
v 2.169039 1.266095 0.713171
v 2.272928 1.266095 0.370695
v 2.308007 1.266095 0.014533
v 2.272928 1.266095 -0.341629
v 2.169039 1.266095 -0.684104
v 2.000333 1.266095 -0.999731
v 1.773293 1.266095 -1.276381
v 1.496644 1.266095 -1.503421
v 1.181017 1.266095 -1.672127
v 0.838542 1.266095 -1.776016
v 0.268545 1.904952 -1.075539
v 0.062928 1.904952 -1.013166
v -0.126570 1.904952 -0.911877
v -0.292667 1.904953 -0.775566
v -0.428979 1.904953 -0.609469
v -0.530267 1.904953 -0.419971
v -0.592641 1.904953 -0.214354
v -0.613702 1.904953 -0.000519
v -0.592641 1.904953 0.213316
v -0.530267 1.904953 0.418933
v -0.428979 1.904953 0.608431
v -0.292667 1.904953 0.774527
v -0.126571 1.904952 0.910839
v 0.062927 1.904952 1.012128
v 0.268545 1.904952 1.074501
v 0.482380 1.904952 1.095562
v 0.696214 1.904952 1.074501
v 0.901832 1.904952 1.012128
v 1.091330 1.904952 0.910839
v 1.257426 1.904952 0.774527
v 1.393738 1.904952 0.608431
v 1.495027 1.904952 0.418933
v 1.557400 1.904952 0.213316
v 1.557400 1.904952 -0.214354
v 1.495027 1.904952 -0.419971
v 1.393738 1.904952 -0.609469
v 1.257426 1.904952 -0.775566
v 1.091330 1.904952 -0.911877
v 0.901832 1.904952 -1.013166
v 0.696214 1.904952 -1.075539
v 0.482380 1.904952 -1.096600
v 1.578461 1.904952 -0.000519
v 0.268545 2.265978 -1.075530
v 0.062928 2.265978 -1.013156
v -0.126570 2.265978 -0.911868
v -0.292667 2.265978 -0.775556
v -0.428979 2.265978 -0.609459
v -0.530267 2.265978 -0.419962
v -0.592641 2.265978 -0.214344
v -0.613701 2.265978 -0.000509
v -0.592640 2.265978 0.213326
v -0.530267 2.265978 0.418943
v -0.428979 2.265978 0.608441
v -0.292666 2.265978 0.774537
v -0.126571 2.265978 0.910849
v 0.062928 2.265978 1.012138
v 0.268545 2.265978 1.074511
v 0.482380 2.265977 1.095572
v 0.696214 2.265977 1.074511
v 0.901832 2.265977 1.012138
v 1.091330 2.265977 0.910849
v 1.257426 2.265977 0.774537
v 1.393738 2.265977 0.608440
v 1.495027 2.265977 0.418943
v 1.557400 2.265977 0.213326
v 1.557400 2.265977 -0.214345
v 1.495027 2.265977 -0.419962
v 1.393738 2.265977 -0.609459
v 1.257426 2.265977 -0.775556
v 1.091330 2.265977 -0.911868
v 0.901832 2.265977 -1.013156
v 0.696215 2.265977 -1.075530
v 1.578461 2.265977 -0.000509
v 0.482380 2.267850 -1.811068
v 0.126217 2.267850 -1.775989
v -0.216258 2.267851 -1.672100
v -0.531885 2.267851 -1.503394
v -0.808534 2.267851 -1.276354
v -1.035574 2.267851 -0.999704
v -1.204280 2.267851 -0.684078
v -1.308169 2.267851 -0.341602
v -1.343248 2.267851 0.014560
v -1.308169 2.267851 0.370722
v -1.204280 2.267851 0.713197
v -1.035574 2.267851 1.028824
v -0.808534 2.267851 1.305474
v -0.531885 2.267851 1.532514
v -0.216258 2.267851 1.701220
v 0.126217 2.267850 1.805109
v 0.482380 2.267850 1.840188
v 0.838542 2.267850 1.805109
v 1.181017 2.267850 1.701220
v 1.496644 2.267850 1.532514
v 1.773293 2.267850 1.305474
v 2.000334 2.267850 1.028824
v 2.169040 2.267850 0.713197
v 2.272928 2.267850 0.370722
v 2.308007 2.267850 0.014560
v 2.272928 2.267850 -0.341602
v 2.169040 2.267850 -0.684078
v 2.000334 2.267850 -0.999704
v 1.773293 2.267850 -1.276354
v 1.496644 2.267850 -1.503394
v 1.181017 2.267850 -1.672100
v 0.838542 2.267850 -1.775989
v 0.482380 2.265977 -1.096591
vn -0.1035 -0.0038 -0.9946
vn -0.1920 -0.1442 -0.9707
vn -0.0026 -0.1448 -0.9895
vn -0.6208 -0.2691 -0.7363
vn -0.6990 -0.1440 -0.7005
vn -0.5519 -0.1447 -0.8213
vn -0.9280 -0.2670 -0.2598
vn -0.9714 -0.1457 -0.1875
vn -0.9154 -0.1445 -0.3758
vn -0.9583 -0.2679 0.0999
vn -0.9709 -0.1431 0.1920
vn -0.9894 -0.1455 -0.0015
vn -0.7363 -0.2691 0.6208
vn -0.7006 -0.1427 0.6991
vn -0.8214 -0.1434 0.5520
vn -0.2573 -0.2662 0.9289
vn -0.1800 -0.1465 0.9727
vn -0.3759 -0.1433 0.9155
vn -0.3804 -0.1484 -0.9128
vn -0.3689 -0.2707 -0.8892
vn 0.6208 -0.2691 0.7363
vn 0.6990 -0.1427 0.7007
vn 0.5520 -0.1431 0.8215
vn 0.9280 -0.2670 0.2598
vn 0.9714 -0.1453 0.1876
vn 0.9154 -0.1438 0.3759
vn 0.9583 -0.2679 -0.0999
vn 0.9709 -0.1435 -0.1919
vn 0.9894 -0.1455 0.0016
vn 0.7314 -0.2667 -0.6277
vn 0.6952 -0.1463 -0.7038
vn 0.8210 -0.1447 -0.5522
vn 0.4533 -0.2673 -0.8503
vn 0.3795 -0.1441 -0.9139
vn 0.5506 -0.1465 -0.8218
vn 0.3676 -0.2661 0.8911
vn 0.3859 -0.5321 0.7536
vn -0.8033 -0.2669 -0.5324
vn -0.7398 -0.5371 -0.4052
vn 0.8372 -0.5378 0.0995
vn -0.8890 -0.2674 0.3718
vn -0.7536 -0.5321 0.3859
vn 0.5413 -0.5425 -0.6423
vn -0.0995 -0.5378 0.8372
vn 0.0986 -0.2658 0.9590
vn -0.3808 -0.5364 -0.7531
vn -0.8372 -0.5378 -0.0995
vn 0.8033 -0.2669 0.5324
vn 0.7398 -0.5371 0.4052
vn 0.2416 -0.5443 -0.8033
vn 0.1777 -0.2696 -0.9464
vn 0.8889 -0.2669 -0.3722
vn 0.7479 -0.5371 -0.3900
vn -0.5324 -0.2669 0.8033
vn -0.4052 -0.5371 0.7398
vn -0.8238 -0.1482 -0.5472
vn -0.9130 -0.1471 0.3805
vn -0.5473 -0.1469 0.8240
vn 0.0887 -0.1518 0.9844
vn 0.3701 -0.1496 0.9169
vn 0.8239 -0.1471 0.5473
vn 0.9127 -0.1480 -0.3809
vn 0.1904 -0.1483 -0.9704
vn -0.5413 0.2248 -0.8102
vn -0.4979 0.4438 -0.7451
vn -0.3429 0.4440 -0.8278
vn -0.3729 0.2249 -0.9002
vn -0.0800 -0.5430 -0.8359
vn -0.0874 -0.5430 -0.8351
vn -0.0000 -1.0000 -0.0000
vn 0.5960 -0.5406 0.5938
vn 0.8249 -0.5410 -0.1641
vn -0.5938 -0.5406 0.5960
vn 0.1641 -0.5410 0.8249
vn -0.5960 -0.5406 -0.5938
vn -0.8249 -0.5410 0.1641
vn 0.9898 -0.1424 -0.0001
vn 0.9708 -0.1425 -0.1932
vn -0.0000 1.0000 -0.0000
vn -0.1748 0.4440 -0.8788
vn -0.1901 0.2249 -0.9557
vn -0.0038 -0.1400 0.9901
vn -0.1886 -0.1449 0.9713
vn -0.9708 -0.1425 -0.1932
vn -0.9144 -0.1427 -0.3788
vn -0.0000 0.4441 -0.8960
vn -0.0000 0.2250 -0.9744
vn 0.1901 0.2249 -0.9557
vn 0.1748 0.4440 -0.8788
vn 0.9708 -0.1422 0.1931
vn 0.3729 0.2249 -0.9002
vn 0.3429 0.4440 -0.8278
vn -0.3789 -0.1415 0.9146
vn -0.8229 -0.1428 -0.5499
vn 0.5413 0.2248 -0.8102
vn 0.4979 0.4438 -0.7451
vn 0.1931 -0.1432 -0.9707
vn -0.0000 -0.1432 -0.9897
vn 0.6890 0.2247 -0.6890
vn 0.6338 0.4436 -0.6337
vn 0.9145 -0.1420 0.3788
vn 0.8102 0.2246 -0.5414
vn 0.7453 0.4434 -0.4979
vn -0.5500 -0.1416 0.8231
vn -0.6998 -0.1430 -0.6999
vn 0.9003 0.2245 -0.3730
vn 0.8282 0.4432 -0.3430
vn 0.3787 -0.1432 -0.9144
vn 0.9558 0.2243 -0.1902
vn 0.8794 0.4429 -0.1748
vn 0.8231 -0.1419 0.5499
vn 0.9746 0.2242 -0.0000
vn 0.8967 0.4426 0.0001
vn -0.7000 -0.1417 0.6999
vn -0.5498 -0.1431 -0.8229
vn 0.9559 0.2240 0.1901
vn 0.8796 0.4423 0.1751
vn 0.5498 -0.1431 -0.8229
vn 0.9005 0.2239 0.3729
vn 0.8287 0.4420 0.3434
vn 0.7000 -0.1417 0.6999
vn -0.8231 -0.1419 0.5499
vn 0.8104 0.2237 0.5415
vn 0.7459 0.4418 0.4985
vn -0.0000 0.2234 0.9747
vn -0.0000 0.4411 0.8975
vn -0.1751 0.4411 0.8802
vn -0.1902 0.2234 0.9560
vn 0.9808 -0.0000 0.1951
vn 0.9239 -0.0000 0.3827
vn -0.3827 -0.0000 -0.9239
vn -0.5556 -0.0000 -0.8315
vn 0.8315 -0.0000 0.5556
vn -0.1951 -0.0000 -0.9808
vn 0.7071 -0.0000 0.7071
vn -0.0000 -0.0000 -1.0000
vn 0.5556 -0.0000 0.8315
vn 0.5500 -0.1416 0.8231
vn 0.1951 -0.0000 -0.9808
vn 0.3827 -0.0000 0.9239
vn 0.3728 -0.1463 0.9163
vn 0.3827 -0.0000 -0.9239
vn 0.1951 -0.0000 0.9808
vn 0.1965 -0.1420 0.9702
vn 0.5556 -0.0000 -0.8315
vn -0.0000 -0.0000 1.0000
vn 0.7071 -0.0000 -0.7071
vn -0.1951 -0.0000 0.9808
vn 0.8315 -0.0000 -0.5556
vn -0.3827 -0.0000 0.9239
vn 0.9239 -0.0000 -0.3827
vn -0.5556 -0.0000 0.8315
vn 0.9808 -0.0000 -0.1951
vn -0.7071 -0.0000 0.7071
vn 1.0000 -0.0000 -0.0000
vn -0.8315 -0.0000 0.5556
vn -0.9239 -0.0000 0.3827
vn -0.9145 -0.1420 0.3788
vn -0.9808 -0.0000 0.1951
vn -0.9708 -0.1422 0.1931
vn -1.0000 -0.0000 -0.0000
vn -0.9898 -0.1424 -0.0001
vn -0.6890 0.2247 -0.6890
vn -0.6338 0.4436 -0.6337
vn -0.8102 0.2246 -0.5414
vn -0.7453 0.4434 -0.4979
vn 0.9144 -0.1427 -0.3788
vn -0.9003 0.2245 -0.3730
vn -0.8282 0.4432 -0.3430
vn -0.9558 0.2243 -0.1902
vn -0.8794 0.4429 -0.1748
vn -0.9746 0.2242 -0.0000
vn -0.8967 0.4426 0.0001
vn -0.1931 -0.1432 -0.9707
vn 0.8229 -0.1428 -0.5499
vn -0.9559 0.2240 0.1901
vn -0.8796 0.4423 0.1751
vn -0.9005 0.2239 0.3729
vn -0.8287 0.4420 0.3434
vn -0.8104 0.2237 0.5415
vn -0.7459 0.4418 0.4985
vn 0.1902 0.2234 0.9560
vn 0.1751 0.4411 0.8802
vn 0.6998 -0.1430 -0.6999
vn -0.6892 0.2236 0.6892
vn -0.6344 0.4415 0.6345
vn 0.3730 0.2234 0.9005
vn 0.3434 0.4412 0.8291
vn -0.3787 -0.1432 -0.9144
vn -0.5415 0.2235 0.8104
vn -0.4985 0.4414 0.7461
vn 0.5415 0.2235 0.8104
vn 0.4985 0.4414 0.7461
vn -0.3730 0.2234 0.9005
vn -0.3434 0.4412 0.8291
vn 0.6892 0.2236 0.6892
vn 0.6344 0.4415 0.6345
vn -0.7071 -0.0000 -0.7071
vn -0.8315 -0.0000 -0.5556
vn -0.9239 -0.0000 -0.3827
vn -0.9808 -0.0000 -0.1951
vn -0.0025 -1.0000 -0.0005
vn -0.0026 -1.0000 -0.0000
vn 0.0005 -1.0000 0.0025
vn -0.0000 -1.0000 0.0025
vn 0.0024 -1.0000 -0.0010
vn 0.0025 -1.0000 -0.0005
vn -0.0015 -1.0000 -0.0022
vn -0.0014 -1.0000 -0.0022
vn -0.0018 -1.0000 -0.0018
vn -0.0018 -1.0000 0.0018
vn -0.0014 -1.0000 0.0021
vn 0.0024 -1.0000 0.0010
vn 0.0021 -1.0000 0.0014
vn 0.0005 -1.0000 -0.0026
vn 0.0010 -1.0000 -0.0024
vn -0.0025 -1.0000 0.0005
vn 0.0010 -1.0000 0.0023
vn 0.0022 -1.0000 -0.0014
vn -0.0022 -1.0000 -0.0014
vn -0.0010 -1.0000 0.0023
vn 0.0025 -1.0000 0.0005
vn -0.0000 -1.0000 -0.0026
vn -0.0005 -1.0000 -0.0026
vn -0.0024 -1.0000 0.0010
vn 0.0014 -1.0000 0.0021
vn 0.0018 -1.0000 -0.0018
vn -0.0024 -1.0000 -0.0010
vn -0.0005 -1.0000 0.0025
vn 0.0026 -1.0000 -0.0000
vn -0.0010 -1.0000 -0.0024
vn -0.0021 -1.0000 0.0014
vn 0.0018 -1.0000 0.0018
vn 0.0015 -1.0000 -0.0022
vn 0.0014 -1.0000 -0.0022
vt 0.982504 1.000000
vt 0.968750 0.500000
vt 1.000000 0.500000
vt 0.888754 1.000000
vt 0.875000 0.500000
vt 0.906250 0.500000
vt 0.794068 1.000000
vt 0.781250 0.500000
vt 0.812500 0.500000
vt 0.732504 1.000000
vt 0.718750 0.500000
vt 0.750000 0.500000
vt 0.638754 1.000000
vt 0.625000 0.500000
vt 0.656250 0.500000
vt 0.544068 1.000000
vt 0.531250 0.500000
vt 0.562500 0.500000
vt 0.937500 0.500000
vt 0.937500 1.000000
vt 0.388754 1.000000
vt 0.375000 0.500000
vt 0.406250 0.500000
vt 0.294068 1.000000
vt 0.281250 0.500000
vt 0.312500 0.500000
vt 0.232504 1.000000
vt 0.218750 0.500000
vt 0.250000 0.500000
vt 0.137818 1.000000
vt 0.125000 0.500000
vt 0.156250 0.500000
vt 0.075318 1.000000
vt 0.062500 0.500000
vt 0.093750 0.500000
vt 0.437500 1.000000
vt 0.421875 1.000000
vt 0.843750 1.000000
vt 0.828125 1.000000
vt 0.268432 1.000000
vt 0.687500 1.000000
vt 0.671875 1.000000
vt 0.112183 1.000000
vt 0.518432 1.000000
vt 0.482504 1.000000
vt 0.921875 1.000000
vt 0.768433 1.000000
vt 0.343750 1.000000
vt 0.328125 1.000000
vt 0.049683 1.000000
vt 0.031250 1.000000
vt 0.187500 1.000000
vt 0.171875 1.000000
vt 0.593750 1.000000
vt 0.578125 1.000000
vt 0.843750 0.500000
vt 0.687500 0.500000
vt 0.593750 0.500000
vt 0.486089 0.500000
vt 0.437500 0.500000
vt 0.343750 0.500000
vt 0.187500 0.500000
vt 0.031250 0.500000
vt 0.000000 0.500000
vt 0.000000 1.000000
vt 0.616663 0.050447
vt 0.658156 0.028269
vt 0.984375 1.000000
vt 0.487280 0.277617
vt 0.460642 0.362590
vt 0.419706 0.419706
vt 0.362590 0.460642
vt 0.273411 0.487694
vt 0.176622 0.477333
vt 0.095211 0.431948
vt 0.039358 0.362590
vt 0.014612 0.296822
vt 0.012720 0.222383
vt 0.039358 0.137410
vt 0.080294 0.080294
vt 0.137410 0.039358
vt 0.203178 0.014612
vt 0.277617 0.012720
vt 0.362590 0.039358
vt 0.419706 0.080294
vt 0.460642 0.137410
vt 0.485388 0.203178
vt 0.375000 1.000000
vt 0.218750 1.000000
vt 0.625000 1.000000
vt 0.468750 1.000000
vt 0.875000 1.000000
vt 0.718750 1.000000
vt 0.514612 0.203178
vt 0.510000 0.250000
vt 0.514612 0.296822
vt 0.528269 0.341844
vt 0.550447 0.383337
vt 0.580294 0.419706
vt 0.616663 0.449553
vt 0.658156 0.471731
vt 0.703178 0.485388
vt 0.750000 0.490000
vt 0.796822 0.485388
vt 0.841844 0.471731
vt 0.883337 0.449553
vt 0.919706 0.419706
vt 0.949553 0.383337
vt 0.971731 0.341844
vt 0.985388 0.296822
vt 0.990000 0.250000
vt 0.985388 0.203178
vt 0.971731 0.158156
vt 0.949553 0.116663
vt 0.919706 0.080294
vt 0.883337 0.050447
vt 0.841844 0.028269
vt 0.796822 0.014612
vt 0.750000 0.010000
vt 0.703178 0.014612
vt 0.580294 0.080294
vt 0.550447 0.116663
vt 0.528269 0.158156
vt 0.500000 0.500000
vt 0.468750 0.500000
s 1
usemtl スポットライトメイン
f 6387/2979/4380 6386/2980/4381 6385/2981/4382
f 6392/2982/4383 6391/2983/4384 6390/2984/4385
f 6397/2985/4386 6396/2986/4387 6395/2987/4388
f 6400/2988/4389 6399/2989/4390 6398/2990/4391
f 6405/2991/4392 6404/2992/4393 6403/2993/4394
f 6410/2994/4395 6409/2995/4396 6408/2996/4397
f 6388/2997/4398 6386/2980/4381 6387/2979/4380 6389/2998/4399
f 6417/2999/4400 6416/3000/4401 6415/3001/4402
f 6422/3002/4403 6421/3003/4404 6420/3004/4405
f 6425/3005/4406 6424/3006/4407 6423/3007/4408
f 6430/3008/4409 6429/3009/4410 6428/3010/4411
f 6433/3011/4412 6432/3012/4413 6431/3013/4414
f 6414/3014/4415 6447/3015/4416 6417/2999/4400
f 6394/3016/4417 6439/3017/4418 6397/2985/4386
f 6422/3002/4403 6450/3018/4419 6425/3005/4406
f 6402/3019/4420 6442/3020/4421 6405/2991/4392
f 6430/3008/4409 6453/3021/4422 6433/3011/4412
f 6410/2994/4395 6445/3022/4423 6412/3023/4424
f 6389/2998/4399 6437/3024/4425 6392/2982/4383
f 6397/2985/4386 6440/3025/4426 6400/2988/4389
f 6419/3026/4427 6449/3027/4428 6422/3002/4403
f 6433/3011/4412 6454/3028/4429 6435/3029/4430
f 6427/3030/4431 6452/3031/4432 6430/3008/4409
f 6407/3032/4433 6444/3033/4434 6410/2994/4395
f 6390/2984/4385 6388/2997/4398 6389/2998/4399 6392/2982/4383
f 6393/3034/4435 6391/2983/4384 6392/2982/4383 6394/3016/4417
f 6395/2987/4388 6393/3034/4435 6394/3016/4417 6397/2985/4386
f 6398/2990/4391 6396/2986/4387 6397/2985/4386 6400/2988/4389
f 6401/3035/4436 6399/2989/4390 6400/2988/4389 6402/3019/4420
f 6403/2993/4394 6401/3035/4436 6402/3019/4420 6405/2991/4392
f 6406/3036/4437 6404/2992/4393 6405/2991/4392 6407/3032/4433
f 6408/2996/4397 6406/3036/4437 6407/3032/4433 6410/2994/4395
f 6411/3037/4438 6409/2995/4396 6410/2994/4395 6412/3023/4424
f 6413/3038/4439 6411/3037/4438 6412/3023/4424 6414/3014/4415
f 6415/3001/4402 6413/3038/4439 6414/3014/4415 6417/2999/4400
f 6418/3039/4440 6416/3000/4401 6417/2999/4400 6419/3026/4427
f 6420/3004/4405 6418/3039/4440 6419/3026/4427 6422/3002/4403
f 6423/3007/4408 6421/3003/4404 6422/3002/4403 6425/3005/4406
f 6426/3040/4441 6424/3006/4407 6425/3005/4406 6427/3030/4431
f 6428/3010/4411 6426/3040/4441 6427/3030/4431 6430/3008/4409
f 6431/3013/4414 6429/3009/4410 6430/3008/4409 6433/3011/4412
f 6434/3041/4442 6432/3012/4413 6433/3011/4412 6435/3029/4430
f 6385/3042/4382 6434/3041/4442 6435/3029/4430 6387/3043/4380
f 6538/3044/4443 6474/3044/4444 6473/3045/4445 6537/3045/4446
f 6436/3046/4447 6437/3024/4425 6389/2998/4399 6387/2979/4448
f 6440/3047/4449 6439/3048/4449 6438/3049/4449 6437/3050/4449 6436/3051/4449 6454/3052/4449 6453/3053/4449 6452/3054/4449 6451/3055/4449 6450/3056/4449 6449/3057/4449 6448/3058/4449 6447/3059/4449 6446/3060/4449 6445/3061/4449 6444/3062/4449 6443/3063/4449 6442/3064/4449 6441/3065/4449
f 6430/3008/4409 6452/3031/4432 6453/3021/4422
f 6410/2994/4395 6444/3033/4434 6445/3022/4423
f 6448/3066/4450 6449/3027/4428 6419/3026/4427 6417/2999/4400
f 6417/2999/4400 6447/3015/4416 6448/3066/4450
f 6397/2985/4386 6439/3017/4418 6440/3025/4426
f 6425/3005/4406 6450/3018/4419 6451/3067/4451
f 6405/2991/4392 6442/3020/4421 6443/3068/4452
f 6451/3067/4451 6452/3031/4432 6427/3030/4431 6425/3005/4406
f 6433/3011/4412 6453/3021/4422 6454/3028/4429
f 6412/3023/4424 6445/3022/4423 6446/3069/4453
f 6443/3068/4452 6444/3033/4434 6407/3032/4433 6405/2991/4392
f 6392/2982/4383 6437/3024/4425 6438/3070/4454
f 6446/3069/4453 6447/3015/4416 6414/3014/4415 6412/3023/4424
f 6400/2988/4389 6440/3025/4426 6441/3071/4455
f 6438/3070/4454 6439/3017/4418 6394/3016/4417 6392/2982/4383
f 6436/3043/4447 6387/3043/4448 6435/3029/4430 6454/3028/4429
f 6422/3002/4403 6449/3027/4428 6450/3018/4419
f 6441/3071/4455 6442/3020/4421 6402/3019/4420 6400/2988/4389
f 6511/3007/4456 6423/3007/4408 6424/3006/4407 6512/3006/4457
f 6478/3072/4458 6479/3073/4458 6480/3074/4458 6481/3075/4458 6482/3076/4458 6483/3077/4458 6484/3078/4458 6485/3079/4458 6486/3080/4458 6455/3081/4458 6456/3082/4458 6457/3083/4458 6458/3084/4458 6459/3085/4458 6460/3086/4458 6461/3087/4458 6462/3088/4458 6463/3089/4458 6464/3090/4458 6465/3091/4458 6466/3092/4458 6467/3093/4458 6468/3094/4458 6469/3095/4458 6470/3096/4458 6471/3097/4458 6472/3098/4458 6473/3045/4458 6474/3044/4458 6475/3099/4458 6476/3100/4458 6477/3101/4458
f 6537/3045/4446 6473/3045/4445 6472/3098/4459 6536/3098/4460
f 6503/3102/4461 6502/2995/4462 6409/2995/4396 6411/3037/4438
f 6494/2986/4463 6493/2987/4464 6395/2987/4388 6396/2986/4387
f 6536/3098/4460 6472/3098/4459 6471/3097/4465 6535/3097/4466
f 6534/3096/4467 6535/3097/4466 6471/3097/4465 6470/3096/4468
f 6510/3003/4469 6421/3003/4404 6423/3007/4408 6511/3007/4456
f 6533/3095/4470 6534/3096/4467 6470/3096/4468 6469/3095/4471
f 6502/2995/4462 6501/2996/4472 6408/2996/4397 6409/2995/4396
f 6493/2987/4464 6492/3034/4473 6393/3034/4435 6395/2987/4388
f 6532/3094/4474 6533/3095/4470 6469/3095/4471 6468/3094/4475
f 6518/3041/4476 6434/3041/4442 6385/3042/4382 6487/3042/4477
f 6531/3093/4478 6532/3094/4474 6468/3094/4475 6467/3093/4479
f 6509/3004/4480 6420/3004/4405 6421/3003/4404 6510/3003/4469
f 6530/3092/4481 6531/3093/4478 6467/3093/4479 6466/3092/4482
f 6501/2996/4472 6500/3036/4483 6406/3036/4437 6408/2996/4397
f 6492/3034/4473 6491/2983/4484 6391/2983/4384 6393/3034/4435
f 6529/3091/4485 6530/3092/4481 6466/3092/4482 6465/3091/4486
f 6517/3012/4487 6432/3012/4413 6434/3041/4442 6518/3041/4476
f 6528/3090/4488 6529/3091/4485 6465/3091/4486 6464/3090/4489
f 6508/3039/4490 6418/3039/4440 6420/3004/4405 6509/3004/4480
f 6527/3089/4491 6528/3090/4488 6464/3090/4489 6463/3089/4492
f 6500/3036/4483 6499/2992/4493 6404/2992/4393 6406/3036/4437
f 6491/2983/4484 6490/2984/4494 6390/2984/4385 6391/2983/4384
f 6526/3088/4495 6527/3089/4491 6463/3089/4492 6462/3088/4496
f 6516/3013/4497 6431/3013/4414 6432/3012/4413 6517/3012/4487
f 6525/3087/4498 6526/3088/4495 6462/3088/4496 6461/3087/4499
f 6507/3000/4500 6416/3000/4401 6418/3039/4440 6508/3039/4490
f 6499/2992/4493 6498/2993/4501 6403/2993/4394 6404/2992/4393
f 6524/3086/4502 6525/3087/4498 6461/3087/4499 6460/3086/4503
f 6519/3081/4504 6455/3081/4505 6486/3080/4506 6550/3080/4507
f 6573/3003/4508 6572/3004/4509 6509/3004/4480 6510/3003/4469
f 6537/3045/4446 6632/3045/4510 6633/3044/4511 6538/3044/4443
f 6572/3004/4509 6571/3039/4512 6508/3039/4490 6509/3004/4480
f 6536/3098/4460 6631/3098/4513 6632/3045/4510 6537/3045/4446
f 6571/3039/4512 6570/3000/4514 6507/3000/4500 6508/3039/4490
f 6535/3097/4466 6630/3097/4515 6631/3098/4513 6536/3098/4460
f 6570/3000/4514 6569/3001/4516 6506/3001/4517 6507/3000/4500
f 6534/3096/4467 6629/3096/4518 6630/3097/4515 6535/3097/4466
f 6569/3001/4516 6568/3038/4519 6505/3038/4520 6506/3001/4517
f 6533/3095/4470 6628/3095/4521 6629/3096/4518 6534/3096/4467
f 6568/3038/4519 6567/3103/4522 6504/3103/4523 6505/3038/4520
f 6532/3094/4474 6627/3094/4524 6628/3095/4521 6533/3095/4470
f 6567/3103/4522 6566/3102/4525 6503/3102/4461 6504/3103/4523
f 6531/3093/4478 6626/3093/4526 6627/3094/4524 6532/3094/4474
f 6565/2995/4527 6502/2995/4462 6503/3102/4461 6566/3102/4525
f 6530/3092/4481 6625/3092/4528 6626/3093/4526 6531/3093/4478
f 6564/2996/4529 6501/2996/4472 6502/2995/4462 6565/2995/4527
f 6529/3091/4485 6624/3091/4530 6625/3092/4528 6530/3092/4481
f 6563/3036/4531 6500/3036/4483 6501/2996/4472 6564/2996/4529
f 6528/3090/4488 6623/3090/4532 6624/3091/4530 6529/3091/4485
f 6562/2992/4533 6499/2992/4493 6500/3036/4483 6563/3036/4531
f 6527/3089/4491 6622/3089/4534 6623/3090/4532 6528/3090/4488
f 6561/2993/4535 6498/2993/4501 6499/2992/4493 6562/2992/4533
f 6526/3088/4495 6621/3088/4508 6622/3089/4534 6527/3089/4491
f 6560/3035/4536 6497/3035/4537 6498/2993/4501 6561/2993/4535
f 6525/3087/4498 6620/3087/4509 6621/3088/4508 6526/3088/4495
f 6559/2989/4538 6496/2989/4539 6497/3035/4537 6560/3035/4536
f 6524/3086/4502 6619/3086/4512 6620/3087/4509 6525/3087/4498
f 6550/3080/4507 6645/3080/4527 6614/3081/4525 6519/3081/4504
f 6558/2990/4540 6495/2990/4541 6496/2989/4539 6559/2989/4538
f 6539/3099/4542 6475/3099/4543 6474/3044/4444 6538/3044/4443
f 6495/2990/4541 6494/2986/4463 6396/2986/4387 6398/2990/4391
f 6540/3100/4544 6476/3100/4545 6475/3099/4543 6539/3099/4542
f 6512/3006/4457 6424/3006/4407 6426/3040/4441 6513/3040/4546
f 6411/3037/4438 6504/3103/4523 6503/3102/4461
f 6541/3101/4547 6477/3101/4548 6476/3100/4545 6540/3100/4544
f 6542/3072/4549 6478/3072/4550 6477/3101/4548 6541/3101/4547
f 6496/2989/4539 6495/2990/4541 6398/2990/4391 6399/2989/4390
f 6543/3073/4551 6479/3073/4552 6478/3072/4550 6542/3072/4549
f 6504/3103/4523 6411/3037/4438 6413/3038/4439 6505/3038/4520
f 6488/2980/4553 6487/2981/4477 6385/2981/4382 6386/2980/4381
f 6513/3040/4546 6426/3040/4441 6428/3010/4411 6514/3010/4554
f 6544/3074/4555 6480/3074/4556 6479/3073/4552 6543/3073/4551
f 6545/3075/4557 6481/3075/4558 6480/3074/4556 6544/3074/4555
f 6497/3035/4537 6496/2989/4539 6399/2989/4390 6401/3035/4436
f 6546/3076/4559 6482/3076/4560 6481/3075/4558 6545/3075/4557
f 6505/3038/4520 6413/3038/4439 6415/3001/4402 6506/3001/4517
f 6519/3081/4504 6520/3082/4561 6456/3082/4562 6455/3081/4505
f 6514/3010/4554 6428/3010/4411 6429/3009/4410 6515/3009/4563
f 6547/3077/4564 6483/3077/4565 6482/3076/4560 6546/3076/4559
f 6520/3082/4561 6521/3083/4566 6457/3083/4567 6456/3082/4562
f 6489/2997/4568 6488/2980/4553 6386/2980/4381 6388/2997/4398
f 6548/3078/4569 6484/3078/4570 6483/3077/4565 6547/3077/4564
f 6498/2993/4501 6497/3035/4537 6401/3035/4436 6403/2993/4394
f 6521/3083/4566 6522/3084/4571 6458/3084/4572 6457/3083/4567
f 6549/3079/4573 6485/3079/4574 6484/3078/4570 6548/3078/4569
f 6506/3001/4517 6415/3001/4402 6416/3000/4401 6507/3000/4500
f 6522/3084/4571 6523/3085/4575 6459/3085/4576 6458/3084/4572
f 6515/3009/4563 6429/3009/4410 6431/3013/4414 6516/3013/4497
f 6550/3080/4507 6486/3080/4506 6485/3079/4574 6549/3079/4573
f 6523/3085/4575 6524/3086/4502 6460/3086/4503 6459/3085/4576
f 6490/2984/4494 6489/2997/4568 6388/2997/4398 6390/2984/4385
f 6538/3044/4443 6633/3044/4511 6634/3099/4577 6539/3099/4542
f 6582/3007/4534 6573/3003/4508 6510/3003/4469 6511/3007/4456
f 6539/3099/4542 6634/3099/4577 6635/3100/4578 6540/3100/4544
f 6574/3006/4532 6582/3007/4534 6511/3007/4456 6512/3006/4457
f 6540/3100/4544 6635/3100/4578 6636/3101/4579 6541/3101/4547
f 6575/3040/4530 6574/3006/4532 6512/3006/4457 6513/3040/4546
f 6541/3101/4547 6636/3101/4579 6637/3072/4580 6542/3072/4549
f 6576/3010/4528 6575/3040/4530 6513/3040/4546 6514/3010/4554
f 6581/2981/4515 6487/2981/4477 6488/2980/4553 6551/2980/4513
f 6542/3072/4549 6637/3072/4580 6638/3073/4540 6543/3073/4551
f 6577/3009/4526 6576/3010/4528 6514/3010/4554 6515/3009/4563
f 6551/2980/4513 6488/2980/4553 6489/2997/4568 6552/2997/4510
f 6543/3073/4551 6638/3073/4540 6639/3074/4538 6544/3074/4555
f 6578/3013/4524 6577/3009/4526 6515/3009/4563 6516/3013/4497
f 6552/2997/4510 6489/2997/4568 6490/2984/4494 6553/2984/4511
f 6544/3074/4555 6639/3074/4538 6640/3075/4536 6545/3075/4557
f 6579/3012/4521 6578/3013/4524 6516/3013/4497 6517/3012/4487
f 6553/2984/4511 6490/2984/4494 6491/2983/4484 6554/2983/4577
f 6545/3075/4557 6640/3075/4536 6641/3076/4535 6546/3076/4559
f 6580/3041/4518 6579/3012/4521 6517/3012/4487 6518/3041/4476
f 6554/2983/4577 6491/2983/4484 6492/3034/4473 6555/3034/4578
f 6546/3076/4559 6641/3076/4535 6642/3077/4533 6547/3077/4564
f 6581/3042/4515 6580/3041/4518 6518/3041/4476 6487/3042/4477
f 6555/3034/4578 6492/3034/4473 6493/2987/4464 6556/2987/4579
f 6547/3077/4564 6642/3077/4533 6643/3078/4531 6548/3078/4569
f 6521/3083/4566 6616/3083/4519 6617/3084/4516 6522/3084/4571
f 6556/2987/4579 6493/2987/4464 6494/2986/4463 6557/2986/4580
f 6548/3078/4569 6643/3078/4531 6644/3079/4529 6549/3079/4573
f 6522/3084/4571 6617/3084/4516 6618/3085/4514 6523/3085/4575
f 6557/2986/4580 6494/2986/4463 6495/2990/4541 6558/2990/4540
f 6549/3079/4573 6644/3079/4529 6645/3080/4527 6550/3080/4507
f 6523/3085/4575 6618/3085/4514 6619/3086/4512 6524/3086/4502
f 6582/3007/4534 6574/3006/4532 6606/3006/4532 6613/3007/4534
f 6559/2989/4538 6560/3035/4536 6592/3035/4536 6591/2989/4538
f 6558/2990/4540 6559/2989/4538 6591/2989/4538 6590/2990/4540
f 6557/2986/4580 6558/2990/4540 6590/2990/4540 6589/2986/4580
f 6573/3003/4508 6582/3007/4534 6613/3007/4534 6605/3003/4508
f 6556/2987/4579 6557/2986/4580 6589/2986/4580 6588/2987/4579
f 6581/2981/4515 6551/2980/4513 6583/2980/4513 6646/2981/4515
f 6555/3034/4578 6556/2987/4579 6588/2987/4579 6587/3034/4578
f 6580/3041/4518 6581/3042/4515 6646/3042/4515 6612/3041/4518
f 6554/2983/4577 6555/3034/4578 6587/3034/4578 6586/2983/4577
f 6553/2984/4511 6554/2983/4577 6586/2983/4577 6585/2984/4511
f 6552/2997/4510 6553/2984/4511 6585/2984/4511 6584/2997/4510
f 6579/3012/4521 6580/3041/4518 6612/3041/4518 6611/3012/4521
f 6551/2980/4513 6552/2997/4510 6584/2997/4510 6583/2980/4513
f 6578/3013/4524 6579/3012/4521 6611/3012/4521 6610/3013/4524
f 6577/3009/4526 6578/3013/4524 6610/3013/4524 6609/3009/4526
f 6576/3010/4528 6577/3009/4526 6609/3009/4526 6608/3010/4528
f 6575/3040/4530 6576/3010/4528 6608/3010/4528 6607/3040/4530
f 6574/3006/4532 6575/3040/4530 6607/3040/4530 6606/3006/4532
f 6520/3082/4561 6615/3082/4522 6616/3083/4519 6521/3083/4566
f 6621/2986/4581 6589/2986/4581 6590/2990/4582 6622/2990/4582
f 6631/3103/4583 6630/3102/4584 6598/3102/4584 6599/3103/4583
f 6640/3040/4585 6639/3006/4586 6606/3006/4586 6607/3040/4585
f 6617/2984/4587 6585/2984/4588 6586/2983/4589 6618/2983/4589
f 6626/2992/4590 6594/2992/4590 6595/3036/4591 6627/3036/4591
f 6636/3004/4592 6635/3039/4593 6603/3039/4593 6604/3004/4592
f 6645/3041/4594 6644/3012/4595 6611/3012/4595 6612/3041/4594
f 6622/2990/4582 6590/2990/4582 6591/2989/4596 6623/2989/4596
f 6632/3038/4597 6631/3103/4583 6599/3103/4583 6600/3038/4597
f 6641/3010/4598 6640/3040/4585 6607/3040/4585 6608/3010/4598
f 6618/2983/4589 6586/2983/4589 6587/3034/4599 6619/3034/4599
f 6627/3036/4591 6595/3036/4591 6596/2996/4600 6628/2996/4600
f 6637/3003/4601 6636/3004/4592 6604/3004/4592 6605/3003/4601
f 6614/2981/4602 6646/2981/4602 6583/2980/4603 6615/2980/4603
f 6614/3042/4602 6645/3041/4594 6612/3041/4594 6646/3042/4602
f 6623/2989/4596 6591/2989/4596 6592/3035/4604 6624/3035/4604
f 6633/3001/4605 6632/3038/4597 6600/3038/4597 6601/3001/4605
f 6642/3009/4606 6641/3010/4598 6608/3010/4598 6609/3009/4606
f 6619/3034/4599 6587/3034/4599 6588/2987/4607 6620/2987/4607
f 6628/2996/4600 6596/2996/4600 6597/2995/4608 6629/2995/4608
f 6638/3007/4609 6637/3003/4601 6605/3003/4601 6613/3007/4609
f 6615/2980/4603 6583/2980/4603 6584/2997/4610 6616/2997/4610
f 6624/3035/4604 6592/3035/4604 6593/2993/4611 6625/2993/4611
f 6634/3000/4612 6633/3001/4605 6601/3001/4605 6602/3000/4612
f 6643/3013/4613 6642/3009/4606 6609/3009/4606 6610/3013/4614
f 6620/2987/4607 6588/2987/4607 6589/2986/4581 6621/2986/4581
f 6629/2995/4608 6597/2995/4608 6598/3102/4584 6630/3102/4584
f 6639/3006/4586 6638/3007/4609 6613/3007/4609 6606/3006/4586
f 6616/2997/4610 6584/2997/4610 6585/2984/4588 6617/2984/4587
f 6625/2993/4611 6593/2993/4611 6594/2992/4590 6626/2992/4590
f 6635/3039/4593 6634/3000/4612 6602/3000/4612 6603/3039/4593
f 6644/3012/4595 6643/3013/4613 6610/3013/4614 6611/3012/4595
f 6560/3035/4536 6561/2993/4535 6593/2993/4535 6592/3035/4536
f 6561/2993/4535 6562/2992/4533 6594/2992/4533 6593/2993/4535
f 6562/2992/4533 6563/3036/4531 6595/3036/4531 6594/2992/4533
f 6563/3036/4531 6564/2996/4529 6596/2996/4529 6595/3036/4531
f 6564/2996/4529 6565/2995/4527 6597/2995/4527 6596/2996/4529
f 6565/2995/4527 6566/3102/4525 6598/3102/4525 6597/2995/4527
f 6566/3102/4525 6567/3103/4522 6599/3103/4522 6598/3102/4525
f 6567/3103/4522 6568/3038/4519 6600/3038/4519 6599/3103/4522
f 6568/3038/4519 6569/3001/4516 6601/3001/4516 6600/3038/4519
f 6569/3001/4516 6570/3000/4514 6602/3000/4514 6601/3001/4516
f 6570/3000/4514 6571/3039/4512 6603/3039/4512 6602/3000/4514
f 6571/3039/4512 6572/3004/4509 6604/3004/4509 6603/3039/4512
f 6572/3004/4509 6573/3003/4508 6605/3003/4508 6604/3004/4509
f 6519/3081/4504 6614/3081/4525 6615/3082/4522 6520/3082/4561
